0,0,0,0,0,0,0,0
0,0,0,0,0,0,0,0
0,0,0,0,0,0,0,0
0,0,0,0,0,0,0,0
0,0,0,0,0,0,0,0
0,0,0,0,0,0,0,0
0,0,0,0,0,0,0,0
0,0,0,0,0,0,0,0
0,0,0,0,0,0,0,0
0,0,0,0,0,0,0,0
0,0,0,0,0,0,0,0
0,0,0,0,0,0,0,0
0,0,0,0,0,0,0,0
0,0,0,0,0,0,0,0
0,0,0,0,0,0,0,0
-2.07E-26,-2.07E-26,0,0,0.005206588,0.005206588,0.005206588,0.005206588
-4.76E-26,-4.76E-26,0,0,0.005870151,0.005870151,0.005870151,0.005870151
-8.40E-26,-8.40E-26,0,0,0.006569757,0.006569757,0.006569757,0.006569757
-1.22E-25,-1.22E-25,0,0,0.007304786,0.007304786,0.007304786,0.007304786
-1.43E-25,-1.43E-25,0,0,0.008074622,0.008074622,0.008074622,0.008074622
-7.71E-26,-7.71E-26,0,0,0.008878653,0.008878653,0.008878653,0.008878653
2.35E-26,2.35E-26,0,0,0.00971627,0.00971627,0.00971627,0.00971627
1.71E-25,1.71E-25,0,0,0.010586867,0.010586867,0.010586867,0.010586867
2.13E-25,2.13E-25,0,0,0.011489843,0.011489843,0.011489843,0.011489843
2.82E-25,2.82E-25,0,0,0.012424598,0.012424598,0.012424598,0.012424598
2.92E-25,2.92E-25,0,0,0.013390539,0.013390539,0.013390539,0.013390539
2.23E-25,2.23E-25,0,0,0.014387074,0.014387074,0.014387074,0.014387074
1.93E-25,1.93E-25,0,0,0.015413614,0.015413614,0.015413614,0.015413614
1.13E-25,1.13E-25,0,0,0.016469576,0.016469576,0.016469576,0.016469576
6.90E-26,6.90E-26,0,0,0.017554377,0.017554377,0.017554377,0.017554377
-5.31E-27,-5.31E-27,0,0,0.01866744,0.01866744,0.01866744,0.01866744
-2.65E-27,-2.65E-27,0,0,0.019808192,0.019808192,0.019808192,0.019808192
-2.35E-26,-2.35E-26,0,0,0.020976062,0.020976062,0.020976062,0.020976062
-9.01E-26,-9.01E-26,0,0,0.022170482,0.022170482,0.022170482,0.022170482
-1.42E-25,-1.42E-25,0,0,0.023390889,0.023390889,0.023390889,0.023390889
-2.33E-25,-2.33E-25,0,0,0.024636722,0.024636722,0.024636722,0.024636722
-3.01E-25,-3.01E-25,0,0,0.025907426,0.025907426,0.025907426,0.025907426
-2.86E-25,-2.86E-25,0,0,0.027202445,0.027202445,0.027202445,0.027202445
-2.45E-25,-2.45E-25,0,0,0.028521232,0.028521232,0.028521232,0.028521232
-2.29E-25,-2.29E-25,0,0,0.02986324,0.02986324,0.02986324,0.02986324
-1.96E-25,-1.96E-25,0,0,0.031227925,0.031227925,0.031227925,0.031227925
-1.47E-25,-1.47E-25,0,0,0.032614748,0.032614748,0.032614748,0.032614748
-1.35E-25,-1.35E-25,0,0,0.034023174,0.034023174,0.034023174,0.034023174
-1.13E-25,-1.13E-25,0,0,0.03545267,0.03545267,0.03545267,0.03545267
-7.10E-26,-7.10E-26,0,0,0.036902706,0.036902706,0.036902706,0.036902706
-2.60E-26,-2.60E-26,0,0,0.038372759,0.038372759,0.038372759,0.038372759
-2.41E-27,-2.41E-27,0,0,0.039862305,0.039862305,0.039862305,0.039862305
1.78E-26,1.78E-26,0,0,0.041370826,0.041370826,0.041370826,0.041370826
1.95E-26,1.95E-26,0,0,0.042897808,0.042897808,0.042897808,0.042897808
1.63E-26,1.63E-26,0,0,0.044442738,0.044442738,0.044442738,0.044442738
1.26E-26,1.26E-26,0,0,0.046005108,0.046005108,0.046005108,0.046005108
2.79E-27,2.79E-27,0,0,0.047584414,0.047584414,0.047584414,0.047584414
-1.07E-26,-1.07E-26,0,0,0.049180155,0.049180155,0.049180155,0.049180155
-3.27E-26,-3.27E-26,0,0,0.050791834,0.050791834,0.050791834,0.050791834
-2.85E-26,-2.85E-26,0,0,0.052418955,0.052418955,0.052418955,0.052418955
4.15E-26,4.15E-26,0,0,0.054061029,0.054061029,0.054061029,0.054061029
1.43E-25,1.43E-25,0,0,0.055717568,0.055717568,0.055717568,0.055717568
2.02E-25,2.02E-25,0,0,0.057388088,0.057388088,0.057388088,0.057388088
2.15E-25,2.15E-25,0,0,0.059072108,0.059072108,0.059072108,0.059072108
1.77E-25,1.77E-25,0,0,0.060769154,0.060769154,0.060769154,0.060769154
1.05E-25,1.05E-25,0,0,0.062478749,0.062478749,0.062478749,0.062478749
-7.52E-27,-7.52E-27,0,0,0.064200426,0.064200426,0.064200426,0.064200426
-1.04E-25,-1.04E-25,0,0,0.065933717,0.065933717,0.065933717,0.065933717
-1.59E-25,-1.59E-25,0,0,0.06767816,0.06767816,0.06767816,0.06767816
-1.49E-25,-1.49E-25,0,0,0.069433296,0.069433296,0.069433296,0.069433296
-7.45E-26,-7.45E-26,0,0,0.071198667,0.071198667,0.071198667,0.071198667
-3.05E-26,-3.05E-26,0,0,0.072973822,0.072973822,0.072973822,0.072973822
-1.96E-26,-1.96E-26,0,0,0.074758312,0.074758312,0.074758312,0.074758312
-1.62E-26,-1.62E-26,0,0,0.076551691,0.076551691,0.076551691,0.076551691
-5.21E-26,-5.21E-26,0,0,0.078353518,0.078353518,0.078353518,0.078353518
-6.78E-26,-6.78E-26,0,0,0.080163352,0.080163352,0.080163352,0.080163352
1.91E-26,1.91E-26,0,0,0.081980761,0.081980761,0.081980761,0.081980761
8.70E-27,8.70E-27,0,0,0.083805311,0.083805311,0.083805311,0.083805311
-9.46E-26,-9.46E-26,0,0,0.085636574,0.085636574,0.085636574,0.085636574
-1.29E-25,-1.29E-25,0,0,0.087474127,0.087474127,0.087474127,0.087474127
-1.07E-25,-1.07E-25,0,0,0.089317547,0.089317547,0.089317547,0.089317547
-5.37E-26,-5.37E-26,0,0,0.091166417,0.091166417,0.091166417,0.091166417
2.32E-26,2.32E-26,0,0,0.093020322,0.093020322,0.093020322,0.093020322
2.02E-26,2.02E-26,0,0,0.094878853,0.094878853,0.094878853,0.094878853
1.02E-25,1.02E-25,0,0,0.096741597,0.096741597,0.096741597,0.096741597
1.46E-25,1.46E-25,0,0,0.098608154,0.098608154,0.098608154,0.098608154
1.80E-25,1.80E-25,0,0,0.10047813,0.10047813,0.10047813,0.10047813
1.70E-25,1.70E-25,0,0,0.102351122,0.102351122,0.102351122,0.102351122
7.21E-26,7.21E-26,0,0,0.104226737,0.104226737,0.104226737,0.104226737
-6.99E-26,-6.99E-26,0,0,0.106104584,0.106104584,0.106104584,0.106104584
-1.32E-25,-1.32E-25,0,0,0.107984278,0.107984278,0.107984278,0.107984278
-1.11E-25,-1.11E-25,0,0,0.109865436,0.109865436,0.109865436,0.109865436
-1.36E-25,-1.36E-25,0,0,0.111747678,0.111747678,0.111747678,0.111747678
-4.06E-26,-4.06E-26,0,0,0.113630627,0.113630627,0.113630627,0.113630627
2.33E-26,2.33E-26,0,0,0.115513912,0.115513912,0.115513912,0.115513912
1.03E-25,1.03E-25,0,0,0.117397162,0.117397162,0.117397162,0.117397162
1.44E-25,1.44E-25,0,0,0.119280014,0.119280014,0.119280014,0.119280014
1.99E-25,1.99E-25,0,0,0.121162103,0.121162103,0.121162103,0.121162103
2.16E-25,2.16E-25,0,0,0.123043072,0.123043072,0.123043072,0.123043072
1.36E-25,1.36E-25,0,0,0.124922566,0.124922566,0.124922566,0.124922566
6.34E-26,6.34E-26,0,0,0.126800232,0.126800232,0.126800232,0.126800232
4.30E-26,4.30E-26,0,0,0.128675723,0.128675723,0.128675723,0.128675723
1.01E-25,1.01E-25,0,0,0.130548694,0.130548694,0.130548694,0.130548694
5.72E-26,5.72E-26,0,0,0.132418801,0.132418801,0.132418801,0.132418801
1.19E-26,1.19E-26,0,0,0.134285709,0.134285709,0.134285709,0.134285709
8.66E-27,8.66E-27,0,0,0.136149084,0.136149084,0.136149084,0.136149084
2.08E-26,2.08E-26,0,0,0.138008593,0.138008593,0.138008593,0.138008593
-2.37E-28,-2.37E-28,0,0,0.13986391,0.13986391,0.13986391,0.13986391
1.83E-26,1.83E-26,0,0,0.14171471,0.14171471,0.14171471,0.14171471
-4.22E-26,-4.22E-26,0,0,0.143560674,0.143560674,0.143560674,0.143560674
-1.16E-25,-1.16E-25,0,0,0.145401483,0.145401483,0.145401483,0.145401483
-9.89E-26,-9.89E-26,0,0,0.147236826,0.147236826,0.147236826,0.147236826
-5.72E-26,-5.72E-26,0,0,0.14906639,0.14906639,0.14906639,0.14906639
-1.80E-26,-1.80E-26,0,0,0.150889871,0.150889871,0.150889871,0.150889871
2.62E-26,2.62E-26,0,0,0.152706964,0.152706964,0.152706964,0.152706964
5.79E-26,5.79E-26,0,0,0.154517371,0.154517371,0.154517371,0.154517371
2.42E-27,2.42E-27,0,0,0.156320795,0.156320795,0.156320795,0.156320795
-5.28E-26,-5.28E-26,0,0,0.158116942,0.158116942,0.158116942,0.158116942
-5.44E-26,-5.44E-26,0,0,0.159905525,0.159905525,0.159905525,0.159905525
-1.14E-25,-1.14E-25,0,0,0.161686257,0.161686257,0.161686257,0.161686257
-1.33E-25,-1.33E-25,0,0,0.163458856,0.163458856,0.163458856,0.163458856
-8.42E-26,-8.42E-26,0,0,0.165223043,0.165223043,0.165223043,0.165223043
-1.01E-25,-1.01E-25,0,0,0.166978545,0.166978545,0.166978545,0.166978545
-1.29E-25,-1.29E-25,0,0,0.168725087,0.168725087,0.168725087,0.168725087
-1.36E-25,-1.36E-25,0,0,0.170462401,0.170462401,0.170462401,0.170462401
-9.62E-26,-9.62E-26,0,0,0.172190221,0.172190221,0.172190221,0.172190221
-5.11E-26,-5.11E-26,0,0,0.173908288,0.173908288,0.173908288,0.173908288
-5.68E-27,-5.68E-27,0,0,0.175616344,0.175616344,0.175616344,0.175616344
-1.40E-26,-1.40E-26,0,0,0.177314132,0.177314132,0.177314132,0.177314132
-6.78E-28,-6.78E-28,0,0,0.179001404,0.179001404,0.179001404,0.179001404
4.59E-26,4.59E-26,0,0,0.18067791,0.18067791,0.18067791,0.18067791
7.44E-26,7.44E-26,0,0,0.182343408,0.182343408,0.182343408,0.182343408
1.10E-25,1.10E-25,0,0,0.183997656,0.183997656,0.183997656,0.183997656
1.62E-25,1.62E-25,0,0,0.185640417,0.185640417,0.185640417,0.185640417
2.40E-25,2.40E-25,0,0,0.187271458,0.187271458,0.187271458,0.187271458
1.40E-25,1.40E-25,0,0,0.188890479,0.188890479,0.188890479,0.188890479
-2.23E-25,-2.23E-25,0,0,0.190497332,0.190497332,0.190497332,0.190497332
1.42E-25,1.42E-25,0,0,0.19209186,0.19209186,0.19209186,0.19209186
5.45E-25,5.45E-25,0,0,0.193673766,0.193673766,0.193673766,0.193673766
6.07E-25,6.07E-25,0,0,0.195242835,0.195242835,0.195242835,0.195242835
5.01E-25,5.01E-25,0,0,0.196798853,0.196798853,0.196798853,0.196798853
4.03E-25,4.03E-25,0,0,0.198341612,0.198341612,0.198341612,0.198341612
7.10E-25,7.10E-25,0,0,0.199870905,0.199870905,0.199870905,0.199870905
9.18E-25,9.18E-25,0,0,0.20138653,0.20138653,0.20138653,0.20138653
9.56E-25,9.56E-25,0,0,0.202888288,0.202888288,0.202888288,0.202888288
9.52E-25,9.52E-25,0,0,0.204375983,0.204375983,0.204375983,0.204375983
6.13E-25,6.13E-25,0,0,0.205849425,0.205849425,0.205849425,0.205849425
8.96E-25,8.96E-25,0,0,0.207308423,0.207308423,0.207308423,0.207308423
1.32E-24,1.32E-24,0,0,0.208752795,0.208752795,0.208752795,0.208752795
1.04E-24,1.04E-24,0,0,0.210182356,0.210182356,0.210182356,0.210182356
9.20E-25,9.20E-25,0,0,0.211596931,0.211596931,0.211596931,0.211596931
8.32E-25,8.32E-25,0,0,0.212996344,0.212996344,0.212996344,0.212996344
5.98E-25,5.98E-25,0,0,0.214380424,0.214380424,0.214380424,0.214380424
8.54E-25,8.54E-25,0,0,0.215749003,0.215749003,0.215749003,0.215749003
1.72E-24,1.72E-24,0,0,0.217101918,0.217101918,0.217101918,0.217101918
1.87E-24,1.87E-24,0,0,0.218439007,0.218439007,0.218439007,0.218439007
1.88E-24,1.88E-24,0,0,0.219760114,0.219760114,0.219760114,0.219760114
1.39E-24,1.39E-24,0,0,0.221065085,0.221065085,0.221065085,0.221065085
2.41E-25,2.41E-25,0,0,0.222353769,0.222353769,0.222353769,0.222353769
-5.93E-25,-5.93E-25,0,0,0.22362602,0.22362602,0.22362602,0.22362602
-1.13E-24,-1.13E-24,0,0,0.224881694,0.224881694,0.224881694,0.224881694
-1.43E-24,-1.43E-24,0,0,0.226120651,0.226120651,0.226120651,0.226120651
-1.99E-24,-1.99E-24,0,0,0.227342756,0.227342756,0.227342756,0.227342756
-1.43E-24,-1.43E-24,0,0,0.228547874,0.228547874,0.228547874,0.228547874
-1.01E-24,-1.01E-24,0,0,0.229735878,0.229735878,0.229735878,0.229735878
-1.03E-24,-1.03E-24,0,0,0.23090664,0.23090664,0.23090664,0.23090664
-2.47E-25,-2.47E-25,0,0,0.232060038,0.232060038,0.232060038,0.232060038
1.86E-25,1.86E-25,0,0,0.233195954,0.233195954,0.233195954,0.233195954
8.85E-25,8.85E-25,0,0,0.234314271,0.234314271,0.234314271,0.234314271
1.46E-24,1.46E-24,0,0,0.235414776,0.235414776,0.235414776,0.235414776
3.06E-24,3.06E-24,0,0,0.236497485,0.236497485,0.236497485,0.236497485
4.05E-24,4.05E-24,0,0,0.23756239,0.23756239,0.23756239,0.23756239
4.31E-24,4.31E-24,0,0,0.238609258,0.238609258,0.238609258,0.238609258
1.17E-24,1.17E-24,0,0,0.239637995,0.239637995,0.239637995,0.239637995
-1.03E-24,-1.03E-24,0,0,0.240648511,0.240648511,0.240648511,0.240648511
-1.47E-24,-1.47E-24,0,0,0.241640714,0.241640714,0.241640714,0.241640714
-7.29E-25,-7.29E-25,0,0,0.242614518,0.242614518,0.242614518,0.242614518
-1.79E-25,-1.79E-25,0,0,0.243569834,0.243569834,0.243569834,0.243569834
-3.51E-25,-3.51E-25,0,0,0.244506582,0.244506582,0.244506582,0.244506582
-7.60E-25,-7.60E-25,0,0,0.245424687,0.245424687,0.245424687,0.245424687
-4.82E-25,-4.82E-25,0,0,0.246324073,0.246324073,0.246324073,0.246324073
2.31E-25,2.31E-25,0,0,0.247204672,0.247204672,0.247204672,0.247204672
-1.20E-25,-1.20E-25,0,0,0.24806642,0.24806642,0.24806642,0.24806642
1.06E-25,1.06E-25,0,0,0.248909255,0.248909255,0.248909255,0.248909255
-4.96E-25,-4.96E-25,0,0,0.249733115,0.249733115,0.249733115,0.249733115
-1.93E-24,-1.93E-24,0,0,0.250537944,0.250537944,0.250537944,0.250537944
-1.24E-24,-1.24E-24,0,0,0.251323689,0.251323689,0.251323689,0.251323689
-1.20E-24,-1.20E-24,0,0,0.252090301,0.252090301,0.252090301,0.252090301
-9.89E-25,-9.89E-25,0,0,0.252837732,0.252837732,0.252837732,0.252837732
-7.19E-25,-7.19E-25,0,0,0.253565973,0.253565973,0.253565973,0.253565973
-1.10E-24,-1.10E-24,0,0,0.25427495,0.25427495,0.25427495,0.25427495
-8.23E-25,-8.23E-25,0,0,0.254964597,0.254964597,0.254964597,0.254964597
-9.73E-25,-9.73E-25,0,0,0.255634913,0.255634913,0.255634913,0.255634913
-2.54E-25,-2.54E-25,0,0,0.256285871,0.256285871,0.256285871,0.256285871
-4.97E-25,-4.97E-25,0,0,0.256917446,0.256917446,0.256917446,0.256917446
-1.32E-25,-1.32E-25,0,0,0.257529614,0.257529614,0.257529614,0.257529614
1.12E-25,1.12E-25,0,0,0.258122359,0.258122359,0.258122359,0.258122359
5.48E-25,5.48E-25,0,0,0.258695665,0.258695665,0.258695665,0.258695665
1.74E-24,1.74E-24,0,0,0.25924952,0.25924952,0.25924952,0.25924952
1.45E-24,1.45E-24,0,0,0.259783918,0.259783918,0.259783918,0.259783918
6.96E-25,6.96E-25,0,0,0.260298853,0.260298853,0.260298853,0.260298853
1.07E-24,1.07E-24,0,0,0.260794325,0.260794325,0.260794325,0.260794325
9.68E-25,9.68E-25,0,0,0.261270336,0.261270336,0.261270336,0.261270336
5.45E-26,5.45E-26,0,0,0.261726892,0.261726892,0.261726892,0.261726892
1.88E-25,1.88E-25,0,0,0.262164003,0.262164003,0.262164003,0.262164003
4.01E-25,4.01E-25,0,0,0.26258168,0.26258168,0.26258168,0.26258168
-4.52E-25,-4.52E-25,0,0,0.262979942,0.262979942,0.262979942,0.262979942
-4.36E-25,-4.36E-25,0,0,0.263358808,0.263358808,0.263358808,0.263358808
-1.45E-24,-1.45E-24,0,0,0.263718301,0.263718301,0.263718301,0.263718301
-2.33E-24,-2.33E-24,0,0,0.264058447,0.264058447,0.264058447,0.264058447
-2.13E-24,-2.13E-24,0,0,0.264379278,0.264379278,0.264379278,0.264379278
-1.57E-24,-1.57E-24,0,0,0.264680827,0.264680827,0.264680827,0.264680827
-8.04E-25,-8.04E-25,0,0,0.264963131,0.264963131,0.264963131,0.264963131
-3.58E-26,-3.58E-26,0,0,0.265226232,0.265226232,0.265226232,0.265226232
-1.50E-25,-1.50E-25,0,0,0.265470172,0.265470172,0.265470172,0.265470172
-2.72E-25,-2.72E-25,0,0,0.265694999,0.265694999,0.265694999,0.265694999
-4.83E-25,-4.83E-25,0,0,0.265900766,0.265900766,0.265900766,0.265900766
-5.65E-25,-5.65E-25,0,0,0.266087526,0.266087526,0.266087526,0.266087526
-5.79E-25,-5.79E-25,0,0,0.266255338,0.266255338,0.266255338,0.266255338
-5.03E-25,-5.03E-25,0,0,0.266404263,0.266404263,0.266404263,0.266404263
-4.17E-25,-4.17E-25,0,0,0.266534367,0.266534367,0.266534367,0.266534367
-3.68E-25,-3.68E-25,0,0,0.266645717,0.266645717,0.266645717,0.266645717
-3.73E-25,-3.73E-25,0,0,0.266738387,0.266738387,0.266738387,0.266738387
-3.67E-25,-3.67E-25,0,0,0.26681245,0.26681245,0.26681245,0.26681245
-4.00E-25,-4.00E-25,0,0,0.266867987,0.266867987,0.266867987,0.266867987
-4.41E-25,-4.41E-25,0,0,0.26690508,0.26690508,0.26690508,0.26690508
-3.50E-25,-3.50E-25,0,0,0.266923814,0.266923814,0.266923814,0.266923814
-2.91E-25,-2.91E-25,0,0,0.266924279,0.266924279,0.266924279,0.266924279
-2.69E-25,-2.69E-25,0,0,0.266906568,0.266906568,0.266906568,0.266906568
-1.70E-25,-1.70E-25,0,0,0.266870777,0.266870777,0.266870777,0.266870777
-1.26E-25,-1.26E-25,0,0,0.266817004,0.266817004,0.266817004,0.266817004
-1.90E-25,-1.90E-25,0,0,0.266745355,0.266745355,0.266745355,0.266745355
-3.27E-25,-3.27E-25,0,0,0.266655936,0.266655936,0.266655936,0.266655936
-3.83E-25,-3.83E-25,0,0,0.266548858,0.266548858,0.266548858,0.266548858
-2.43E-25,-2.43E-25,0,0,0.266424234,0.266424234,0.266424234,0.266424234
-1.43E-25,-1.43E-25,0,0,0.26628218,0.26628218,0.26628218,0.26628218
-1.89E-25,-1.89E-25,0,0,0.266122817,0.266122817,0.266122817,0.266122817
-3.14E-25,-3.14E-25,0,0,0.26594627,0.26594627,0.26594627,0.26594627
-2.99E-25,-2.99E-25,0,0,0.265752667,0.265752667,0.265752667,0.265752667
-3.07E-25,-3.07E-25,0,0,0.265542137,0.265542137,0.265542137,0.265542137
-2.59E-25,-2.59E-25,0,0,0.265314816,0.265314816,0.265314816,0.265314816
-2.53E-25,-2.53E-25,0,0,0.265070841,0.265070841,0.265070841,0.265070841
-3.59E-25,-3.59E-25,0,0,0.264810355,0.264810355,0.264810355,0.264810355
-1.92E-25,-1.92E-25,0,0,0.264533501,0.264533501,0.264533501,0.264533501
-6.52E-26,-6.52E-26,0,0,0.264240429,0.264240429,0.264240429,0.264240429
-5.79E-25,-5.79E-25,0,0,0.263931291,0.263931291,0.263931291,0.263931291
-1.86E-24,-1.86E-24,0,0,0.26360624,0.26360624,0.26360624,0.26360624
-1.60E-24,-1.60E-24,0,0,0.263265438,0.263265438,0.263265438,0.263265438
1.27E-23,1.27E-23,0,0,0.262909045,0.262909045,0.262909045,0.262909045
1.40E-23,1.40E-23,0,0,0.262537227,0.262537227,0.262537227,0.262537227
2.65E-24,2.65E-24,0,0,0.262150155,0.262150155,0.262150155,0.262150155
-1.74E-24,-1.74E-24,0,0,0.261748,0.261748,0.261748,0.261748
-4.10E-24,-4.10E-24,0,0,0.261330938,0.261330938,0.261330938,0.261330938
-3.03E-23,-3.03E-23,0,0,0.26089915,0.26089915,0.26089915,0.26089915
-3.51E-23,-3.51E-23,0,0,0.260452818,0.260452818,0.260452818,0.260452818
-1.83E-23,-1.83E-23,0,0,0.25999213,0.25999213,0.25999213,0.25999213
-1.21E-23,-1.21E-23,0,0,0.259517275,0.259517275,0.259517275,0.259517275
-2.22E-23,-2.22E-23,0,0,0.259028444,0.259028444,0.259028444,0.259028444
-2.23E-23,-2.23E-23,0,0,0.258525832,0.258525832,0.258525832,0.258525832
-6.14E-24,-6.14E-24,0,0,0.258009632,0.258009632,0.258009632,0.258009632
-8.01E-25,-8.01E-25,0,0,0.257480037,0.257480037,0.257480037,0.257480037
3.30E-24,3.30E-24,0,0,0.256937239,0.256937239,0.256937239,0.256937239
4.98E-24,4.98E-24,0,0,0.256381429,0.256381429,0.256381429,0.256381429
5.89E-24,5.89E-24,0,0,0.255812798,0.255812798,0.255812798,0.255812798
6.20E-24,6.20E-24,0,0,0.255231535,0.255231535,0.255231535,0.255231535
6.96E-24,6.96E-24,0,0,0.25463783,0.25463783,0.25463783,0.25463783
6.72E-24,6.72E-24,0,0,0.25403187,0.25403187,0.25403187,0.25403187
7.79E-24,7.79E-24,0,0,0.253413843,0.253413843,0.253413843,0.253413843
7.75E-24,7.75E-24,0,0,0.252783936,0.252783936,0.252783936,0.252783936
9.47E-24,9.47E-24,0,0,0.252142334,0.252142334,0.252142334,0.252142334
8.67E-24,8.67E-24,0,0,0.251489222,0.251489222,0.251489222,0.251489222
8.05E-24,8.05E-24,0,0,0.250824785,0.250824785,0.250824785,0.250824785
6.45E-24,6.45E-24,0,0,0.250149205,0.250149205,0.250149205,0.250149205
7.00E-24,7.00E-24,0,0,0.249462666,0.249462666,0.249462666,0.249462666
8.07E-24,8.07E-24,0,0,0.24876535,0.24876535,0.24876535,0.24876535
6.96E-24,6.96E-24,0,0,0.248057437,0.248057437,0.248057437,0.248057437
5.90E-24,5.90E-24,0,0,0.247339108,0.247339108,0.247339108,0.247339108
3.63E-24,3.63E-24,0,0,0.246610542,0.246610542,0.246610542,0.246610542
1.52E-24,1.52E-24,0,0,0.245871918,0.245871918,0.245871918,0.245871918
9.08E-25,9.08E-25,0,0,0.245123414,0.245123414,0.245123414,0.245123414
5.52E-25,5.52E-25,0,0,0.244365206,0.244365206,0.244365206,0.244365206
-7.40E-25,-7.40E-25,0,0,0.243597472,0.243597472,0.243597472,0.243597472
-9.39E-25,-9.39E-25,0,0,0.242820387,0.242820387,0.242820387,0.242820387
-1.53E-24,-1.53E-24,0,0,0.242034126,0.242034126,0.242034126,0.242034126
-1.76E-24,-1.76E-24,0,0,0.241238862,0.241238862,0.241238862,0.241238862
-5.59E-25,-5.59E-25,0,0,0.240434769,0.240434769,0.240434769,0.240434769
-7.46E-25,-7.46E-25,0,0,0.23962202,0.23962202,0.23962202,0.23962202
-1.81E-24,-1.81E-24,0,0,0.238800785,0.238800785,0.238800785,0.238800785
-2.40E-24,-2.40E-24,0,0,0.237971236,0.237971236,0.237971236,0.237971236
-1.78E-24,-1.78E-24,0,0,0.237133542,0.237133542,0.237133542,0.237133542
-2.01E-24,-2.01E-24,0,0,0.236287874,0.236287874,0.236287874,0.236287874
-7.16E-25,-7.16E-25,0,0,0.2354344,0.2354344,0.2354344,0.2354344
-6.12E-25,-6.12E-25,0,0,0.234573288,0.234573288,0.234573288,0.234573288
1.50E-24,1.50E-24,0,0,0.233704702,0.233704702,0.233704702,0.233704702
1.84E-24,1.84E-24,0,0,0.23282881,0.23282881,0.23282881,0.23282881
2.76E-24,2.76E-24,0,0,0.231945777,0.231945777,0.231945777,0.231945777
1.97E-24,1.97E-24,0,0,0.231055768,0.231055768,0.231055768,0.231055768
2.35E-24,2.35E-24,0,0,0.230158947,0.230158947,0.230158947,0.230158947
2.03E-24,2.03E-24,0,0,0.229255477,0.229255477,0.229255477,0.229255477
2.13E-24,2.13E-24,0,0,0.22834552,0.22834552,0.22834552,0.22834552
1.84E-24,1.84E-24,0,0,0.227429237,0.227429237,0.227429237,0.227429237
1.63E-24,1.63E-24,0,0,0.226506788,0.226506788,0.226506788,0.226506788
1.86E-24,1.86E-24,0,0,0.225578335,0.225578335,0.225578335,0.225578335
1.80E-24,1.80E-24,0,0,0.224644035,0.224644035,0.224644035,0.224644035
1.78E-24,1.78E-24,0,0,0.223704047,0.223704047,0.223704047,0.223704047
1.58E-24,1.58E-24,0,0,0.222758528,0.222758528,0.222758528,0.222758528
1.37E-24,1.37E-24,0,0,0.221807635,0.221807635,0.221807635,0.221807635
1.65E-24,1.65E-24,0,0,0.220851525,0.220851525,0.220851525,0.220851525
1.93E-24,1.93E-24,0,0,0.219890351,0.219890351,0.219890351,0.219890351
2.07E-24,2.07E-24,0,0,0.218924268,0.218924268,0.218924268,0.218924268
1.80E-24,1.80E-24,0,0,0.217953431,0.217953431,0.217953431,0.217953431
9.02E-25,9.02E-25,0,0,0.21697799,0.21697799,0.21697799,0.21697799
6.34E-25,6.34E-25,0,0,0.2159981,0.2159981,0.2159981,0.2159981
9.94E-25,9.94E-25,0,0,0.21501391,0.21501391,0.21501391,0.21501391
8.64E-25,8.64E-25,0,0,0.21402557,0.21402557,0.21402557,0.21402557
1.10E-25,1.10E-25,0,0,0.213033232,0.213033232,0.213033232,0.213033232
-3.42E-25,-3.42E-25,0,0,0.212037043,0.212037043,0.212037043,0.212037043
-7.30E-25,-7.30E-25,0,0,0.211037151,0.211037151,0.211037151,0.211037151
-1.29E-25,-1.29E-25,0,0,0.210033703,0.210033703,0.210033703,0.210033703
6.61E-25,6.61E-25,0,0,0.209026847,0.209026847,0.209026847,0.209026847
3.69E-25,3.69E-25,0,0,0.208016728,0.208016728,0.208016728,0.208016728
7.41E-25,7.41E-25,0,0,0.20700349,0.20700349,0.20700349,0.20700349
9.32E-25,9.32E-25,0,0,0.205987277,0.205987277,0.205987277,0.205987277
7.81E-25,7.81E-25,0,0,0.204968233,0.204968233,0.204968233,0.204968233
4.70E-25,4.70E-25,0,0,0.203946501,0.203946501,0.203946501,0.203946501
1.05E-24,1.05E-24,0,0,0.202922222,0.202922222,0.202922222,0.202922222
1.14E-24,1.14E-24,0,0,0.201895537,0.201895537,0.201895537,0.201895537
2.49E-25,2.49E-25,0,0,0.200866586,0.200866586,0.200866586,0.200866586
-5.79E-25,-5.79E-25,0,0,0.199835508,0.199835508,0.199835508,0.199835508
-7.30E-25,-7.30E-25,0,0,0.198802442,0.198802442,0.198802442,0.198802442
-7.16E-26,-7.16E-26,0,0,0.197767526,0.197767526,0.197767526,0.197767526
5.38E-25,5.38E-25,0,0,0.196730897,0.196730897,0.196730897,0.196730897
3.73E-25,3.73E-25,0,0,0.195692691,0.195692691,0.195692691,0.195692691
9.81E-25,9.81E-25,0,0,0.194653044,0.194653044,0.194653044,0.194653044
1.55E-24,1.55E-24,0,0,0.193612089,0.193612089,0.193612089,0.193612089
1.45E-24,1.45E-24,0,0,0.192569962,0.192569962,0.192569962,0.192569962
1.35E-24,1.35E-24,0,0,0.191526794,0.191526794,0.191526794,0.191526794
1.27E-24,1.27E-24,0,0,0.190482718,0.190482718,0.190482718,0.190482718
3.47E-25,3.47E-25,0,0,0.189437866,0.189437866,0.189437866,0.189437866
-2.58E-26,-2.58E-26,0,0,0.188392369,0.188392369,0.188392369,0.188392369
-4.83E-25,-4.83E-25,0,0,0.187346355,0.187346355,0.187346355,0.187346355
-1.44E-24,-1.44E-24,0,0,0.186299955,0.186299955,0.186299955,0.186299955
-1.28E-24,-1.28E-24,0,0,0.185253297,0.185253297,0.185253297,0.185253297
-6.39E-25,-6.39E-25,0,0,0.184206508,0.184206508,0.184206508,0.184206508
6.87E-25,6.87E-25,0,0,0.183159715,0.183159715,0.183159715,0.183159715
9.15E-25,9.15E-25,0,0,0.182113044,0.182113044,0.182113044,0.182113044
8.26E-25,8.26E-25,0,0,0.18106662,0.18106662,0.18106662,0.18106662
6.90E-25,6.90E-25,0,0,0.180020567,0.180020567,0.180020567,0.180020567
9.83E-25,9.83E-25,0,0,0.17897501,0.17897501,0.17897501,0.17897501
8.79E-25,8.79E-25,0,0,0.177930071,0.177930071,0.177930071,0.177930071
7.86E-25,7.86E-25,0,0,0.176885872,0.176885872,0.176885872,0.176885872
9.14E-25,9.14E-25,0,0,0.175842534,0.175842534,0.175842534,0.175842534
1.51E-24,1.51E-24,0,0,0.174800177,0.174800177,0.174800177,0.174800177
2.05E-24,2.05E-24,0,0,0.173758922,0.173758922,0.173758922,0.173758922
1.61E-24,1.61E-24,0,0,0.172718888,0.172718888,0.172718888,0.172718888
1.56E-24,1.56E-24,0,0,0.171680191,0.171680191,0.171680191,0.171680191
1.64E-24,1.64E-24,0,0,0.170642951,0.170642951,0.170642951,0.170642951
5.72E-25,5.72E-25,0,0,0.169607281,0.169607281,0.169607281,0.169607281
-8.47E-25,-8.47E-25,0,0,0.168573299,0.168573299,0.168573299,0.168573299
-4.74E-24,-4.74E-24,0,0,0.167541121,0.167541121,0.167541121,0.167541121
-6.44E-24,-6.44E-24,0,0,0.166510861,0.166510861,0.166510861,0.166510861
2.09E-25,2.09E-25,0,0,0.165482631,0.165482631,0.165482631,0.165482631
5.03E-24,5.03E-24,0,0,0.164456544,0.164456544,0.164456544,0.164456544
7.73E-24,7.73E-24,0,0,0.163432711,0.163432711,0.163432711,0.163432711
5.95E-24,5.95E-24,0,0,0.162411245,0.162411245,0.162411245,0.162411245
8.14E-24,8.14E-24,0,0,0.161392255,0.161392255,0.161392255,0.161392255
1.52E-23,1.52E-23,0,0,0.16037585,0.16037585,0.16037585,0.16037585
1.79E-23,1.79E-23,0,0,0.159362139,0.159362139,0.159362139,0.159362139
1.54E-23,1.54E-23,0,0,0.15835123,0.15835123,0.15835123,0.15835123
1.34E-23,1.34E-23,0,0,0.157343232,0.157343232,0.157343232,0.157343232
9.37E-24,9.37E-24,0,0,0.156338249,0.156338249,0.156338249,0.156338249
2.44E-24,2.44E-24,0,0,0.155336632,0.155336632,0.155336632,0.155336632
-1.32E-25,-1.32E-25,0,0,0.154338203,0.154338203,0.154338203,0.154338203
-1.10E-23,-1.10E-23,0,0,0.15334284,0.15334284,0.15334284,0.15334284
-1.85E-23,-1.85E-23,0,0,0.15235094,0.15235094,0.15235094,0.15235094
-2.41E-23,-2.41E-23,0,0,0.151362368,0.151362368,0.151362368,0.151362368
-2.17E-23,-2.17E-23,0,0,0.15037744,0.15037744,0.15037744,0.15037744
-1.31E-23,-1.31E-23,0,0,0.149396477,0.149396477,0.149396477,0.149396477
-7.20E-24,-7.20E-24,0,0,0.148419351,0.148419351,0.148419351,0.148419351
-1.65E-24,-1.65E-24,0,0,0.14744616,0.14744616,0.14744616,0.14744616
-8.41E-23,-8.41E-23,0,0,0.146477004,0.146477004,0.146477004,0.146477004
-1.47E-24,-1.47E-24,0,0,0.145511982,0.145511982,0.145511982,0.145511982
6.24E-23,6.24E-23,0,0,0.144551189,0.144551189,0.144551189,0.144551189
4.49E-23,4.49E-23,0,0,0.143594723,0.143594723,0.143594723,0.143594723
4.71E-23,4.71E-23,0,0,0.142642678,0.142642678,0.142642678,0.142642678
1.75E-23,1.75E-23,0,0,0.141695144,0.141695144,0.141695144,0.141695144
1.53E-23,1.53E-23,0,0,0.140752221,0.140752221,0.140752221,0.140752221
-2.31E-24,-2.31E-24,0,0,0.139814,0.139814,0.139814,0.139814
1.95E-24,1.95E-24,0,0,0.138880573,0.138880573,0.138880573,0.138880573
-5.14E-24,-5.14E-24,0,0,0.137952033,0.137952033,0.137952033,0.137952033
-5.75E-25,-5.75E-25,0,0,0.137028468,0.137028468,0.137028468,0.137028468
-4.60E-24,-4.60E-24,0,0,0.136109969,0.136109969,0.136109969,0.136109969
-4.20E-25,-4.20E-25,0,0,0.135196624,0.135196624,0.135196624,0.135196624
-3.16E-24,-3.16E-24,0,0,0.134288522,0.134288522,0.134288522,0.134288522
-2.63E-24,-2.63E-24,0,0,0.13338575,0.13338575,0.13338575,0.13338575
-6.65E-24,-6.65E-24,0,0,0.132488395,0.132488395,0.132488395,0.132488395
-5.23E-24,-5.23E-24,0,0,0.131596543,0.131596543,0.131596543,0.131596543
-5.60E-24,-5.60E-24,0,0,0.130710278,0.130710278,0.130710278,0.130710278
-3.26E-24,-3.26E-24,0,0,0.129829685,0.129829685,0.129829685,0.129829685
-4.03E-24,-4.03E-24,0,0,0.128954848,0.128954848,0.128954848,0.128954848
-1.89E-24,-1.89E-24,0,0,0.128085849,0.128085849,0.128085849,0.128085849
-7.12E-25,-7.12E-25,0,0,0.127222771,0.127222771,0.127222771,0.127222771
-8.08E-26,-8.08E-26,0,0,0.126365691,0.126365691,0.126365691,0.126365691
-1.41E-24,-1.41E-24,0,0,0.125514694,0.125514694,0.125514694,0.125514694
-1.46E-24,-1.46E-24,0,0,0.124669858,0.124669858,0.124669858,0.124669858
1.55E-23,1.55E-23,0,0,0.123831262,0.123831262,0.123831262,0.123831262
2.17E-23,2.17E-23,0,0,0.122998983,0.122998983,0.122998983,0.122998983
1.74E-23,1.74E-23,0,0,0.1221731,0.1221731,0.1221731,0.1221731
1.17E-23,1.17E-23,0,0,0.121353688,0.121353688,0.121353688,0.121353688
2.27E-24,2.27E-24,0,0,0.120540823,0.120540823,0.120540823,0.120540823
-1.22E-24,-1.22E-24,0,0,0.119734579,0.119734579,0.119734579,0.119734579
-5.83E-24,-5.83E-24,0,0,0.118935031,0.118935031,0.118935031,0.118935031
-7.04E-24,-7.04E-24,0,0,0.118142252,0.118142252,0.118142252,0.118142252
-8.02E-24,-8.02E-24,0,0,0.117356314,0.117356314,0.117356314,0.117356314
-7.57E-24,-7.57E-24,0,0,0.11657729,0.11657729,0.11657729,0.11657729
-7.35E-24,-7.35E-24,0,0,0.115805249,0.115805249,0.115805249,0.115805249
-5.29E-24,-5.29E-24,0,0,0.115040262,0.115040262,0.115040262,0.115040262
-1.48E-24,-1.48E-24,0,0,0.114282398,0.114282398,0.114282398,0.114282398
-9.50E-25,-9.50E-25,0,0,0.113531727,0.113531727,0.113531727,0.113531727
-1.81E-24,-1.81E-24,0,0,0.112788315,0.112788315,0.112788315,0.112788315
-7.43E-24,-7.43E-24,0,0,0.112052229,0.112052229,0.112052229,0.112052229
-8.86E-24,-8.86E-24,0,0,0.111323537,0.111323537,0.111323537,0.111323537
-5.44E-24,-5.44E-24,0,0,0.110602302,0.110602302,0.110602302,0.110602302
-4.70E-24,-4.70E-24,0,0,0.10988859,0.10988859,0.10988859,0.10988859
-7.92E-24,-7.92E-24,0,0,0.109182464,0.109182464,0.109182464,0.109182464
-1.19E-23,-1.19E-23,0,0,0.108483988,0.108483988,0.108483988,0.108483988
-1.12E-23,-1.12E-23,0,0,0.107793223,0.107793223,0.107793223,0.107793223
-1.18E-23,-1.18E-23,0,0,0.107110232,0.107110232,0.107110232,0.107110232
-1.94E-23,-1.94E-23,0,0,0.106435074,0.106435074,0.106435074,0.106435074
-2.70E-23,-2.70E-23,0,0,0.10576781,0.10576781,0.10576781,0.10576781
-2.85E-23,-2.85E-23,0,0,0.105108498,0.105108498,0.105108498,0.105108498
-2.63E-23,-2.63E-23,0,0,0.104457197,0.104457197,0.104457197,0.104457197
-2.46E-23,-2.46E-23,0,0,0.103813965,0.103813965,0.103813965,0.103813965
-2.52E-23,-2.52E-23,0,0,0.103178857,0.103178857,0.103178857,0.103178857
-2.62E-23,-2.62E-23,0,0,0.102551931,0.102551931,0.102551931,0.102551931
-1.72E-23,-1.72E-23,0,0,0.101933241,0.101933241,0.101933241,0.101933241
-1.41E-23,-1.41E-23,0,0,0.101322842,0.101322842,0.101322842,0.101322842
-2.03E-23,-2.03E-23,0,0,0.100720788,0.100720788,0.100720788,0.100720788
-2.36E-23,-2.36E-23,0,0,0.10012713,0.10012713,0.10012713,0.10012713
-2.20E-23,-2.20E-23,0,0,0.09954192,0.09954192,0.09954192,0.09954192
-1.99E-23,-1.99E-23,0,0,0.098965211,0.098965211,0.098965211,0.098965211
-1.40E-23,-1.40E-23,0,0,0.098397053,0.098397053,0.098397053,0.098397053
-4.86E-24,-4.86E-24,0,0,0.097837479,0.097837479,0.097837479,0.097837479
-2.14E-23,-2.14E-23,0,0,0.09728656,0.09728656,0.09728656,0.09728656
-3.38E-23,-3.38E-23,0,0,0.096744357,0.096744357,0.096744357,0.096744357
-5.04E-23,-5.04E-23,0,0,0.096210896,0.096210896,0.096210896,0.096210896
-6.40E-23,-6.40E-23,0,0,0.095686223,0.095686223,0.095686223,0.095686223
-7.22E-23,-7.22E-23,0,0,0.095170383,0.095170383,0.095170383,0.095170383
-5.85E-23,-5.85E-23,0,0,0.094663424,0.094663424,0.094663424,0.094663424
-3.82E-23,-3.82E-23,0,0,0.09416539,0.09416539,0.09416539,0.09416539
-2.36E-23,-2.36E-23,0,0,0.093676325,0.093676325,0.093676325,0.093676325
-1.10E-23,-1.10E-23,0,0,0.093196271,0.093196271,0.093196271,0.093196271
9.62E-25,9.62E-25,0,0,0.09272527,0.09272527,0.09272527,0.09272527
1.19E-23,1.19E-23,0,0,0.092263364,0.092263364,0.092263364,0.092263364
1.99E-23,1.99E-23,0,0,0.091810591,0.091810591,0.091810591,0.091810591
2.51E-23,2.51E-23,0,0,0.091366993,0.091366993,0.091366993,0.091366993
2.67E-23,2.67E-23,0,0,0.090932606,0.090932606,0.090932606,0.090932606
2.62E-23,2.62E-23,0,0,0.09050747,0.09050747,0.09050747,0.09050747
2.46E-23,2.46E-23,0,0,0.09009162,0.09009162,0.09009162,0.09009162
2.15E-23,2.15E-23,0,0,0.089685094,0.089685094,0.089685094,0.089685094
1.50E-23,1.50E-23,0,0,0.089287927,0.089287927,0.089287927,0.089287927
1.07E-23,1.07E-23,0,0,0.088900153,0.088900153,0.088900153,0.088900153
1.07E-23,1.07E-23,0,0,0.088521502,0.088521502,0.088521502,0.088521502
6.51E-25,6.51E-25,0,0,0.08815238,0.08815238,0.08815238,0.08815238
2.55E-23,2.55E-23,0,0,0.087793114,0.087793114,0.087793114,0.087793114
4.41E-23,4.41E-23,0,0,0.087443515,0.087443515,0.087443515,0.087443515
5.04E-23,5.04E-23,0,0,0.087103411,0.087103411,0.087103411,0.087103411
5.43E-23,5.43E-23,0,0,0.086772675,0.086772675,0.086772675,0.086772675
4.76E-23,4.76E-23,0,0,0.086451555,0.086451555,0.086451555,0.086451555
3.78E-21,3.78E-21,0,0,0.086140083,0.086140083,0.086140083,0.086140083
7.90E-21,7.90E-21,0,0,0.08583828,0.08583828,0.08583828,0.08583828
1.06E-20,1.06E-20,0,0,0.085546174,0.085546174,0.085546174,0.085546174
1.05E-20,1.05E-20,0,0,0.085263789,0.085263789,0.085263789,0.085263789
5.62E-21,5.62E-21,0,0,0.084991151,0.084991151,0.084991151,0.084991151
1.21E-21,1.21E-21,0,0,0.084728287,0.084728287,0.084728287,0.084728287
-1.14E-21,-1.14E-21,0,0,0.084475219,0.084475219,0.084475219,0.084475219
-4.97E-21,-4.97E-21,0,0,0.084231971,0.084231971,0.084231971,0.084231971
-5.63E-21,-5.63E-21,0,0,0.083998563,0.083998563,0.083998563,0.083998563
-7.57E-21,-7.57E-21,0,0,0.083775018,0.083775018,0.083775018,0.083775018
-9.81E-21,-9.81E-21,0,0,0.083561355,0.083561355,0.083561355,0.083561355
-9.38E-21,-9.38E-21,0,0,0.083357595,0.083357595,0.083357595,0.083357595
-8.02E-21,-8.02E-21,0,0,0.083163765,0.083163765,0.083163765,0.083163765
-7.88E-21,-7.88E-21,0,0,0.082979874,0.082979874,0.082979874,0.082979874
-6.73E-21,-6.73E-21,0,0,0.082805935,0.082805935,0.082805935,0.082805935
-5.00E-21,-5.00E-21,0,0,0.08264197,0.08264197,0.08264197,0.08264197
-5.54E-21,-5.54E-21,0,0,0.082487994,0.082487994,0.082487994,0.082487994
-7.38E-21,-7.38E-21,0,0,0.082344023,0.082344023,0.082344023,0.082344023
-1.09E-20,-1.09E-20,0,0,0.082210071,0.082210071,0.082210071,0.082210071
-1.28E-20,-1.28E-20,0,0,0.082086151,0.082086151,0.082086151,0.082086151
-1.22E-20,-1.22E-20,0,0,0.081972276,0.081972276,0.081972276,0.081972276
-1.27E-20,-1.27E-20,0,0,0.081868457,0.081868457,0.081868457,0.081868457
-1.23E-20,-1.23E-20,0,0,0.081774707,0.081774707,0.081774707,0.081774707
-1.26E-20,-1.26E-20,0,0,0.081691034,0.081691034,0.081691034,0.081691034
-1.19E-20,-1.19E-20,0,0,0.081617449,0.081617449,0.081617449,0.081617449
-1.18E-20,-1.18E-20,0,0,0.08155396,0.08155396,0.08155396,0.08155396
-1.10E-20,-1.10E-20,0,0,0.081500576,0.081500576,0.081500576,0.081500576
-9.29E-21,-9.29E-21,0,0,0.081457303,0.081457303,0.081457303,0.081457303
-4.28E-21,-4.28E-21,0,0,0.081424147,0.081424147,0.081424147,0.081424147
-9.86E-21,-9.86E-21,0,0,0.081401114,0.081401114,0.081401114,0.081401114
-1.36E-20,-1.36E-20,0,0,0.08138821,0.08138821,0.08138821,0.08138821
-1.56E-20,-1.56E-20,0,0,0.081385437,0.081385437,0.081385437,0.081385437
-1.84E-20,-1.84E-20,0,0,0.0813928,0.0813928,0.0813928,0.0813928
-1.35E-20,-1.35E-20,0,0,0.0814103,0.0814103,0.0814103,0.0814103
-8.47E-21,-8.47E-21,0,0,0.081437939,0.081437939,0.081437939,0.081437939
-3.76E-21,-3.76E-21,0,0,0.081475718,0.081475718,0.081475718,0.081475718
-8.51E-22,-8.51E-22,0,0,0.081523637,0.081523637,0.081523637,0.081523637
1.46E-21,1.46E-21,0,0,0.081581695,0.081581695,0.081581695,0.081581695
3.27E-21,3.27E-21,0,0,0.081649891,0.081649891,0.081649891,0.081649891
5.04E-21,5.04E-21,0,0,0.081728222,0.081728222,0.081728222,0.081728222
6.30E-21,6.30E-21,0,0,0.081816686,0.081816686,0.081816686,0.081816686
7.51E-21,7.51E-21,0,0,0.081915278,0.081915278,0.081915278,0.081915278
8.25E-21,8.25E-21,0,0,0.082023994,0.082023994,0.082023994,0.082023994
8.95E-21,8.95E-21,0,0,0.082142828,0.082142828,0.082142828,0.082142828
9.24E-21,9.24E-21,0,0,0.082271774,0.082271774,0.082271774,0.082271774
9.53E-21,9.53E-21,0,0,0.082410826,0.082410826,0.082410826,0.082410826
9.48E-21,9.48E-21,0,0,0.082559974,0.082559974,0.082559974,0.082559974
9.48E-21,9.48E-21,0,0,0.082719209,0.082719209,0.082719209,0.082719209
7.68E-21,7.68E-21,0,0,0.082888522,0.082888522,0.082888522,0.082888522
6.45E-21,6.45E-21,0,0,0.083067906,0.083067906,0.083067906,0.083067906
5.43E-21,5.43E-21,0,0,0.083257349,0.083257349,0.083257349,0.083257349
4.85E-21,4.85E-21,0,0,0.083456838,0.083456838,0.083456838,0.083456838
4.35E-21,4.35E-21,0,0,0.08366636,0.08366636,0.08366636,0.08366636
4.17E-21,4.17E-21,0,0,0.083885903,0.083885903,0.083885903,0.083885903
3.97E-21,3.97E-21,0,0,0.084115453,0.084115453,0.084115453,0.084115453
4.19E-21,4.19E-21,0,0,0.084354994,0.084354994,0.084354994,0.084354994
1.87E-21,1.87E-21,0,0,0.08460451,0.08460451,0.08460451,0.08460451
1.63E-21,1.63E-21,0,0,0.084863985,0.084863985,0.084863985,0.084863985
1.32E-21,1.32E-21,0,0,0.085133402,0.085133402,0.085133402,0.085133402
4.98E-21,4.98E-21,0,0,0.085412742,0.085412742,0.085412742,0.085412742
5.49E-21,5.49E-21,0,0,0.085701988,0.085701988,0.085701988,0.085701988
6.29E-21,6.29E-21,0,0,0.086001118,0.086001118,0.086001118,0.086001118
5.97E-21,5.97E-21,0,0,0.086310114,0.086310114,0.086310114,0.086310114
5.13E-21,5.13E-21,0,0,0.086628953,0.086628953,0.086628953,0.086628953
7.57E-21,7.57E-21,0,0,0.086957614,0.086957614,0.086957614,0.086957614
8.65E-21,8.65E-21,0,0,0.087296074,0.087296074,0.087296074,0.087296074
1.01E-20,1.01E-20,0,0,0.08764431,0.08764431,0.08764431,0.08764431
8.55E-21,8.55E-21,0,0,0.088002296,0.088002296,0.088002296,0.088002296
8.40E-21,8.40E-21,0,0,0.088370008,0.088370008,0.088370008,0.088370008
6.29E-21,6.29E-21,0,0,0.08874742,0.08874742,0.08874742,0.08874742
2.38E-21,2.38E-21,0,0,0.089134505,0.089134505,0.089134505,0.089134505
3.37E-21,3.37E-21,0,0,0.089531236,0.089531236,0.089531236,0.089531236
4.09E-21,4.09E-21,0,0,0.089937584,0.089937584,0.089937584,0.089937584
3.41E-21,3.41E-21,0,0,0.09035352,0.09035352,0.09035352,0.09035352
3.06E-21,3.06E-21,0,0,0.090779015,0.090779015,0.090779015,0.090779015
2.80E-21,2.80E-21,0,0,0.091214039,0.091214039,0.091214039,0.091214039
2.21E-21,2.21E-21,0,0,0.091658558,0.091658558,0.091658558,0.091658558
1.89E-21,1.89E-21,0,0,0.092112541,0.092112541,0.092112541,0.092112541
1.44E-21,1.44E-21,0,0,0.092575956,0.092575956,0.092575956,0.092575956
1.27E-21,1.27E-21,0,0,0.093048768,0.093048768,0.093048768,0.093048768
1.01E-21,1.01E-21,0,0,0.093530942,0.093530942,0.093530942,0.093530942
9.60E-22,9.60E-22,0,0,0.094022444,0.094022444,0.094022444,0.094022444
8.22E-22,8.22E-22,0,0,0.094523237,0.094523237,0.094523237,0.094523237
8.25E-22,8.25E-22,0,0,0.095033285,0.095033285,0.095033285,0.095033285
7.40E-22,7.40E-22,0,0,0.095552549,0.095552549,0.095552549,0.095552549
7.52E-22,7.52E-22,0,0,0.096080991,0.096080991,0.096080991,0.096080991
6.86E-22,6.86E-22,0,0,0.096618571,0.096618571,0.096618571,0.096618571
6.90E-22,6.90E-22,0,0,0.097165251,0.097165251,0.097165251,0.097165251
6.24E-22,6.24E-22,0,0,0.097720988,0.097720988,0.097720988,0.097720988
6.22E-22,6.22E-22,0,0,0.098285741,0.098285741,0.098285741,0.098285741
5.76E-22,5.76E-22,0,0,0.098859467,0.098859467,0.098859467,0.098859467
6.08E-22,6.08E-22,0,0,0.099442125,0.099442125,0.099442125,0.099442125
5.81E-22,5.81E-22,0,0,0.100033668,0.100033668,0.100033668,0.100033668
5.56E-22,5.56E-22,0,0,0.100634053,0.100634053,0.100634053,0.100634053
4.60E-22,4.60E-22,0,0,0.101243234,0.101243234,0.101243234,0.101243234
4.63E-22,4.63E-22,0,0,0.101861164,0.101861164,0.101861164,0.101861164
4.89E-22,4.89E-22,0,0,0.102487797,0.102487797,0.102487797,0.102487797
4.29E-22,4.29E-22,0,0,0.103123084,0.103123084,0.103123084,0.103123084
3.67E-22,3.67E-22,0,0,0.103766976,0.103766976,0.103766976,0.103766976
3.36E-22,3.36E-22,0,0,0.104419425,0.104419425,0.104419425,0.104419425
3.02E-22,3.02E-22,0,0,0.10508038,0.10508038,0.10508038,0.10508038
2.88E-22,2.88E-22,0,0,0.105749789,0.105749789,0.105749789,0.105749789
2.67E-22,2.67E-22,0,0,0.106427602,0.106427602,0.106427602,0.106427602
2.57E-22,2.57E-22,0,0,0.107113764,0.107113764,0.107113764,0.107113764
2.40E-22,2.40E-22,0,0,0.107808223,0.107808223,0.107808223,0.107808223
2.31E-22,2.31E-22,0,0,0.108510924,0.108510924,0.108510924,0.108510924
2.16E-22,2.16E-22,0,0,0.109221812,0.109221812,0.109221812,0.109221812
2.06E-22,2.06E-22,0,0,0.109940832,0.109940832,0.109940832,0.109940832
1.92E-22,1.92E-22,0,0,0.110667927,0.110667927,0.110667927,0.110667927
1.83E-22,1.83E-22,0,0,0.111403039,0.111403039,0.111403039,0.111403039
1.70E-22,1.70E-22,0,0,0.112146111,0.112146111,0.112146111,0.112146111
1.61E-22,1.61E-22,0,0,0.112897083,0.112897083,0.112897083,0.112897083
1.51E-22,1.51E-22,0,0,0.113655895,0.113655895,0.113655895,0.113655895
1.42E-22,1.42E-22,0,0,0.114422487,0.114422487,0.114422487,0.114422487
1.32E-22,1.32E-22,0,0,0.115196798,0.115196798,0.115196798,0.115196798
1.24E-22,1.24E-22,0,0,0.115978765,0.115978765,0.115978765,0.115978765
1.16E-22,1.16E-22,0,0,0.116768326,0.116768326,0.116768326,0.116768326
1.09E-22,1.09E-22,0,0,0.117565416,0.117565416,0.117565416,0.117565416
1.02E-22,1.02E-22,0,0,0.118369972,0.118369972,0.118369972,0.118369972
9.53E-23,9.53E-23,0,0,0.119181928,0.119181928,0.119181928,0.119181928
8.84E-23,8.84E-23,0,0,0.120001218,0.120001218,0.120001218,0.120001218
8.27E-23,8.27E-23,0,0,0.120827775,0.120827775,0.120827775,0.120827775
7.68E-23,7.68E-23,0,0,0.121661531,0.121661531,0.121661531,0.121661531
7.20E-23,7.20E-23,0,0,0.122502419,0.122502419,0.122502419,0.122502419
6.69E-23,6.69E-23,0,0,0.123350368,0.123350368,0.123350368,0.123350368
6.24E-23,6.24E-23,0,0,0.12420531,0.12420531,0.12420531,0.12420531
5.76E-23,5.76E-23,0,0,0.125067172,0.125067172,0.125067172,0.125067172
5.32E-23,5.32E-23,0,0,0.125935884,0.125935884,0.125935884,0.125935884
4.89E-23,4.89E-23,0,0,0.126811373,0.126811373,0.126811373,0.126811373
4.51E-23,4.51E-23,0,0,0.127693566,0.127693566,0.127693566,0.127693566
4.14E-23,4.14E-23,0,0,0.128582389,0.128582389,0.128582389,0.128582389
3.80E-23,3.80E-23,0,0,0.129477767,0.129477767,0.129477767,0.129477767
3.47E-23,3.47E-23,0,0,0.130379626,0.130379626,0.130379626,0.130379626
3.17E-23,3.17E-23,0,0,0.131287887,0.131287887,0.131287887,0.131287887
2.89E-23,2.89E-23,0,0,0.132202475,0.132202475,0.132202475,0.132202475
2.61E-23,2.61E-23,0,0,0.133123312,0.133123312,0.133123312,0.133123312
2.34E-23,2.34E-23,0,0,0.134050319,0.134050319,0.134050319,0.134050319
2.09E-23,2.09E-23,0,0,0.134983416,0.134983416,0.134983416,0.134983416
1.84E-23,1.84E-23,0,0,0.135922523,0.135922523,0.135922523,0.135922523
1.63E-23,1.63E-23,0,0,0.136867559,0.136867559,0.136867559,0.136867559
1.42E-23,1.42E-23,0,0,0.137818443,0.137818443,0.137818443,0.137818443
1.22E-23,1.22E-23,0,0,0.138775092,0.138775092,0.138775092,0.138775092
1.03E-23,1.03E-23,0,0,0.139737422,0.139737422,0.139737422,0.139737422
8.45E-24,8.45E-24,0,0,0.140705349,0.140705349,0.140705349,0.140705349
6.77E-24,6.77E-24,0,0,0.141678791,0.141678791,0.141678791,0.141678791
5.26E-24,5.26E-24,0,0,0.142657659,0.142657659,0.142657659,0.142657659
3.80E-24,3.80E-24,0,0,0.143641865,0.143641865,0.143641865,0.143641865
2.42E-24,2.42E-24,0,0,0.144631324,0.144631324,0.144631324,0.144631324
1.08E-24,1.08E-24,0,0,0.145625947,0.145625947,0.145625947,0.145625947
-1.97E-25,-1.97E-25,0,0,0.146625647,0.146625647,0.146625647,0.146625647
-1.40E-24,-1.40E-24,0,0,0.147630332,0.147630332,0.147630332,0.147630332
-2.55E-24,-2.55E-24,0,0,0.148639913,0.148639913,0.148639913,0.148639913
-3.66E-24,-3.66E-24,0,0,0.149654298,0.149654298,0.149654298,0.149654298
-4.62E-24,-4.62E-24,0,0,0.150673395,0.150673395,0.150673395,0.150673395
-5.50E-24,-5.50E-24,0,0,0.151697112,0.151697112,0.151697112,0.151697112
-6.54E-24,-6.54E-24,0,0,0.152725355,0.152725355,0.152725355,0.152725355
-7.50E-24,-7.50E-24,0,0,0.153758029,0.153758029,0.153758029,0.153758029
-8.38E-24,-8.38E-24,0,0,0.15479504,0.15479504,0.15479504,0.15479504
-9.18E-24,-9.18E-24,0,0,0.15583629,0.15583629,0.15583629,0.15583629
-9.84E-24,-9.84E-24,0,0,0.156881685,0.156881685,0.156881685,0.156881685
-1.05E-23,-1.05E-23,0,0,0.157931125,0.157931125,0.157931125,0.157931125
-1.11E-23,-1.11E-23,0,0,0.158984513,0.158984513,0.158984513,0.158984513
-1.17E-23,-1.17E-23,0,0,0.16004175,0.16004175,0.16004175,0.16004175
-1.23E-23,-1.23E-23,0,0,0.161102732,0.161102732,0.161102732,0.161102732
-1.27E-23,-1.27E-23,0,0,0.162167363,0.162167363,0.162167363,0.162167363
-1.33E-23,-1.33E-23,0,0,0.163235543,0.163235543,0.163235543,0.163235543
-1.40E-23,-1.40E-23,0,0,0.164307167,0.164307167,0.164307167,0.164307167
-1.44E-23,-1.44E-23,0,0,0.165382132,0.165382132,0.165382132,0.165382132
-1.49E-23,-1.49E-23,0,0,0.166460334,0.166460334,0.166460334,0.166460334
-1.56E-23,-1.56E-23,0,0,0.167541669,0.167541669,0.167541669,0.167541669
-1.61E-23,-1.61E-23,0,0,0.168626031,0.168626031,0.168626031,0.168626031
-1.65E-23,-1.65E-23,0,0,0.169713314,0.169713314,0.169713314,0.169713314
-1.67E-23,-1.67E-23,0,0,0.170803412,0.170803412,0.170803412,0.170803412
-1.71E-23,-1.71E-23,0,0,0.171896215,0.171896215,0.171896215,0.171896215
-1.74E-23,-1.74E-23,0,0,0.172991616,0.172991616,0.172991616,0.172991616
-1.75E-23,-1.75E-23,0,0,0.174089506,0.174089506,0.174089506,0.174089506
-1.77E-23,-1.77E-23,0,0,0.175189774,0.175189774,0.175189774,0.175189774
-1.81E-23,-1.81E-23,0,0,0.176292309,0.176292309,0.176292309,0.176292309
-1.84E-23,-1.84E-23,0,0,0.177396999,0.177396999,0.177396999,0.177396999
-1.84E-23,-1.84E-23,0,0,0.178503733,0.178503733,0.178503733,0.178503733
-1.84E-23,-1.84E-23,0,0,0.179612396,0.179612396,0.179612396,0.179612396
-1.87E-23,-1.87E-23,0,0,0.180722876,0.180722876,0.180722876,0.180722876
-1.91E-23,-1.91E-23,0,0,0.181835056,0.181835056,0.181835056,0.181835056
-1.95E-23,-1.95E-23,0,0,0.182948821,0.182948821,0.182948821,0.182948821
-1.97E-23,-1.97E-23,0,0,0.184064055,0.184064055,0.184064055,0.184064055
-1.96E-23,-1.96E-23,0,0,0.18518064,0.18518064,0.18518064,0.18518064
-1.96E-23,-1.96E-23,0,0,0.186298459,0.186298459,0.186298459,0.186298459
-1.99E-23,-1.99E-23,0,0,0.187417393,0.187417393,0.187417393,0.187417393
-1.98E-23,-1.98E-23,0,0,0.188537322,0.188537322,0.188537322,0.188537322
-1.99E-23,-1.99E-23,0,0,0.189658125,0.189658125,0.189658125,0.189658125
-2.01E-23,-2.01E-23,0,0,0.190779683,0.190779683,0.190779683,0.190779683
-2.03E-23,-2.03E-23,0,0,0.191901871,0.191901871,0.191901871,0.191901871
-2.07E-23,-2.07E-23,0,0,0.193024569,0.193024569,0.193024569,0.193024569
-2.11E-23,-2.11E-23,0,0,0.194147652,0.194147652,0.194147652,0.194147652
-2.10E-23,-2.10E-23,0,0,0.195270997,0.195270997,0.195270997,0.195270997
-2.08E-23,-2.08E-23,0,0,0.196394477,0.196394477,0.196394477,0.196394477
-2.00E-23,-2.00E-23,0,0,0.197517968,0.197517968,0.197517968,0.197517968
-2.00E-23,-2.00E-23,0,0,0.198641342,0.198641342,0.198641342,0.198641342
-2.18E-23,-2.18E-23,0,0,0.199764472,0.199764472,0.199764472,0.199764472
-2.35E-23,-2.35E-23,0,0,0.20088723,0.20088723,0.20088723,0.20088723
-2.37E-23,-2.37E-23,0,0,0.202009487,0.202009487,0.202009487,0.202009487
-2.27E-23,-2.27E-23,0,0,0.203131112,0.203131112,0.203131112,0.203131112
-2.18E-23,-2.18E-23,0,0,0.204251976,0.204251976,0.204251976,0.204251976
-2.11E-23,-2.11E-23,0,0,0.205371947,0.205371947,0.205371947,0.205371947
-2.07E-23,-2.07E-23,0,0,0.206490892,0.206490892,0.206490892,0.206490892
-2.05E-23,-2.05E-23,0,0,0.20760868,0.20760868,0.20760868,0.20760868
-2.09E-23,-2.09E-23,0,0,0.208725175,0.208725175,0.208725175,0.208725175
-2.14E-23,-2.14E-23,0,0,0.209840244,0.209840244,0.209840244,0.209840244
-2.14E-23,-2.14E-23,0,0,0.210953751,0.210953751,0.210953751,0.210953751
-2.16E-23,-2.16E-23,0,0,0.212065561,0.212065561,0.212065561,0.212065561
-2.18E-23,-2.18E-23,0,0,0.213175535,0.213175535,0.213175535,0.213175535
-2.17E-23,-2.17E-23,0,0,0.214283537,0.214283537,0.214283537,0.214283537
-2.18E-23,-2.18E-23,0,0,0.215389428,0.215389428,0.215389428,0.215389428
-2.17E-23,-2.17E-23,0,0,0.216493069,0.216493069,0.216493069,0.216493069
-2.15E-23,-2.15E-23,0,0,0.217594319,0.217594319,0.217594319,0.217594319
-2.14E-23,-2.14E-23,0,0,0.218693039,0.218693039,0.218693039,0.218693039
-2.15E-23,-2.15E-23,0,0,0.219789086,0.219789086,0.219789086,0.219789086
-2.13E-23,-2.13E-23,0,0,0.220882317,0.220882317,0.220882317,0.220882317
-2.12E-23,-2.12E-23,0,0,0.22197259,0.22197259,0.22197259,0.22197259
-2.12E-23,-2.12E-23,0,0,0.223059761,0.223059761,0.223059761,0.223059761
-2.11E-23,-2.11E-23,0,0,0.224143685,0.224143685,0.224143685,0.224143685
-2.12E-23,-2.12E-23,0,0,0.225224216,0.225224216,0.225224216,0.225224216
-2.14E-23,-2.14E-23,0,0,0.226301208,0.226301208,0.226301208,0.226301208
-2.13E-23,-2.13E-23,0,0,0.227374515,0.227374515,0.227374515,0.227374515
-2.11E-23,-2.11E-23,0,0,0.228443996,0.228443996,0.228443996,0.228443996
-2.16E-23,-2.16E-23,0,0,0.229509494,0.229509494,0.229509494,0.229509494
-2.22E-23,-2.22E-23,0,0,0.23057085,0.23057085,0.23057085,0.23057085
-2.13E-23,-2.13E-23,0,0,0.231627924,0.231627924,0.231627924,0.231627924
-1.97E-23,-1.97E-23,0,0,0.232680564,0.232680564,0.232680564,0.232680564
-1.92E-23,-1.92E-23,0,0,0.233728618,0.233728618,0.233728618,0.233728618
-2.02E-23,-2.02E-23,0,0,0.234771935,0.234771935,0.234771935,0.234771935
-2.09E-23,-2.09E-23,0,0,0.23581036,0.23581036,0.23581036,0.23581036
-2.08E-23,-2.08E-23,0,0,0.23684374,0.23684374,0.23684374,0.23684374
-2.11E-23,-2.11E-23,0,0,0.237871918,0.237871918,0.237871918,0.237871918
-2.02E-23,-2.02E-23,0,0,0.238894741,0.238894741,0.238894741,0.238894741
-1.97E-23,-1.97E-23,0,0,0.23991205,0.23991205,0.23991205,0.23991205
-2.08E-23,-2.08E-23,0,0,0.240923689,0.240923689,0.240923689,0.240923689
-2.31E-23,-2.31E-23,0,0,0.2419295,0.2419295,0.2419295,0.2419295
-2.41E-23,-2.41E-23,0,0,0.242929323,0.242929323,0.242929323,0.242929323
-2.46E-23,-2.46E-23,0,0,0.243923,0.243923,0.243923,0.243923
-2.47E-23,-2.47E-23,0,0,0.244910369,0.244910369,0.244910369,0.244910369
-2.46E-23,-2.46E-23,0,0,0.24589127,0.24589127,0.24589127,0.24589127
-2.37E-23,-2.37E-23,0,0,0.24686554,0.24686554,0.24686554,0.24686554
-2.15E-23,-2.15E-23,0,0,0.247833017,0.247833017,0.247833017,0.247833017
-2.06E-23,-2.06E-23,0,0,0.248793536,0.248793536,0.248793536,0.248793536
-2.07E-23,-2.07E-23,0,0,0.249746934,0.249746934,0.249746934,0.249746934
-2.20E-23,-2.20E-23,0,0,0.250693044,0.250693044,0.250693044,0.250693044
-2.21E-23,-2.21E-23,0,0,0.251631702,0.251631702,0.251631702,0.251631702
-2.10E-23,-2.10E-23,0,0,0.252562739,0.252562739,0.252562739,0.252562739
-2.04E-23,-2.04E-23,0,0,0.25348599,0.25348599,0.25348599,0.25348599
-1.95E-23,-1.95E-23,0,0,0.254401284,0.254401284,0.254401284,0.254401284
-1.87E-23,-1.87E-23,0,0,0.255308454,0.255308454,0.255308454,0.255308454
-1.80E-23,-1.80E-23,0,0,0.256207329,0.256207329,0.256207329,0.256207329
-1.79E-23,-1.79E-23,0,0,0.257097738,0.257097738,0.257097738,0.257097738
-1.80E-23,-1.80E-23,0,0,0.25797951,0.25797951,0.25797951,0.25797951
-1.76E-23,-1.76E-23,0,0,0.258852472,0.258852472,0.258852472,0.258852472
-1.80E-23,-1.80E-23,0,0,0.259716451,0.259716451,0.259716451,0.259716451
-1.80E-23,-1.80E-23,0,0,0.260571275,0.260571275,0.260571275,0.260571275
-1.75E-23,-1.75E-23,0,0,0.261416796,0.261416796,0.261416796,0.261416796
-1.60E-23,-1.60E-23,0,0,0.262252819,0.262252819,0.262252819,0.262252819
-1.29E-23,-1.29E-23,0,0,0.263079148,0.263079148,0.263079148,0.263079148
-1.11E-23,-1.11E-23,0,0,0.263895546,0.263895546,0.263895546,0.263895546
-1.21E-23,-1.21E-23,0,0,0.264701889,0.264701889,0.264701889,0.264701889
-1.37E-23,-1.37E-23,0,0,0.265498078,0.265498078,0.265498078,0.265498078
-1.51E-23,-1.51E-23,0,0,0.266283871,0.266283871,0.266283871,0.266283871
-1.67E-23,-1.67E-23,0,0,0.267059088,0.267059088,0.267059088,0.267059088
-1.77E-23,-1.77E-23,0,0,0.267823548,0.267823548,0.267823548,0.267823548
-1.88E-23,-1.88E-23,0,0,0.268577069,0.268577069,0.268577069,0.268577069
-1.86E-23,-1.86E-23,0,0,0.269319469,0.269319469,0.269319469,0.269319469
-1.95E-23,-1.95E-23,0,0,0.270050565,0.270050565,0.270050565,0.270050565
-2.00E-23,-2.00E-23,0,0,0.270770172,0.270770172,0.270770172,0.270770172
-2.00E-23,-2.00E-23,0,0,0.271478105,0.271478105,0.271478105,0.271478105
-1.97E-23,-1.97E-23,0,0,0.272174179,0.272174179,0.272174179,0.272174179
-1.86E-23,-1.86E-23,0,0,0.272858207,0.272858207,0.272858207,0.272858207
-1.78E-23,-1.78E-23,0,0,0.273530003,0.273530003,0.273530003,0.273530003
-1.72E-23,-1.72E-23,0,0,0.274189377,0.274189377,0.274189377,0.274189377
-1.75E-23,-1.75E-23,0,0,0.274836141,0.274836141,0.274836141,0.274836141
-1.75E-23,-1.75E-23,0,0,0.275470106,0.275470106,0.275470106,0.275470106
-1.85E-23,-1.85E-23,0,0,0.276091082,0.276091082,0.276091082,0.276091082
-1.85E-23,-1.85E-23,0,0,0.276698876,0.276698876,0.276698876,0.276698876
-1.92E-23,-1.92E-23,0,0,0.277293298,0.277293298,0.277293298,0.277293298
-1.93E-23,-1.93E-23,0,0,0.277874155,0.277874155,0.277874155,0.277874155
-1.98E-23,-1.98E-23,0,0,0.278441256,0.278441256,0.278441256,0.278441256
-1.91E-23,-1.91E-23,0,0,0.2789944,0.2789944,0.2789944,0.2789944
-1.89E-23,-1.89E-23,0,0,0.279532889,0.279532889,0.279532889,0.279532889
-1.87E-23,-1.87E-23,0,0,0.280051383,0.280051383,0.280051383,0.280051383
-1.70E-23,-1.70E-23,0,0,0.280543968,0.280543968,0.280543968,0.280543968
-1.66E-23,-1.66E-23,0,0,0.28100951,0.28100951,0.28100951,0.28100951
-1.59E-23,-1.59E-23,0,0,0.281448088,0.281448088,0.281448088,0.281448088
-1.59E-23,-1.59E-23,0,0,0.281859781,0.281859781,0.281859781,0.281859781
-1.57E-23,-1.57E-23,0,0,0.282244673,0.282244673,0.282244673,0.282244673
-1.58E-23,-1.58E-23,0,0,0.282602846,0.282602846,0.282602846,0.282602846
-1.57E-23,-1.57E-23,0,0,0.282934386,0.282934386,0.282934386,0.282934386
-1.57E-23,-1.57E-23,0,0,0.28323938,0.28323938,0.28323938,0.28323938
-1.57E-23,-1.57E-23,0,0,0.283517914,0.283517914,0.283517914,0.283517914
-1.56E-23,-1.56E-23,0,0,0.28377008,0.28377008,0.28377008,0.28377008
-1.56E-23,-1.56E-23,0,0,0.283995966,0.283995966,0.283995966,0.283995966
-1.54E-23,-1.54E-23,0,0,0.284195667,0.284195667,0.284195667,0.284195667
-1.52E-23,-1.52E-23,0,0,0.284369276,0.284369276,0.284369276,0.284369276
-1.52E-23,-1.52E-23,0,0,0.284516887,0.284516887,0.284516887,0.284516887
-1.50E-23,-1.50E-23,0,0,0.284638599,0.284638599,0.284638599,0.284638599
-1.50E-23,-1.50E-23,0,0,0.284734509,0.284734509,0.284734509,0.284734509
-1.50E-23,-1.50E-23,0,0,0.284804718,0.284804718,0.284804718,0.284804718
-1.50E-23,-1.50E-23,0,0,0.284849325,0.284849325,0.284849325,0.284849325
-1.48E-23,-1.48E-23,0,0,0.284868435,0.284868435,0.284868435,0.284868435
-1.48E-23,-1.48E-23,0,0,0.284862152,0.284862152,0.284862152,0.284862152
-1.46E-23,-1.46E-23,0,0,0.28483058,0.28483058,0.28483058,0.28483058
-1.45E-23,-1.45E-23,0,0,0.284773827,0.284773827,0.284773827,0.284773827
-1.44E-23,-1.44E-23,0,0,0.284692003,0.284692003,0.284692003,0.284692003
-1.43E-23,-1.43E-23,0,0,0.284585216,0.284585216,0.284585216,0.284585216
-1.41E-23,-1.41E-23,0,0,0.284453579,0.284453579,0.284453579,0.284453579
-1.39E-23,-1.39E-23,0,0,0.284297205,0.284297205,0.284297205,0.284297205
-1.39E-23,-1.39E-23,0,0,0.284116207,0.284116207,0.284116207,0.284116207
-1.39E-23,-1.39E-23,0,0,0.283910704,0.283910704,0.283910704,0.283910704
-1.39E-23,-1.39E-23,0,0,0.283680811,0.283680811,0.283680811,0.283680811
-1.38E-23,-1.38E-23,0,0,0.283426649,0.283426649,0.283426649,0.283426649
-1.37E-23,-1.37E-23,0,0,0.283148337,0.283148337,0.283148337,0.283148337
-1.37E-23,-1.37E-23,0,0,0.282845997,0.282845997,0.282845997,0.282845997
-1.37E-23,-1.37E-23,0,0,0.282519754,0.282519754,0.282519754,0.282519754
-1.35E-23,-1.35E-23,0,0,0.282169731,0.282169731,0.282169731,0.282169731
-1.34E-23,-1.34E-23,0,0,0.281796055,0.281796055,0.281796055,0.281796055
-1.33E-23,-1.33E-23,0,0,0.281398854,0.281398854,0.281398854,0.281398854
-1.31E-23,-1.31E-23,0,0,0.280978257,0.280978257,0.280978257,0.280978257
-1.31E-23,-1.31E-23,0,0,0.280534396,0.280534396,0.280534396,0.280534396
-1.30E-23,-1.30E-23,0,0,0.280067402,0.280067402,0.280067402,0.280067402
-1.29E-23,-1.29E-23,0,0,0.27957741,0.27957741,0.27957741,0.27957741
-1.28E-23,-1.28E-23,0,0,0.279064554,0.279064554,0.279064554,0.279064554
-1.28E-23,-1.28E-23,0,0,0.278528972,0.278528972,0.278528972,0.278528972
-1.28E-23,-1.28E-23,0,0,0.277970801,0.277970801,0.277970801,0.277970801
-1.26E-23,-1.26E-23,0,0,0.277390182,0.277390182,0.277390182,0.277390182
-1.26E-23,-1.26E-23,0,0,0.276787256,0.276787256,0.276787256,0.276787256
-1.25E-23,-1.25E-23,0,0,0.276162165,0.276162165,0.276162165,0.276162165
-1.24E-23,-1.24E-23,0,0,0.275515053,0.275515053,0.275515053,0.275515053
-1.23E-23,-1.23E-23,0,0,0.274846066,0.274846066,0.274846066,0.274846066
-1.23E-23,-1.23E-23,0,0,0.274155352,0.274155352,0.274155352,0.274155352
-1.22E-23,-1.22E-23,0,0,0.273443058,0.273443058,0.273443058,0.273443058
-1.21E-23,-1.21E-23,0,0,0.272709335,0.272709335,0.272709335,0.272709335
-1.21E-23,-1.21E-23,0,0,0.271954335,0.271954335,0.271954335,0.271954335
-1.21E-23,-1.21E-23,0,0,0.27117821,0.27117821,0.27117821,0.27117821
-1.20E-23,-1.20E-23,0,0,0.270381113,0.270381113,0.270381113,0.270381113
-1.18E-23,-1.18E-23,0,0,0.269563202,0.269563202,0.269563202,0.269563202
-1.17E-23,-1.17E-23,0,0,0.268724636,0.268724636,0.268724636,0.268724636
-1.16E-23,-1.16E-23,0,0,0.267865573,0.267865573,0.267865573,0.267865573
-1.15E-23,-1.15E-23,0,0,0.266986173,0.266986173,0.266986173,0.266986173
-1.14E-23,-1.14E-23,0,0,0.266086597,0.266086597,0.266086597,0.266086597
-1.13E-23,-1.13E-23,0,0,0.26516701,0.26516701,0.26516701,0.26516701
-1.13E-23,-1.13E-23,0,0,0.264227575,0.264227575,0.264227575,0.264227575
-1.12E-23,-1.12E-23,0,0,0.26326846,0.26326846,0.26326846,0.26326846
-1.11E-23,-1.11E-23,0,0,0.262289832,0.262289832,0.262289832,0.262289832
-1.11E-23,-1.11E-23,0,0,0.261291861,0.261291861,0.261291861,0.261291861
-1.10E-23,-1.10E-23,0,0,0.260274717,0.260274717,0.260274717,0.260274717
-1.10E-23,-1.10E-23,0,0,0.259238573,0.259238573,0.259238573,0.259238573
-1.09E-23,-1.09E-23,0,0,0.258183602,0.258183602,0.258183602,0.258183602
-1.08E-23,-1.08E-23,0,0,0.257109979,0.257109979,0.257109979,0.257109979
-1.08E-23,-1.08E-23,0,0,0.256017882,0.256017882,0.256017882,0.256017882
-1.07E-23,-1.07E-23,0,0,0.254907489,0.254907489,0.254907489,0.254907489
-1.06E-23,-1.06E-23,0,0,0.253778978,0.253778978,0.253778978,0.253778978
-1.05E-23,-1.05E-23,0,0,0.252632532,0.252632532,0.252632532,0.252632532
-1.05E-23,-1.05E-23,0,0,0.251468333,0.251468333,0.251468333,0.251468333
-1.04E-23,-1.04E-23,0,0,0.250286565,0.250286565,0.250286565,0.250286565
-1.04E-23,-1.04E-23,0,0,0.249087414,0.249087414,0.249087414,0.249087414
-1.03E-23,-1.03E-23,0,0,0.247871066,0.247871066,0.247871066,0.247871066
-1.03E-23,-1.03E-23,0,0,0.246637711,0.246637711,0.246637711,0.246637711
-1.02E-23,-1.02E-23,0,0,0.245387538,0.245387538,0.245387538,0.245387538
-1.01E-23,-1.01E-23,0,0,0.244120739,0.244120739,0.244120739,0.244120739
-1.01E-23,-1.01E-23,0,0,0.242837507,0.242837507,0.242837507,0.242837507
-1.00E-23,-1.00E-23,0,0,0.241538036,0.241538036,0.241538036,0.241538036
-9.96E-24,-9.96E-24,0,0,0.240222523,0.240222523,0.240222523,0.240222523
-9.91E-24,-9.91E-24,0,0,0.238891164,0.238891164,0.238891164,0.238891164
-9.87E-24,-9.87E-24,0,0,0.237544158,0.237544158,0.237544158,0.237544158
-9.79E-24,-9.79E-24,0,0,0.236181707,0.236181707,0.236181707,0.236181707
-9.74E-24,-9.74E-24,0,0,0.234804012,0.234804012,0.234804012,0.234804012
-9.69E-24,-9.69E-24,0,0,0.233411276,0.233411276,0.233411276,0.233411276
-9.65E-24,-9.65E-24,0,0,0.232003704,0.232003704,0.232003704,0.232003704
-9.60E-24,-9.60E-24,0,0,0.230581503,0.230581503,0.230581503,0.230581503
-9.53E-24,-9.53E-24,0,0,0.229144879,0.229144879,0.229144879,0.229144879
-9.49E-24,-9.49E-24,0,0,0.227694043,0.227694043,0.227694043,0.227694043
-9.45E-24,-9.45E-24,0,0,0.226229206,0.226229206,0.226229206,0.226229206
-9.38E-24,-9.38E-24,0,0,0.224750579,0.224750579,0.224750579,0.224750579
-9.34E-24,-9.34E-24,0,0,0.223258376,0.223258376,0.223258376,0.223258376
-9.35E-24,-9.35E-24,0,0,0.221752812,0.221752812,0.221752812,0.221752812
-9.32E-24,-9.32E-24,0,0,0.220234104,0.220234104,0.220234104,0.220234104
-9.34E-24,-9.34E-24,0,0,0.218702471,0.218702471,0.218702471,0.218702471
-9.28E-24,-9.28E-24,0,0,0.217158132,0.217158132,0.217158132,0.217158132
-9.23E-24,-9.23E-24,0,0,0.215601307,0.215601307,0.215601307,0.215601307
-9.23E-24,-9.23E-24,0,0,0.21403222,0.21403222,0.21403222,0.21403222
-9.20E-24,-9.20E-24,0,0,0.212451095,0.212451095,0.212451095,0.212451095
-9.20E-24,-9.20E-24,0,0,0.210858156,0.210858156,0.210858156,0.210858156
-9.11E-24,-9.11E-24,0,0,0.209253632,0.209253632,0.209253632,0.209253632
-8.96E-24,-8.96E-24,0,0,0.207637751,0.207637751,0.207637751,0.207637751
-8.90E-24,-8.90E-24,0,0,0.206010743,0.206010743,0.206010743,0.206010743
-8.92E-24,-8.92E-24,0,0,0.204372838,0.204372838,0.204372838,0.204372838
-8.97E-24,-8.97E-24,0,0,0.202724271,0.202724271,0.202724271,0.202724271
-8.93E-24,-8.93E-24,0,0,0.201065276,0.201065276,0.201065276,0.201065276
-8.86E-24,-8.86E-24,0,0,0.199396088,0.199396088,0.199396088,0.199396088
-8.82E-24,-8.82E-24,0,0,0.197716944,0.197716944,0.197716944,0.197716944
-8.78E-24,-8.78E-24,0,0,0.196028085,0.196028085,0.196028085,0.196028085
-8.75E-24,-8.75E-24,0,0,0.19432975,0.19432975,0.19432975,0.19432975
-8.72E-24,-8.72E-24,0,0,0.192622181,0.192622181,0.192622181,0.192622181
-8.71E-24,-8.71E-24,0,0,0.190905621,0.190905621,0.190905621,0.190905621
-8.65E-24,-8.65E-24,0,0,0.189180315,0.189180315,0.189180315,0.189180315
-8.55E-24,-8.55E-24,0,0,0.18744651,0.18744651,0.18744651,0.18744651
-3.06E-24,-3.06E-24,0,0,0.185704452,0.185704452,0.185704452,0.185704452
-1.80E-24,-1.80E-24,0,0,0.183954392,0.183954392,0.183954392,0.183954392
-4.60E-24,-4.60E-24,0,0,0.182196581,0.182196581,0.182196581,0.182196581
-6.19E-24,-6.19E-24,0,0,0.180431269,0.180431269,0.180431269,0.180431269
-8.24E-24,-8.24E-24,0,0,0.178658711,0.178658711,0.178658711,0.178658711
-8.86E-24,-8.86E-24,0,0,0.176879163,0.176879163,0.176879163,0.176879163
-9.63E-24,-9.63E-24,0,0,0.17509288,0.17509288,0.17509288,0.17509288
-9.49E-24,-9.49E-24,0,0,0.173300121,0.173300121,0.173300121,0.173300121
-9.61E-24,-9.61E-24,0,0,0.171501146,0.171501146,0.171501146,0.171501146
-9.33E-24,-9.33E-24,0,0,0.169696215,0.169696215,0.169696215,0.169696215
-9.29E-24,-9.29E-24,0,0,0.167885592,0.167885592,0.167885592,0.167885592
-9.18E-24,-9.18E-24,0,0,0.166069539,0.166069539,0.166069539,0.166069539
-9.10E-24,-9.10E-24,0,0,0.164248323,0.164248323,0.164248323,0.164248323
-8.95E-24,-8.95E-24,0,0,0.162422211,0.162422211,0.162422211,0.162422211
-9.00E-24,-9.00E-24,0,0,0.160591471,0.160591471,0.160591471,0.160591471
-8.89E-24,-8.89E-24,0,0,0.158756373,0.158756373,0.158756373,0.158756373
-8.87E-24,-8.87E-24,0,0,0.156917188,0.156917188,0.156917188,0.156917188
-8.76E-24,-8.76E-24,0,0,0.15507419,0.15507419,0.15507419,0.15507419
-8.71E-24,-8.71E-24,0,0,0.153227653,0.153227653,0.153227653,0.153227653
-8.68E-24,-8.68E-24,0,0,0.151377856,0.151377856,0.151377856,0.151377856
-8.74E-24,-8.74E-24,0,0,0.149525073,0.149525073,0.149525073,0.149525073
-8.85E-24,-8.85E-24,0,0,0.147669579,0.147669579,0.147669579,0.147669579
-8.84E-24,-8.84E-24,0,0,0.145811658,0.145811658,0.145811658,0.145811658
-8.79E-24,-8.79E-24,0,0,0.143951592,0.143951592,0.143951592,0.143951592
-8.71E-24,-8.71E-24,0,0,0.142089665,0.142089665,0.142089665,0.142089665
-8.62E-24,-8.62E-24,0,0,0.140226161,0.140226161,0.140226161,0.140226161
-8.57E-24,-8.57E-24,0,0,0.138361366,0.138361366,0.138361366,0.138361366
-8.47E-24,-8.47E-24,0,0,0.136495568,0.136495568,0.136495568,0.136495568
-8.52E-24,-8.52E-24,0,0,0.134629056,0.134629056,0.134629056,0.134629056
-8.58E-24,-8.58E-24,0,0,0.132762122,0.132762122,0.132762122,0.132762122
-8.73E-24,-8.73E-24,0,0,0.130895056,0.130895056,0.130895056,0.130895056
-8.87E-24,-8.87E-24,0,0,0.129028153,0.129028153,0.129028153,0.129028153
-8.90E-24,-8.90E-24,0,0,0.127161707,0.127161707,0.127161707,0.127161707
2.13E-23,2.13E-23,0,0,0.125296017,0.125296017,0.125296017,0.125296017
3.14E-23,3.14E-23,0,0,0.123431378,0.123431378,0.123431378,0.123431378
2.13E-23,2.13E-23,0,0,0.121568092,0.121568092,0.121568092,0.121568092
1.26E-23,1.26E-23,0,0,0.119706459,0.119706459,0.119706459,0.119706459
-1.33E-25,-1.33E-25,0,0,0.117846789,0.117846789,0.117846789,0.117846789
-3.51E-23,-3.51E-23,0,0,0.115989371,0.115989371,0.115989371,0.115989371
-5.20E-23,-5.20E-23,0,0,0.114134509,0.114134509,0.114134509,0.114134509
-4.49E-23,-4.49E-23,0,0,0.112282529,0.112282529,0.112282529,0.112282529
-3.93E-23,-3.93E-23,0,0,0.110433727,0.110433727,0.110433727,0.110433727
-2.64E-23,-2.64E-23,0,0,0.108588417,0.108588417,0.108588417,0.108588417
-2.06E-23,-2.06E-23,0,0,0.106746909,0.106746909,0.106746909,0.106746909
-1.22E-23,-1.22E-23,0,0,0.104909516,0.104909516,0.104909516,0.104909516
-1.03E-23,-1.03E-23,0,0,0.103076551,0.103076551,0.103076551,0.103076551
-6.45E-24,-6.45E-24,0,0,0.101248332,0.101248332,0.101248332,0.101248332
-6.96E-24,-6.96E-24,0,0,0.099425175,0.099425175,0.099425175,0.099425175
-5.64E-24,-5.64E-24,0,0,0.097607399,0.097607399,0.097607399,0.097607399
-7.02E-24,-7.02E-24,0,0,0.095795324,0.095795324,0.095795324,0.095795324
-6.47E-24,-6.47E-24,0,0,0.093989272,0.093989272,0.093989272,0.093989272
-7.80E-24,-7.80E-24,0,0,0.092189566,0.092189566,0.092189566,0.092189566
-7.55E-24,-7.55E-24,0,0,0.09039653,0.09039653,0.09039653,0.09039653
-8.85E-24,-8.85E-24,0,0,0.088610492,0.088610492,0.088610492,0.088610492
-8.37E-24,-8.37E-24,0,0,0.086831779,0.086831779,0.086831779,0.086831779
-2.64E-24,-2.64E-24,0,0,0.085060721,0.085060721,0.085060721,0.085060721
-7.15E-24,-7.15E-24,0,0,0.083297648,0.083297648,0.083297648,0.083297648
-1.21E-23,-1.21E-23,0,0,0.081542891,0.081542891,0.081542891,0.081542891
-1.13E-23,-1.13E-23,0,0,0.079796784,0.079796784,0.079796784,0.079796784
-1.23E-23,-1.23E-23,0,0,0.078059662,0.078059662,0.078059662,0.078059662
-1.80E-23,-1.80E-23,0,0,0.076331863,0.076331863,0.076331863,0.076331863
-1.32E-23,-1.32E-23,0,0,0.074613723,0.074613723,0.074613723,0.074613723
-1.25E-22,-1.25E-22,0,0,0.072905582,0.072905582,0.072905582,0.072905582
-1.97E-22,-1.97E-22,0,0,0.071207781,0.071207781,0.071207781,0.071207781
-1.64E-22,-1.64E-22,0,0,0.069520665,0.069520665,0.069520665,0.069520665
-1.19E-22,-1.19E-22,0,0,0.067844576,0.067844576,0.067844576,0.067844576
-6.05E-23,-6.05E-23,0,0,0.066179861,0.066179861,0.066179861,0.066179861
-2.37E-23,-2.37E-23,0,0,0.064526866,0.064526866,0.064526866,0.064526866
7.51E-24,7.51E-24,0,0,0.062885936,0.062885936,0.062885936,0.062885936
1.96E-23,1.96E-23,0,0,0.061257424,0.061257424,0.061257424,0.061257424
3.01E-23,3.01E-23,0,0,0.059641681,0.059641681,0.059641681,0.059641681
2.99E-23,2.99E-23,0,0,0.058039058,0.058039058,0.058039058,0.058039058
3.48E-23,3.48E-23,0,0,0.056449912,0.056449912,0.056449912,0.056449912
2.97E-23,2.97E-23,0,0,0.054874601,0.054874601,0.054874601,0.054874601
2.68E-23,2.68E-23,0,0,0.05331348,0.05331348,0.05331348,0.05331348
1.90E-23,1.90E-23,0,0,0.051766905,0.051766905,0.051766905,0.051766905
1.89E-23,1.89E-23,0,0,0.050235238,0.050235238,0.050235238,0.050235238
1.46E-23,1.46E-23,0,0,0.048718841,0.048718841,0.048718841,0.048718841
1.22E-23,1.22E-23,0,0,0.047218077,0.047218077,0.047218077,0.047218077
1.17E-23,1.17E-23,0,0,0.045733311,0.045733311,0.045733311,0.045733311
1.18E-23,1.18E-23,0,0,0.044264909,0.044264909,0.044264909,0.044264909
1.26E-23,1.26E-23,0,0,0.042813239,0.042813239,0.042813239,0.042813239
1.23E-23,1.23E-23,0,0,0.04137867,0.04137867,0.04137867,0.04137867
8.36E-24,8.36E-24,0,0,0.039961572,0.039961572,0.039961572,0.039961572
5.61E-24,5.61E-24,0,0,0.038562317,0.038562317,0.038562317,0.038562317
6.33E-24,6.33E-24,0,0,0.03718128,0.03718128,0.03718128,0.03718128
1.16E-23,1.16E-23,0,0,0.035818834,0.035818834,0.035818834,0.035818834
1.30E-23,1.30E-23,0,0,0.034475357,0.034475357,0.034475357,0.034475357
1.46E-23,1.46E-23,0,0,0.033151231,0.033151231,0.033151231,0.033151231
1.41E-23,1.41E-23,0,0,0.031846832,0.031846832,0.031846832,0.031846832
1.71E-23,1.71E-23,0,0,0.030562542,0.030562542,0.030562542,0.030562542
1.75E-23,1.75E-23,0,0,0.029298742,0.029298742,0.029298742,0.029298742
1.67E-23,1.67E-23,0,0,0.028055817,0.028055817,0.028055817,0.028055817
1.53E-23,1.53E-23,0,0,0.026834152,0.026834152,0.026834152,0.026834152
1.71E-23,1.71E-23,0,0,0.025634134,0.025634134,0.025634134,0.025634134
-5.13E-23,-5.13E-23,0,0,0.024456152,0.024456152,0.024456152,0.024456152
-8.75E-23,-8.75E-23,0,0,0.023300594,0.023300594,0.023300594,0.023300594
-9.82E-23,-9.82E-23,0,0,0.022167853,0.022167853,0.022167853,0.022167853
-9.62E-23,-9.62E-23,0,0,0.021058321,0.021058321,0.021058321,0.021058321
-8.30E-23,-8.30E-23,0,0,0.019972393,0.019972393,0.019972393,0.019972393
-6.84E-23,-6.84E-23,0,0,0.018910464,0.018910464,0.018910464,0.018910464
-4.70E-23,-4.70E-23,0,0,0.017872931,0.017872931,0.017872931,0.017872931
-2.96E-23,-2.96E-23,0,0,0.016860194,0.016860194,0.016860194,0.016860194
-9.85E-24,-9.85E-24,0,0,0.015872653,0.015872653,0.015872653,0.015872653
4.51E-24,4.51E-24,0,0,0.014910709,0.014910709,0.014910709,0.014910709
1.98E-23,1.98E-23,0,0,0.013974765,0.013974765,0.013974765,0.013974765
2.99E-23,2.99E-23,0,0,0.013065226,0.013065226,0.013065226,0.013065226
4.09E-23,4.09E-23,0,0,0.012182499,0.012182499,0.012182499,0.012182499
4.81E-23,4.81E-23,0,0,0.011326991,0.011326991,0.011326991,0.011326991
5.63E-23,5.63E-23,0,0,0.010499111,0.010499111,0.010499111,0.010499111
6.18E-23,6.18E-23,0,0,0.00969927,0.00969927,0.00969927,0.00969927
6.84E-23,6.84E-23,0,0,0.008927879,0.008927879,0.008927879,0.008927879
7.30E-23,7.30E-23,0,0,0.008185353,0.008185353,0.008185353,0.008185353
7.88E-23,7.88E-23,0,0,0.007472107,0.007472107,0.007472107,0.007472107
8.33E-23,8.33E-23,0,0,0.006788556,0.006788556,0.006788556,0.006788556
8.87E-23,8.87E-23,0,0,0.00613512,0.00613512,0.00613512,0.00613512
9.35E-23,9.35E-23,0,0,0.005512218,0.005512218,0.005512218,0.005512218
9.93E-23,9.93E-23,0,0,0.00492027,0.00492027,0.00492027,0.00492027
1.05E-22,1.05E-22,0,0,0.004359699,0.004359699,0.004359699,0.004359699
1.11E-22,1.11E-22,0,0,0.00383093,0.00383093,0.00383093,0.00383093
1.17E-22,1.17E-22,0,0,0.003334387,0.003334387,0.003334387,0.003334387
1.23E-22,1.23E-22,0,0,0.002870498,0.002870498,0.002870498,0.002870498
1.29E-22,1.29E-22,0,0,0.002439692,0.002439692,0.002439692,0.002439692
1.35E-22,1.35E-22,0,0,0.002042397,0.002042397,0.002042397,0.002042397
1.41E-22,1.41E-22,0,0,0.001679045,0.001679045,0.001679045,0.001679045
1.47E-22,1.47E-22,0,0,0.00135007,0.00135007,0.00135007,0.00135007
1.52E-22,1.52E-22,0,0,0.001055906,0.001055906,0.001055906,0.001055906
1.58E-22,1.58E-22,0,0,0.000796989,0.000796989,0.000796989,0.000796989
1.64E-22,1.64E-22,0,0,0.000573755,0.000573755,0.000573755,0.000573755
1.70E-22,1.70E-22,0,0,0.000386645,0.000386645,0.000386645,0.000386645
1.76E-22,1.76E-22,0,0,0.000236098,0.000236098,0.000236098,0.000236098
1.81E-22,1.81E-22,0,0,0.000122556,0.000122556,0.000122556,0.000122556
1.87E-22,1.87E-22,0,0,4.65E-05,4.65E-05,4.65E-05,4.65E-05
1.93E-22,1.93E-22,0,0,8.26E-06,8.26E-06,8.26E-06,8.26E-06
1.99E-22,1.99E-22,0,0,-1.28E-06,-1.28E-06,-1.28E-06,-1.28E-06
2.04E-22,2.04E-22,0,0,-1.22E-06,-1.22E-06,-1.22E-06,-1.22E-06
