-0.00000,0.00000,0.00000,-0.00000,0.00001,0.00001,0.00001,0.00001
-0.00000,-0.00000,-0.00000,-0.00000,0.00001,0.00001,0.00001,0.00001
-0.00000,-0.00000,-0.00000,-0.00000,0.00001,0.00001,0.00001,0.00001
-0.00000,-0.00000,-0.00000,-0.00000,0.00001,0.00001,0.00001,0.00001
-0.00000,-0.00000,-0.00000,-0.00000,0.00000,0.00000,0.00000,0.00000
-0.00000,-0.00000,-0.00000,-0.00000,0.00000,0.00000,0.00000,0.00000
-0.00000,-0.00000,-0.00000,-0.00000,-0.00000,-0.00000,-0.00000,-0.00000
-0.00000,-0.00000,-0.00000,-0.00000,-0.00001,-0.00001,-0.00001,-0.00001
-0.00000,-0.00000,-0.00000,-0.00000,-0.00001,-0.00001,-0.00001,-0.00001
-0.00000,-0.00000,-0.00000,-0.00000,-0.00002,-0.00002,-0.00002,-0.00002
-0.00000,-0.00000,-0.00000,-0.00000,-0.00003,-0.00003,-0.00003,-0.00003
-0.00000,-0.00000,-0.00000,-0.00000,-0.00004,-0.00004,-0.00004,-0.00004
-0.00000,-0.00000,-0.00000,-0.00000,-0.00005,-0.00005,-0.00005,-0.00005
-0.00000,-0.00000,-0.00000,-0.00000,-0.00006,-0.00006,-0.00006,-0.00006
-0.00000,-0.00000,-0.00000,-0.00000,-0.00008,-0.00008,-0.00008,-0.00008
-0.00000,-0.00000,-0.00000,-0.00000,-0.00010,-0.00010,-0.00010,-0.00010
-0.00000,-0.00000,-0.00000,-0.00000,-0.00012,-0.00012,-0.00012,-0.00012
-0.00000,-0.00000,-0.00000,-0.00000,-0.00015,-0.00015,-0.00015,-0.00015
-0.00000,-0.00000,-0.00000,-0.00000,-0.00018,-0.00018,-0.00018,-0.00018
-0.00000,-0.00000,-0.00000,-0.00000,-0.00021,-0.00021,-0.00021,-0.00021
-0.00000,-0.00000,-0.00000,-0.00000,-0.00025,-0.00025,-0.00025,-0.00025
-0.00000,-0.00000,-0.00000,-0.00000,-0.00029,-0.00029,-0.00029,-0.00029
-0.00000,-0.00000,-0.00000,-0.00000,-0.00033,-0.00033,-0.00033,-0.00033
-0.00000,-0.00000,-0.00000,-0.00000,-0.00037,-0.00037,-0.00037,-0.00037
-0.00000,-0.00000,-0.00000,-0.00000,-0.00042,-0.00042,-0.00042,-0.00042
-0.00000,-0.00000,-0.00000,-0.00000,-0.00048,-0.00048,-0.00048,-0.00048
-0.00000,-0.00000,-0.00000,-0.00000,-0.00054,-0.00054,-0.00054,-0.00054
-0.00000,-0.00000,-0.00000,-0.00000,-0.00060,-0.00060,-0.00060,-0.00060
-0.00000,-0.00000,-0.00000,-0.00000,-0.00067,-0.00067,-0.00067,-0.00067
-0.00000,-0.00000,-0.00000,-0.00000,-0.00074,-0.00074,-0.00074,-0.00074
-0.00000,-0.00000,-0.00000,-0.00000,-0.00082,-0.00082,-0.00082,-0.00082
-0.00000,-0.00000,-0.00000,-0.00000,-0.00090,-0.00090,-0.00090,-0.00090
-0.00000,-0.00000,-0.00000,-0.00000,-0.00099,-0.00099,-0.00099,-0.00099
-0.00000,-0.00000,-0.00000,-0.00000,-0.00108,-0.00108,-0.00108,-0.00108
-0.00000,-0.00000,-0.00000,-0.00000,-0.00118,-0.00118,-0.00118,-0.00118
-0.00000,-0.00000,-0.00000,-0.00000,-0.00129,-0.00129,-0.00129,-0.00129
-0.00000,-0.00000,-0.00000,-0.00000,-0.00140,-0.00140,-0.00140,-0.00140
-0.00000,-0.00000,-0.00000,-0.00000,-0.00151,-0.00151,-0.00151,-0.00151
-0.00000,-0.00000,-0.00000,-0.00000,-0.00163,-0.00163,-0.00163,-0.00163
-0.00000,-0.00000,-0.00000,-0.00000,-0.00176,-0.00176,-0.00176,-0.00176
-0.00000,-0.00000,-0.00000,-0.00000,-0.00189,-0.00189,-0.00189,-0.00189
-0.00000,-0.00000,-0.00000,-0.00000,-0.00203,-0.00203,-0.00203,-0.00203
-0.00000,-0.00000,-0.00000,-0.00000,-0.00218,-0.00218,-0.00218,-0.00218
-0.00000,-0.00000,-0.00000,-0.00000,-0.00233,-0.00233,-0.00233,-0.00233
-0.00000,-0.00000,-0.00000,-0.00000,-0.00249,-0.00249,-0.00249,-0.00249
-0.00000,-0.00000,-0.00000,-0.00000,-0.00265,-0.00265,-0.00265,-0.00265
-0.00000,-0.00000,-0.00000,-0.00000,-0.00282,-0.00282,-0.00282,-0.00282
-0.00000,-0.00000,-0.00000,-0.00000,-0.00300,-0.00300,-0.00300,-0.00300
-0.00000,-0.00000,-0.00000,-0.00000,-0.00319,-0.00319,-0.00319,-0.00319
-0.00000,-0.00000,-0.00000,-0.00000,-0.00338,-0.00338,-0.00338,-0.00338
-0.00000,-0.00000,-0.00000,-0.00000,-0.00358,-0.00358,-0.00358,-0.00358
-0.00000,-0.00000,-0.00000,-0.00000,-0.00379,-0.00379,-0.00379,-0.00379
-0.00000,-0.00000,-0.00000,-0.00000,-0.00400,-0.00400,-0.00400,-0.00400
-0.00000,-0.00000,-0.00000,-0.00000,-0.00422,-0.00422,-0.00422,-0.00422
-0.00000,-0.00000,-0.00000,-0.00000,-0.00445,-0.00445,-0.00445,-0.00445
-0.00000,-0.00000,-0.00000,-0.00000,-0.00469,-0.00469,-0.00469,-0.00469
-0.00000,-0.00000,-0.00000,-0.00000,-0.00493,-0.00493,-0.00493,-0.00493
-0.00000,-0.00000,-0.00000,-0.00000,-0.00518,-0.00518,-0.00518,-0.00518
-0.00000,-0.00000,-0.00000,-0.00000,-0.00544,-0.00544,-0.00544,-0.00544
-0.00000,-0.00000,-0.00000,-0.00000,-0.00571,-0.00571,-0.00571,-0.00571
-0.00000,-0.00000,-0.00000,-0.00000,-0.00598,-0.00598,-0.00598,-0.00598
-0.00000,-0.00000,-0.00000,-0.00000,-0.00626,-0.00626,-0.00626,-0.00626
-0.00000,-0.00000,-0.00000,-0.00000,-0.00655,-0.00655,-0.00655,-0.00655
-0.00000,-0.00000,-0.00000,-0.00000,-0.00685,-0.00685,-0.00685,-0.00685
-0.00000,-0.00000,-0.00000,-0.00000,-0.00716,-0.00716,-0.00716,-0.00716
-0.00000,-0.00000,-0.00000,-0.00000,-0.00747,-0.00747,-0.00747,-0.00747
-0.00000,-0.00000,-0.00000,-0.00000,-0.00779,-0.00779,-0.00779,-0.00779
-0.00000,-0.00000,-0.00000,-0.00000,-0.00812,-0.00812,-0.00812,-0.00812
-0.00000,-0.00000,-0.00000,-0.00000,-0.00846,-0.00846,-0.00846,-0.00846
-0.00000,-0.00000,-0.00000,-0.00000,-0.00881,-0.00881,-0.00881,-0.00881
-0.00000,-0.00000,-0.00000,-0.00000,-0.00917,-0.00917,-0.00917,-0.00917
-0.00000,-0.00000,-0.00000,-0.00000,-0.00953,-0.00953,-0.00953,-0.00953
-0.00000,-0.00000,-0.00000,-0.00000,-0.00990,-0.00990,-0.00990,-0.00990
-0.00000,-0.00000,-0.00000,-0.00000,-0.01028,-0.01028,-0.01028,-0.01028
-0.00000,-0.00000,-0.00000,-0.00000,-0.01067,-0.01067,-0.01067,-0.01067
-0.00000,-0.00000,-0.00000,-0.00000,-0.01107,-0.01107,-0.01107,-0.01107
-0.00000,-0.00000,-0.00000,-0.00000,-0.01148,-0.01148,-0.01148,-0.01148
-0.00000,-0.00000,-0.00000,-0.00000,-0.01189,-0.01189,-0.01189,-0.01189
-0.00000,-0.00000,-0.00000,-0.00000,-0.01231,-0.01231,-0.01231,-0.01231
-0.00000,-0.00000,-0.00000,-0.00000,-0.01275,-0.01275,-0.01275,-0.01275
-0.00000,-0.00000,-0.00000,-0.00000,-0.01319,-0.01319,-0.01319,-0.01319
-0.00000,-0.00000,-0.00000,-0.00000,-0.01364,-0.01364,-0.01364,-0.01364
-0.00000,-0.00000,-0.00000,-0.00000,-0.01409,-0.01409,-0.01409,-0.01409
-0.00000,-0.00000,-0.00000,-0.00000,-0.01456,-0.01456,-0.01456,-0.01456
-0.00000,-0.00000,-0.00000,-0.00000,-0.01504,-0.01504,-0.01504,-0.01504
-0.00000,-0.00000,-0.00000,-0.00000,-0.01552,-0.01552,-0.01552,-0.01552
-0.00000,-0.00000,-0.00000,-0.00000,-0.01602,-0.01602,-0.01602,-0.01602
-0.00000,-0.00000,-0.00000,-0.00000,-0.01652,-0.01652,-0.01652,-0.01652
-0.00000,-0.00000,-0.00000,-0.00000,-0.01703,-0.01703,-0.01703,-0.01703
-0.00000,-0.00000,-0.00000,-0.00000,-0.01755,-0.01755,-0.01755,-0.01755
-0.00000,-0.00000,-0.00000,-0.00000,-0.01808,-0.01808,-0.01808,-0.01808
-0.00000,-0.00000,-0.00000,-0.00000,-0.01861,-0.01861,-0.01861,-0.01861
-0.00000,-0.00000,-0.00000,-0.00000,-0.01916,-0.01916,-0.01916,-0.01916
-0.00000,-0.00000,-0.00000,-0.00000,-0.01971,-0.01971,-0.01971,-0.01971
-0.00000,-0.00000,-0.00000,-0.00000,-0.02028,-0.02028,-0.02028,-0.02028
-0.00000,-0.00000,-0.00000,-0.00000,-0.02085,-0.02085,-0.02085,-0.02085
-0.00000,-0.00000,-0.00000,-0.00000,-0.02143,-0.02143,-0.02143,-0.02143
-0.00000,-0.00000,-0.00000,-0.00000,-0.02202,-0.02202,-0.02202,-0.02202
-0.00001,-0.00001,-0.00001,-0.00001,-0.02262,-0.02262,-0.02262,-0.02262
-0.00001,-0.00001,-0.00001,-0.00001,-0.02323,-0.02323,-0.02323,-0.02323
-0.00001,-0.00001,-0.00001,-0.00001,-0.02384,-0.02384,-0.02384,-0.02384
-0.00001,-0.00001,-0.00001,-0.00001,-0.02447,-0.02447,-0.02447,-0.02447
-0.00001,-0.00001,-0.00001,-0.00001,-0.02510,-0.02510,-0.02510,-0.02510
-0.00001,-0.00001,-0.00001,-0.00001,-0.02574,-0.02574,-0.02574,-0.02574
-0.00001,-0.00001,-0.00001,-0.00001,-0.02639,-0.02639,-0.02639,-0.02639
-0.00001,-0.00001,-0.00001,-0.00001,-0.02705,-0.02705,-0.02705,-0.02705
-0.00001,-0.00001,-0.00001,-0.00001,-0.02772,-0.02772,-0.02772,-0.02772
-0.00001,-0.00001,-0.00001,-0.00001,-0.02840,-0.02840,-0.02840,-0.02840
-0.00001,-0.00001,-0.00001,-0.00001,-0.02908,-0.02908,-0.02908,-0.02908
-0.00001,-0.00001,-0.00001,-0.00001,-0.02978,-0.02978,-0.02978,-0.02978
-0.00001,-0.00001,-0.00001,-0.00001,-0.03048,-0.03048,-0.03048,-0.03048
-0.00001,-0.00001,-0.00001,-0.00001,-0.03119,-0.03119,-0.03119,-0.03119
-0.00001,-0.00001,-0.00001,-0.00001,-0.03191,-0.03191,-0.03191,-0.03191
-0.00001,-0.00001,-0.00001,-0.00001,-0.03264,-0.03264,-0.03264,-0.03264
-0.00001,-0.00001,-0.00001,-0.00001,-0.03337,-0.03337,-0.03337,-0.03337
-0.00001,-0.00001,-0.00001,-0.00001,-0.03411,-0.03411,-0.03411,-0.03411
-0.00001,-0.00001,-0.00001,-0.00001,-0.03487,-0.03487,-0.03487,-0.03487
-0.00001,-0.00001,-0.00001,-0.00001,-0.03563,-0.03563,-0.03563,-0.03563
-0.00001,-0.00001,-0.00001,-0.00001,-0.03640,-0.03640,-0.03640,-0.03640
-0.00001,-0.00001,-0.00001,-0.00001,-0.03717,-0.03717,-0.03717,-0.03717
-0.00001,-0.00001,-0.00001,-0.00001,-0.03796,-0.03796,-0.03796,-0.03796
-0.00001,-0.00001,-0.00001,-0.00001,-0.03875,-0.03875,-0.03875,-0.03875
-0.00001,-0.00001,-0.00001,-0.00001,-0.03955,-0.03955,-0.03955,-0.03955
-0.00001,-0.00001,-0.00001,-0.00001,-0.04036,-0.04036,-0.04036,-0.04036
-0.00001,-0.00001,-0.00001,-0.00001,-0.04118,-0.04118,-0.04118,-0.04118
-0.00001,-0.00001,-0.00001,-0.00001,-0.04200,-0.04200,-0.04200,-0.04200
-0.00001,-0.00001,-0.00001,-0.00001,-0.04283,-0.04283,-0.04283,-0.04283
-0.00001,-0.00001,-0.00001,-0.00001,-0.04367,-0.04367,-0.04367,-0.04367
-0.00001,-0.00001,-0.00001,-0.00001,-0.04452,-0.04452,-0.04452,-0.04452
-0.00001,-0.00001,-0.00001,-0.00001,-0.04537,-0.04537,-0.04537,-0.04537
-0.00001,-0.00001,-0.00001,-0.00001,-0.04624,-0.04624,-0.04624,-0.04624
-0.00001,-0.00001,-0.00001,-0.00001,-0.04710,-0.04710,-0.04710,-0.04710
-0.00001,-0.00001,-0.00001,-0.00001,-0.04798,-0.04798,-0.04798,-0.04798
-0.00001,-0.00001,-0.00001,-0.00001,-0.04887,-0.04887,-0.04887,-0.04887
-0.00001,-0.00001,-0.00001,-0.00001,-0.04976,-0.04976,-0.04976,-0.04976
-0.00001,-0.00001,-0.00001,-0.00001,-0.05066,-0.05066,-0.05066,-0.05066
-0.00001,-0.00001,-0.00001,-0.00001,-0.05156,-0.05156,-0.05156,-0.05156
-0.00001,-0.00001,-0.00001,-0.00001,-0.05247,-0.05247,-0.05247,-0.05247
-0.00001,-0.00001,-0.00001,-0.00001,-0.05339,-0.05339,-0.05339,-0.05339
-0.00001,-0.00001,-0.00001,-0.00001,-0.05432,-0.05432,-0.05432,-0.05432
-0.00001,-0.00001,-0.00001,-0.00001,-0.05525,-0.05525,-0.05525,-0.05525
-0.00001,-0.00001,-0.00001,-0.00001,-0.05619,-0.05619,-0.05619,-0.05619
-0.00001,-0.00001,-0.00001,-0.00001,-0.05714,-0.05714,-0.05714,-0.05714
-0.00001,-0.00001,-0.00001,-0.00001,-0.05809,-0.05809,-0.05809,-0.05809
-0.00001,-0.00001,-0.00001,-0.00001,-0.05905,-0.05905,-0.05905,-0.05905
-0.00001,-0.00001,-0.00001,-0.00001,-0.06002,-0.06002,-0.06002,-0.06002
-0.00001,-0.00001,-0.00001,-0.00001,-0.06099,-0.06099,-0.06099,-0.06099
-0.00001,-0.00001,-0.00001,-0.00001,-0.06197,-0.06197,-0.06197,-0.06197
-0.00001,-0.00001,-0.00001,-0.00001,-0.06296,-0.06296,-0.06296,-0.06296
-0.00001,-0.00001,-0.00001,-0.00001,-0.06395,-0.06395,-0.06395,-0.06395
-0.00001,-0.00001,-0.00001,-0.00001,-0.06494,-0.06494,-0.06494,-0.06494
-0.00001,-0.00001,-0.00001,-0.00001,-0.06595,-0.06595,-0.06595,-0.06595
-0.00001,-0.00001,-0.00001,-0.00001,-0.06695,-0.06695,-0.06695,-0.06695
-0.00001,-0.00001,-0.00001,-0.00001,-0.06797,-0.06797,-0.06797,-0.06797
-0.00001,-0.00001,-0.00001,-0.00001,-0.06899,-0.06899,-0.06899,-0.06899
-0.00001,-0.00001,-0.00001,-0.00001,-0.07001,-0.07001,-0.07001,-0.07001
-0.00001,-0.00002,-0.00002,-0.00001,-0.07104,-0.07104,-0.07104,-0.07104
-0.00002,-0.00002,-0.00002,-0.00002,-0.07208,-0.07208,-0.07208,-0.07208
-0.00002,-0.00002,-0.00002,-0.00002,-0.07312,-0.07312,-0.07312,-0.07312
-0.00002,-0.00002,-0.00002,-0.00002,-0.07417,-0.07417,-0.07417,-0.07417
-0.00002,-0.00002,-0.00002,-0.00002,-0.07522,-0.07522,-0.07522,-0.07522
-0.00002,-0.00002,-0.00002,-0.00002,-0.07627,-0.07627,-0.07627,-0.07627
-0.00002,-0.00002,-0.00002,-0.00002,-0.07733,-0.07733,-0.07733,-0.07733
-0.00002,-0.00002,-0.00002,-0.00002,-0.07840,-0.07840,-0.07840,-0.07840
-0.00002,-0.00002,-0.00002,-0.00002,-0.07947,-0.07947,-0.07947,-0.07947
-0.00002,-0.00002,-0.00002,-0.00002,-0.08054,-0.08054,-0.08054,-0.08054
-0.00002,-0.00002,-0.00002,-0.00002,-0.08162,-0.08162,-0.08162,-0.08162
-0.00002,-0.00002,-0.00002,-0.00002,-0.08271,-0.08271,-0.08271,-0.08271
-0.00002,-0.00002,-0.00002,-0.00002,-0.08380,-0.08380,-0.08380,-0.08380
-0.00002,-0.00002,-0.00002,-0.00002,-0.08489,-0.08489,-0.08489,-0.08489
-0.00002,-0.00002,-0.00002,-0.00002,-0.08598,-0.08598,-0.08598,-0.08598
-0.00002,-0.00002,-0.00002,-0.00002,-0.08708,-0.08708,-0.08708,-0.08708
-0.00002,-0.00002,-0.00002,-0.00002,-0.08819,-0.08819,-0.08819,-0.08819
-0.00002,-0.00002,-0.00002,-0.00002,-0.08929,-0.08929,-0.08929,-0.08929
-0.00002,-0.00002,-0.00002,-0.00002,-0.09041,-0.09041,-0.09041,-0.09041
-0.00002,-0.00002,-0.00002,-0.00002,-0.09152,-0.09152,-0.09152,-0.09152
-0.00002,-0.00002,-0.00002,-0.00002,-0.09264,-0.09264,-0.09264,-0.09264
-0.00002,-0.00002,-0.00002,-0.00002,-0.09376,-0.09376,-0.09376,-0.09376
-0.00002,-0.00002,-0.00002,-0.00002,-0.09488,-0.09488,-0.09488,-0.09488
-0.00002,-0.00002,-0.00002,-0.00002,-0.09601,-0.09601,-0.09601,-0.09601
-0.00002,-0.00002,-0.00002,-0.00002,-0.09714,-0.09714,-0.09714,-0.09714
-0.00002,-0.00002,-0.00002,-0.00002,-0.09827,-0.09827,-0.09827,-0.09827
-0.00002,-0.00002,-0.00002,-0.00002,-0.09941,-0.09941,-0.09941,-0.09941
-0.00002,-0.00002,-0.00002,-0.00002,-0.10055,-0.10055,-0.10055,-0.10055
-0.00002,-0.00002,-0.00002,-0.00002,-0.10169,-0.10169,-0.10169,-0.10169
-0.00002,-0.00002,-0.00002,-0.00002,-0.10283,-0.10283,-0.10283,-0.10283
-0.00002,-0.00002,-0.00002,-0.00002,-0.10398,-0.10398,-0.10398,-0.10398
-0.00002,-0.00002,-0.00002,-0.00002,-0.10512,-0.10512,-0.10512,-0.10512
-0.00002,-0.00002,-0.00002,-0.00002,-0.10627,-0.10627,-0.10627,-0.10627
-0.00002,-0.00002,-0.00002,-0.00002,-0.10743,-0.10743,-0.10743,-0.10743
-0.00002,-0.00002,-0.00002,-0.00002,-0.10858,-0.10858,-0.10858,-0.10858
-0.00002,-0.00002,-0.00002,-0.00002,-0.10974,-0.10974,-0.10974,-0.10974
-0.00002,-0.00002,-0.00002,-0.00002,-0.11089,-0.11089,-0.11089,-0.11089
-0.00002,-0.00002,-0.00002,-0.00002,-0.11205,-0.11205,-0.11205,-0.11205
-0.00002,-0.00002,-0.00002,-0.00002,-0.11321,-0.11321,-0.11321,-0.11321
-0.00002,-0.00003,-0.00003,-0.00002,-0.11437,-0.11437,-0.11437,-0.11437
-0.00003,-0.00003,-0.00003,-0.00003,-0.11553,-0.11553,-0.11553,-0.11553
-0.00003,-0.00003,-0.00003,-0.00003,-0.11670,-0.11670,-0.11670,-0.11670
-0.00003,-0.00003,-0.00003,-0.00003,-0.11786,-0.11786,-0.11786,-0.11786
-0.00003,-0.00003,-0.00003,-0.00003,-0.11903,-0.11903,-0.11903,-0.11903
-0.00003,-0.00003,-0.00003,-0.00003,-0.12019,-0.12019,-0.12019,-0.12019
-0.00003,-0.00003,-0.00003,-0.00003,-0.12136,-0.12136,-0.12136,-0.12136
-0.00003,-0.00003,-0.00003,-0.00003,-0.12253,-0.12253,-0.12253,-0.12253
-0.00003,-0.00003,-0.00003,-0.00003,-0.12369,-0.12369,-0.12369,-0.12369
-0.00003,-0.00003,-0.00003,-0.00003,-0.12486,-0.12486,-0.12486,-0.12486
-0.00003,-0.00003,-0.00003,-0.00003,-0.12603,-0.12603,-0.12603,-0.12603
-0.00003,-0.00003,-0.00003,-0.00003,-0.12720,-0.12720,-0.12720,-0.12720
-0.00003,-0.00003,-0.00003,-0.00003,-0.12836,-0.12836,-0.12836,-0.12836
-0.00003,-0.00003,-0.00003,-0.00003,-0.12953,-0.12953,-0.12953,-0.12953
-0.00003,-0.00003,-0.00003,-0.00003,-0.13070,-0.13070,-0.13070,-0.13070
-0.00003,-0.00003,-0.00003,-0.00003,-0.13186,-0.13186,-0.13186,-0.13186
-0.00003,-0.00003,-0.00003,-0.00003,-0.13303,-0.13303,-0.13303,-0.13303
-0.00003,-0.00003,-0.00003,-0.00003,-0.13420,-0.13420,-0.13420,-0.13420
-0.00003,-0.00003,-0.00003,-0.00003,-0.13536,-0.13536,-0.13536,-0.13536
-0.00003,-0.00003,-0.00003,-0.00003,-0.13652,-0.13652,-0.13652,-0.13652
-0.00003,-0.00003,-0.00003,-0.00003,-0.13769,-0.13769,-0.13769,-0.13769
-0.00003,-0.00003,-0.00003,-0.00003,-0.13885,-0.13885,-0.13885,-0.13885
-0.00003,-0.00003,-0.00003,-0.00003,-0.14001,-0.14001,-0.14001,-0.14001
-0.00003,-0.00003,-0.00003,-0.00003,-0.14117,-0.14117,-0.14117,-0.14117
-0.00003,-0.00003,-0.00003,-0.00003,-0.14233,-0.14233,-0.14233,-0.14233
-0.00003,-0.00003,-0.00003,-0.00003,-0.14349,-0.14348,-0.14348,-0.14349
-0.00003,-0.00003,-0.00003,-0.00003,-0.14464,-0.14464,-0.14464,-0.14464
-0.00003,-0.00003,-0.00003,-0.00003,-0.14579,-0.14579,-0.14579,-0.14579
-0.00003,-0.00003,-0.00003,-0.00003,-0.14695,-0.14695,-0.14695,-0.14695
-0.00003,-0.00003,-0.00003,-0.00003,-0.14809,-0.14809,-0.14809,-0.14809
-0.00003,-0.00003,-0.00003,-0.00003,-0.14924,-0.14924,-0.14924,-0.14924
-0.00003,-0.00003,-0.00003,-0.00003,-0.15039,-0.15039,-0.15039,-0.15039
-0.00003,-0.00003,-0.00003,-0.00003,-0.15153,-0.15153,-0.15153,-0.15153
-0.00003,-0.00004,-0.00004,-0.00003,-0.15267,-0.15267,-0.15267,-0.15267
-0.00004,-0.00004,-0.00004,-0.00004,-0.15381,-0.15381,-0.15381,-0.15381
-0.00004,-0.00004,-0.00004,-0.00004,-0.15495,-0.15495,-0.15495,-0.15495
-0.00004,-0.00004,-0.00004,-0.00004,-0.15608,-0.15608,-0.15608,-0.15608
-0.00004,-0.00004,-0.00004,-0.00004,-0.15721,-0.15721,-0.15721,-0.15721
-0.00004,-0.00004,-0.00004,-0.00004,-0.15834,-0.15834,-0.15834,-0.15834
-0.00004,-0.00004,-0.00004,-0.00004,-0.15946,-0.15946,-0.15946,-0.15946
-0.00004,-0.00004,-0.00004,-0.00004,-0.16059,-0.16059,-0.16059,-0.16059
-0.00004,-0.00004,-0.00004,-0.00004,-0.16170,-0.16170,-0.16170,-0.16170
-0.00004,-0.00004,-0.00004,-0.00004,-0.16282,-0.16282,-0.16282,-0.16282
-0.00004,-0.00004,-0.00004,-0.00004,-0.16393,-0.16393,-0.16393,-0.16393
-0.00004,-0.00004,-0.00004,-0.00004,-0.16504,-0.16504,-0.16504,-0.16504
-0.00004,-0.00004,-0.00004,-0.00004,-0.16615,-0.16615,-0.16615,-0.16615
-0.00004,-0.00004,-0.00004,-0.00004,-0.16725,-0.16725,-0.16725,-0.16725
-0.00004,-0.00004,-0.00004,-0.00004,-0.16835,-0.16835,-0.16835,-0.16835
-0.00004,-0.00004,-0.00004,-0.00004,-0.16944,-0.16944,-0.16944,-0.16944
-0.00004,-0.00004,-0.00004,-0.00004,-0.17053,-0.17053,-0.17053,-0.17053
-0.00004,-0.00004,-0.00004,-0.00004,-0.17162,-0.17162,-0.17162,-0.17162
-0.00004,-0.00004,-0.00004,-0.00004,-0.17270,-0.17270,-0.17270,-0.17270
-0.00004,-0.00004,-0.00004,-0.00004,-0.17378,-0.17378,-0.17378,-0.17378
-0.00004,-0.00004,-0.00004,-0.00004,-0.17486,-0.17485,-0.17485,-0.17486
-0.00004,-0.00004,-0.00004,-0.00004,-0.17593,-0.17593,-0.17593,-0.17593
-0.00004,-0.00004,-0.00004,-0.00004,-0.17699,-0.17699,-0.17699,-0.17699
-0.00004,-0.00004,-0.00004,-0.00004,-0.17805,-0.17805,-0.17805,-0.17805
-0.00004,-0.00004,-0.00004,-0.00004,-0.17911,-0.17911,-0.17911,-0.17911
-0.00004,-0.00004,-0.00004,-0.00004,-0.18016,-0.18016,-0.18016,-0.18016
-0.00004,-0.00004,-0.00004,-0.00004,-0.18121,-0.18121,-0.18121,-0.18121
-0.00004,-0.00004,-0.00004,-0.00004,-0.18225,-0.18225,-0.18225,-0.18225
-0.00004,-0.00004,-0.00004,-0.00004,-0.18329,-0.18329,-0.18329,-0.18329
-0.00004,-0.00004,-0.00004,-0.00004,-0.18432,-0.18432,-0.18432,-0.18432
-0.00004,-0.00004,-0.00004,-0.00004,-0.18535,-0.18535,-0.18535,-0.18535
-0.00004,-0.00005,-0.00005,-0.00004,-0.18638,-0.18638,-0.18638,-0.18638
-0.00005,-0.00005,-0.00005,-0.00005,-0.18739,-0.18739,-0.18739,-0.18739
-0.00005,-0.00005,-0.00005,-0.00005,-0.18841,-0.18841,-0.18841,-0.18841
-0.00005,-0.00005,-0.00005,-0.00005,-0.18941,-0.18941,-0.18941,-0.18941
-0.00005,-0.00005,-0.00005,-0.00005,-0.19042,-0.19042,-0.19042,-0.19042
-0.00005,-0.00005,-0.00005,-0.00005,-0.19141,-0.19141,-0.19141,-0.19141
-0.00005,-0.00005,-0.00005,-0.00005,-0.19241,-0.19241,-0.19241,-0.19241
-0.00005,-0.00005,-0.00005,-0.00005,-0.19339,-0.19339,-0.19339,-0.19339
-0.00005,-0.00005,-0.00005,-0.00005,-0.19437,-0.19437,-0.19437,-0.19437
-0.00005,-0.00005,-0.00005,-0.00005,-0.19535,-0.19535,-0.19535,-0.19535
-0.00005,-0.00005,-0.00005,-0.00005,-0.19632,-0.19632,-0.19632,-0.19632
-0.00005,-0.00005,-0.00005,-0.00005,-0.19728,-0.19728,-0.19728,-0.19728
-0.00005,-0.00005,-0.00005,-0.00005,-0.19824,-0.19824,-0.19824,-0.19824
-0.00005,-0.00005,-0.00005,-0.00005,-0.19919,-0.19919,-0.19919,-0.19919
-0.00005,-0.00005,-0.00005,-0.00005,-0.20014,-0.20014,-0.20014,-0.20014
-0.00005,-0.00005,-0.00005,-0.00005,-0.20108,-0.20108,-0.20108,-0.20108
-0.00005,-0.00005,-0.00005,-0.00005,-0.20201,-0.20201,-0.20201,-0.20201
-0.00005,-0.00005,-0.00005,-0.00005,-0.20294,-0.20294,-0.20294,-0.20294
-0.00005,-0.00005,-0.00005,-0.00005,-0.20386,-0.20386,-0.20386,-0.20386
-0.00005,-0.00005,-0.00005,-0.00005,-0.20478,-0.20478,-0.20478,-0.20478
-0.00005,-0.00005,-0.00005,-0.00005,-0.20569,-0.20569,-0.20569,-0.20569
-0.00005,-0.00005,-0.00005,-0.00005,-0.20659,-0.20659,-0.20659,-0.20659
-0.00005,-0.00005,-0.00005,-0.00005,-0.20749,-0.20749,-0.20749,-0.20749
-0.00005,-0.00005,-0.00005,-0.00005,-0.20838,-0.20838,-0.20838,-0.20838
-0.00005,-0.00005,-0.00005,-0.00005,-0.20926,-0.20926,-0.20926,-0.20926
-0.00005,-0.00005,-0.00005,-0.00005,-0.21014,-0.21014,-0.21014,-0.21014
-0.00005,-0.00005,-0.00005,-0.00005,-0.21101,-0.21101,-0.21101,-0.21101
-0.00005,-0.00005,-0.00005,-0.00005,-0.21188,-0.21188,-0.21188,-0.21188
-0.00005,-0.00005,-0.00005,-0.00005,-0.21274,-0.21274,-0.21274,-0.21274
-0.00005,-0.00005,-0.00005,-0.00005,-0.21359,-0.21359,-0.21359,-0.21359
-0.00005,-0.00005,-0.00005,-0.00005,-0.21444,-0.21444,-0.21444,-0.21444
-0.00005,-0.00005,-0.00005,-0.00005,-0.21528,-0.21528,-0.21528,-0.21528
-0.00006,-0.00006,-0.00006,-0.00006,-0.21611,-0.21611,-0.21611,-0.21611
-0.00006,-0.00006,-0.00006,-0.00006,-0.21693,-0.21693,-0.21693,-0.21693
-0.00006,-0.00006,-0.00006,-0.00006,-0.21775,-0.21775,-0.21775,-0.21775
-0.00006,-0.00006,-0.00006,-0.00006,-0.21857,-0.21857,-0.21857,-0.21857
-0.00006,-0.00006,-0.00006,-0.00006,-0.21937,-0.21937,-0.21937,-0.21937
-0.00006,-0.00006,-0.00006,-0.00006,-0.22017,-0.22017,-0.22017,-0.22017
-0.00006,-0.00006,-0.00006,-0.00006,-0.22096,-0.22096,-0.22096,-0.22096
-0.00006,-0.00006,-0.00006,-0.00006,-0.22175,-0.22175,-0.22175,-0.22175
-0.00006,-0.00006,-0.00006,-0.00006,-0.22253,-0.22253,-0.22253,-0.22253
-0.00006,-0.00006,-0.00006,-0.00006,-0.22330,-0.22330,-0.22330,-0.22330
-0.00006,-0.00006,-0.00006,-0.00006,-0.22406,-0.22406,-0.22406,-0.22406
-0.00006,-0.00006,-0.00006,-0.00006,-0.22482,-0.22482,-0.22482,-0.22482
-0.00006,-0.00006,-0.00006,-0.00006,-0.22557,-0.22557,-0.22557,-0.22557
-0.00006,-0.00006,-0.00006,-0.00006,-0.22631,-0.22631,-0.22631,-0.22631
-0.00006,-0.00006,-0.00006,-0.00006,-0.22705,-0.22705,-0.22705,-0.22705
-0.00006,-0.00006,-0.00006,-0.00006,-0.22778,-0.22778,-0.22778,-0.22778
-0.00006,-0.00006,-0.00006,-0.00006,-0.22850,-0.22850,-0.22850,-0.22850
-0.00006,-0.00006,-0.00006,-0.00006,-0.22922,-0.22922,-0.22922,-0.22922
-0.00006,-0.00006,-0.00006,-0.00006,-0.22993,-0.22993,-0.22993,-0.22993
-0.00006,-0.00006,-0.00006,-0.00006,-0.23063,-0.23063,-0.23063,-0.23063
-0.00006,-0.00006,-0.00006,-0.00006,-0.23133,-0.23133,-0.23133,-0.23133
-0.00006,-0.00006,-0.00006,-0.00006,-0.23201,-0.23201,-0.23201,-0.23201
-0.00006,-0.00006,-0.00006,-0.00006,-0.23270,-0.23270,-0.23270,-0.23270
-0.00006,-0.00006,-0.00006,-0.00006,-0.23337,-0.23337,-0.23337,-0.23337
-0.00006,-0.00006,-0.00006,-0.00006,-0.23404,-0.23404,-0.23404,-0.23404
-0.00006,-0.00006,-0.00006,-0.00006,-0.23470,-0.23470,-0.23470,-0.23470
-0.00006,-0.00006,-0.00006,-0.00006,-0.23535,-0.23535,-0.23535,-0.23535
-0.00006,-0.00006,-0.00006,-0.00006,-0.23600,-0.23600,-0.23600,-0.23600
-0.00006,-0.00006,-0.00006,-0.00006,-0.23664,-0.23664,-0.23664,-0.23664
-0.00006,-0.00006,-0.00006,-0.00006,-0.23727,-0.23727,-0.23727,-0.23727
-0.00006,-0.00006,-0.00006,-0.00006,-0.23789,-0.23789,-0.23789,-0.23789
-0.00006,-0.00006,-0.00006,-0.00006,-0.23851,-0.23851,-0.23851,-0.23851
-0.00006,-0.00006,-0.00006,-0.00006,-0.23912,-0.23912,-0.23912,-0.23912
-0.00006,-0.00006,-0.00006,-0.00006,-0.23973,-0.23973,-0.23973,-0.23973
-0.00006,-0.00006,-0.00006,-0.00006,-0.24032,-0.24032,-0.24032,-0.24032
-0.00006,-0.00006,-0.00006,-0.00006,-0.24091,-0.24091,-0.24091,-0.24091
-0.00006,-0.00006,-0.00006,-0.00006,-0.24150,-0.24150,-0.24150,-0.24150
-0.00007,-0.00007,-0.00007,-0.00007,-0.24207,-0.24207,-0.24207,-0.24207
-0.00007,-0.00007,-0.00007,-0.00007,-0.24264,-0.24264,-0.24264,-0.24264
-0.00007,-0.00007,-0.00007,-0.00007,-0.24321,-0.24321,-0.24321,-0.24321
-0.00007,-0.00007,-0.00007,-0.00007,-0.24376,-0.24376,-0.24376,-0.24376
-0.00007,-0.00007,-0.00007,-0.00007,-0.24431,-0.24431,-0.24431,-0.24431
-0.00007,-0.00007,-0.00007,-0.00007,-0.24485,-0.24485,-0.24485,-0.24485
-0.00007,-0.00007,-0.00007,-0.00007,-0.24539,-0.24539,-0.24539,-0.24539
-0.00007,-0.00007,-0.00007,-0.00007,-0.24592,-0.24592,-0.24592,-0.24592
-0.00007,-0.00007,-0.00007,-0.00007,-0.24644,-0.24644,-0.24644,-0.24644
-0.00007,-0.00007,-0.00007,-0.00007,-0.24696,-0.24696,-0.24696,-0.24696
-0.00007,-0.00007,-0.00007,-0.00007,-0.24747,-0.24747,-0.24747,-0.24747
-0.00007,-0.00007,-0.00007,-0.00007,-0.24797,-0.24797,-0.24797,-0.24797
-0.00007,-0.00007,-0.00007,-0.00007,-0.24846,-0.24846,-0.24846,-0.24846
-0.00007,-0.00007,-0.00007,-0.00007,-0.24895,-0.24895,-0.24895,-0.24895
-0.00007,-0.00007,-0.00007,-0.00007,-0.24943,-0.24943,-0.24943,-0.24943
-0.00007,-0.00007,-0.00007,-0.00007,-0.24991,-0.24991,-0.24991,-0.24991
-0.00007,-0.00007,-0.00007,-0.00007,-0.25038,-0.25038,-0.25038,-0.25038
-0.00007,-0.00007,-0.00007,-0.00007,-0.25084,-0.25084,-0.25084,-0.25084
-0.00007,-0.00007,-0.00007,-0.00007,-0.25130,-0.25130,-0.25130,-0.25130
-0.00007,-0.00007,-0.00007,-0.00007,-0.25175,-0.25175,-0.25175,-0.25175
-0.00007,-0.00007,-0.00007,-0.00007,-0.25219,-0.25219,-0.25219,-0.25219
-0.00007,-0.00007,-0.00007,-0.00007,-0.25263,-0.25263,-0.25263,-0.25263
-0.00007,-0.00007,-0.00007,-0.00007,-0.25306,-0.25306,-0.25306,-0.25306
-0.00007,-0.00007,-0.00007,-0.00007,-0.25348,-0.25348,-0.25348,-0.25348
-0.00007,-0.00007,-0.00007,-0.00007,-0.25390,-0.25390,-0.25390,-0.25390
-0.00007,-0.00007,-0.00007,-0.00007,-0.25431,-0.25431,-0.25431,-0.25431
-0.00007,-0.00007,-0.00007,-0.00007,-0.25471,-0.25471,-0.25471,-0.25471
-0.00007,-0.00007,-0.00007,-0.00007,-0.25511,-0.25511,-0.25511,-0.25511
-0.00007,-0.00007,-0.00007,-0.00007,-0.25551,-0.25551,-0.25551,-0.25551
-0.00007,-0.00007,-0.00007,-0.00007,-0.25589,-0.25589,-0.25589,-0.25589
-0.00007,-0.00007,-0.00007,-0.00007,-0.25627,-0.25627,-0.25627,-0.25627
-0.00007,-0.00007,-0.00007,-0.00007,-0.25665,-0.25665,-0.25665,-0.25665
-0.00007,-0.00007,-0.00007,-0.00007,-0.25702,-0.25702,-0.25702,-0.25702
-0.00007,-0.00007,-0.00007,-0.00007,-0.25738,-0.25738,-0.25738,-0.25738
-0.00007,-0.00007,-0.00007,-0.00007,-0.25774,-0.25774,-0.25774,-0.25774
-0.00007,-0.00007,-0.00007,-0.00007,-0.25809,-0.25809,-0.25809,-0.25809
-0.00007,-0.00007,-0.00007,-0.00007,-0.25844,-0.25844,-0.25844,-0.25844
-0.00007,-0.00007,-0.00007,-0.00007,-0.25878,-0.25878,-0.25878,-0.25878
-0.00007,-0.00007,-0.00007,-0.00007,-0.25911,-0.25911,-0.25911,-0.25911
-0.00007,-0.00007,-0.00007,-0.00007,-0.25944,-0.25944,-0.25944,-0.25944
-0.00007,-0.00007,-0.00007,-0.00007,-0.25976,-0.25976,-0.25976,-0.25976
-0.00007,-0.00007,-0.00007,-0.00007,-0.26008,-0.26008,-0.26008,-0.26008
-0.00007,-0.00007,-0.00007,-0.00007,-0.26039,-0.26039,-0.26039,-0.26039
-0.00007,-0.00007,-0.00007,-0.00007,-0.26070,-0.26070,-0.26070,-0.26070
-0.00007,-0.00007,-0.00007,-0.00007,-0.26100,-0.26100,-0.26100,-0.26100
-0.00007,-0.00007,-0.00007,-0.00007,-0.26129,-0.26129,-0.26129,-0.26129
-0.00007,-0.00007,-0.00007,-0.00007,-0.26158,-0.26158,-0.26158,-0.26158
-0.00007,-0.00007,-0.00007,-0.00007,-0.26187,-0.26187,-0.26187,-0.26187
-0.00007,-0.00007,-0.00007,-0.00007,-0.26215,-0.26215,-0.26215,-0.26215
-0.00007,-0.00007,-0.00007,-0.00007,-0.26242,-0.26242,-0.26242,-0.26242
-0.00007,-0.00007,-0.00007,-0.00007,-0.26269,-0.26269,-0.26269,-0.26269
-0.00007,-0.00007,-0.00007,-0.00007,-0.26296,-0.26296,-0.26296,-0.26296
-0.00008,-0.00007,-0.00007,-0.00008,-0.26322,-0.26322,-0.26322,-0.26322
-0.00008,-0.00008,-0.00008,-0.00008,-0.26347,-0.26347,-0.26347,-0.26347
-0.00008,-0.00008,-0.00008,-0.00008,-0.26372,-0.26372,-0.26372,-0.26372
-0.00008,-0.00008,-0.00008,-0.00008,-0.26397,-0.26397,-0.26397,-0.26397
-0.00008,-0.00008,-0.00008,-0.00008,-0.26421,-0.26421,-0.26421,-0.26421
-0.00008,-0.00008,-0.00008,-0.00008,-0.26444,-0.26444,-0.26444,-0.26444
-0.00008,-0.00008,-0.00008,-0.00008,-0.26467,-0.26467,-0.26467,-0.26467
-0.00008,-0.00008,-0.00008,-0.00008,-0.26490,-0.26490,-0.26490,-0.26490
-0.00008,-0.00008,-0.00008,-0.00008,-0.26512,-0.26512,-0.26512,-0.26512
-0.00008,-0.00008,-0.00008,-0.00008,-0.26534,-0.26534,-0.26534,-0.26534
-0.00008,-0.00008,-0.00008,-0.00008,-0.26555,-0.26555,-0.26555,-0.26555
-0.00008,-0.00008,-0.00008,-0.00008,-0.26576,-0.26576,-0.26576,-0.26576
-0.00008,-0.00008,-0.00008,-0.00008,-0.26596,-0.26596,-0.26596,-0.26596
-0.00008,-0.00008,-0.00008,-0.00008,-0.26616,-0.26616,-0.26616,-0.26616
-0.00008,-0.00008,-0.00008,-0.00008,-0.26636,-0.26636,-0.26636,-0.26636
-0.00008,-0.00008,-0.00008,-0.00008,-0.26655,-0.26655,-0.26655,-0.26655
-0.00008,-0.00008,-0.00008,-0.00008,-0.26673,-0.26673,-0.26673,-0.26673
-0.00008,-0.00008,-0.00008,-0.00008,-0.26692,-0.26692,-0.26692,-0.26692
-0.00008,-0.00008,-0.00008,-0.00008,-0.26709,-0.26709,-0.26709,-0.26709
-0.00008,-0.00008,-0.00008,-0.00008,-0.26727,-0.26727,-0.26727,-0.26727
-0.00008,-0.00008,-0.00008,-0.00008,-0.26744,-0.26744,-0.26744,-0.26744
-0.00008,-0.00008,-0.00008,-0.00008,-0.26761,-0.26761,-0.26761,-0.26761
-0.00008,-0.00008,-0.00008,-0.00008,-0.26777,-0.26777,-0.26777,-0.26777
-0.00008,-0.00008,-0.00008,-0.00008,-0.26793,-0.26793,-0.26793,-0.26793
-0.00008,-0.00008,-0.00008,-0.00008,-0.26808,-0.26808,-0.26808,-0.26808
-0.00008,-0.00008,-0.00008,-0.00008,-0.26824,-0.26824,-0.26824,-0.26824
-0.00008,-0.00008,-0.00008,-0.00008,-0.26838,-0.26838,-0.26838,-0.26838
-0.00008,-0.00008,-0.00008,-0.00008,-0.26853,-0.26853,-0.26853,-0.26853
-0.00008,-0.00008,-0.00008,-0.00008,-0.26867,-0.26867,-0.26867,-0.26867
-0.00008,-0.00008,-0.00008,-0.00008,-0.26881,-0.26881,-0.26881,-0.26881
-0.00008,-0.00008,-0.00008,-0.00008,-0.26894,-0.26894,-0.26894,-0.26894
-0.00008,-0.00008,-0.00008,-0.00008,-0.26907,-0.26907,-0.26907,-0.26907
-0.00008,-0.00008,-0.00008,-0.00008,-0.26920,-0.26920,-0.26920,-0.26920
-0.00008,-0.00008,-0.00008,-0.00008,-0.26932,-0.26932,-0.26932,-0.26932
-0.00008,-0.00008,-0.00008,-0.00008,-0.26945,-0.26945,-0.26945,-0.26945
-0.00008,-0.00008,-0.00008,-0.00008,-0.26956,-0.26956,-0.26956,-0.26956
-0.00008,-0.00008,-0.00008,-0.00008,-0.26968,-0.26968,-0.26968,-0.26968
-0.00008,-0.00008,-0.00008,-0.00008,-0.26979,-0.26979,-0.26979,-0.26979
-0.00008,-0.00008,-0.00008,-0.00008,-0.26990,-0.26990,-0.26990,-0.26990
-0.00008,-0.00008,-0.00008,-0.00008,-0.27001,-0.27001,-0.27001,-0.27001
-0.00008,-0.00008,-0.00008,-0.00008,-0.27011,-0.27011,-0.27011,-0.27011
-0.00008,-0.00008,-0.00008,-0.00008,-0.27021,-0.27021,-0.27021,-0.27021
-0.00008,-0.00008,-0.00008,-0.00008,-0.27031,-0.27031,-0.27031,-0.27031
-0.00008,-0.00008,-0.00008,-0.00008,-0.27040,-0.27040,-0.27040,-0.27040
-0.00008,-0.00008,-0.00008,-0.00008,-0.27050,-0.27050,-0.27050,-0.27050
-0.00008,-0.00008,-0.00008,-0.00008,-0.27059,-0.27059,-0.27059,-0.27059
-0.00008,-0.00008,-0.00008,-0.00008,-0.27067,-0.27067,-0.27067,-0.27067
-0.00008,-0.00008,-0.00008,-0.00008,-0.27076,-0.27076,-0.27076,-0.27076
-0.00008,-0.00008,-0.00008,-0.00008,-0.27084,-0.27084,-0.27084,-0.27084
-0.00008,-0.00008,-0.00008,-0.00008,-0.27092,-0.27092,-0.27092,-0.27092
-0.00008,-0.00008,-0.00008,-0.00008,-0.27100,-0.27100,-0.27100,-0.27100
-0.00008,-0.00008,-0.00008,-0.00008,-0.27107,-0.27107,-0.27107,-0.27107
-0.00008,-0.00008,-0.00008,-0.00008,-0.27115,-0.27115,-0.27115,-0.27115
-0.00008,-0.00008,-0.00008,-0.00008,-0.27122,-0.27122,-0.27122,-0.27122
-0.00008,-0.00008,-0.00008,-0.00008,-0.27129,-0.27129,-0.27129,-0.27129
-0.00008,-0.00008,-0.00008,-0.00008,-0.27135,-0.27135,-0.27135,-0.27135
-0.00008,-0.00008,-0.00008,-0.00008,-0.27142,-0.27142,-0.27142,-0.27142
-0.00008,-0.00008,-0.00008,-0.00008,-0.27148,-0.27148,-0.27148,-0.27148
-0.00008,-0.00008,-0.00008,-0.00008,-0.27154,-0.27154,-0.27154,-0.27154
-0.00008,-0.00008,-0.00008,-0.00008,-0.27160,-0.27160,-0.27160,-0.27160
-0.00008,-0.00008,-0.00008,-0.00008,-0.27166,-0.27166,-0.27166,-0.27166
-0.00008,-0.00008,-0.00008,-0.00008,-0.27171,-0.27171,-0.27171,-0.27171
-0.00008,-0.00008,-0.00008,-0.00008,-0.27176,-0.27176,-0.27176,-0.27176
-0.00008,-0.00008,-0.00008,-0.00008,-0.27182,-0.27182,-0.27182,-0.27182
-0.00008,-0.00008,-0.00008,-0.00008,-0.27186,-0.27187,-0.27187,-0.27186
-0.00008,-0.00008,-0.00008,-0.00008,-0.27191,-0.27191,-0.27191,-0.27191
-0.00008,-0.00008,-0.00008,-0.00008,-0.27196,-0.27196,-0.27196,-0.27196
-0.00008,-0.00008,-0.00008,-0.00008,-0.27200,-0.27200,-0.27200,-0.27200
-0.00008,-0.00008,-0.00008,-0.00008,-0.27205,-0.27205,-0.27205,-0.27205
-0.00008,-0.00008,-0.00008,-0.00008,-0.27209,-0.27209,-0.27209,-0.27209
-0.00008,-0.00008,-0.00008,-0.00008,-0.27213,-0.27213,-0.27213,-0.27213
-0.00008,-0.00008,-0.00008,-0.00008,-0.27217,-0.27217,-0.27217,-0.27217
-0.00008,-0.00008,-0.00008,-0.00008,-0.27220,-0.27220,-0.27220,-0.27220
-0.00008,-0.00008,-0.00008,-0.00008,-0.27224,-0.27224,-0.27224,-0.27224
-0.00008,-0.00008,-0.00008,-0.00008,-0.27228,-0.27228,-0.27228,-0.27228
-0.00008,-0.00008,-0.00008,-0.00008,-0.27231,-0.27231,-0.27231,-0.27231
-0.00008,-0.00008,-0.00008,-0.00008,-0.27234,-0.27234,-0.27234,-0.27234
-0.00008,-0.00008,-0.00008,-0.00008,-0.27237,-0.27237,-0.27237,-0.27237
-0.00008,-0.00008,-0.00008,-0.00008,-0.27240,-0.27240,-0.27240,-0.27240
-0.00008,-0.00008,-0.00008,-0.00008,-0.27243,-0.27243,-0.27243,-0.27243
-0.00008,-0.00008,-0.00008,-0.00008,-0.27246,-0.27246,-0.27246,-0.27246
-0.00008,-0.00008,-0.00008,-0.00008,-0.27248,-0.27248,-0.27248,-0.27248
-0.00008,-0.00008,-0.00008,-0.00008,-0.27251,-0.27251,-0.27251,-0.27251
-0.00008,-0.00008,-0.00008,-0.00008,-0.27253,-0.27253,-0.27253,-0.27253
-0.00008,-0.00008,-0.00008,-0.00008,-0.27256,-0.27256,-0.27256,-0.27256
-0.00008,-0.00008,-0.00008,-0.00008,-0.27258,-0.27258,-0.27258,-0.27258
-0.00008,-0.00008,-0.00008,-0.00008,-0.27260,-0.27260,-0.27260,-0.27260
-0.00008,-0.00008,-0.00008,-0.00008,-0.27262,-0.27262,-0.27262,-0.27262
-0.00008,-0.00008,-0.00008,-0.00008,-0.27264,-0.27264,-0.27264,-0.27264
-0.00008,-0.00008,-0.00008,-0.00008,-0.27266,-0.27266,-0.27266,-0.27266
-0.00008,-0.00008,-0.00008,-0.00008,-0.27268,-0.27268,-0.27268,-0.27268
-0.00008,-0.00008,-0.00008,-0.00008,-0.27269,-0.27269,-0.27269,-0.27269
-0.00008,-0.00008,-0.00008,-0.00008,-0.27271,-0.27271,-0.27271,-0.27271
-0.00008,-0.00008,-0.00008,-0.00008,-0.27272,-0.27272,-0.27272,-0.27272
-0.00008,-0.00008,-0.00008,-0.00008,-0.27274,-0.27274,-0.27274,-0.27274
-0.00008,-0.00008,-0.00008,-0.00008,-0.27275,-0.27275,-0.27275,-0.27275
-0.00008,-0.00008,-0.00008,-0.00008,-0.27277,-0.27277,-0.27277,-0.27277
-0.00008,-0.00008,-0.00008,-0.00008,-0.27278,-0.27278,-0.27278,-0.27278
-0.00008,-0.00008,-0.00008,-0.00008,-0.27279,-0.27279,-0.27279,-0.27279
-0.00008,-0.00008,-0.00008,-0.00008,-0.27280,-0.27280,-0.27280,-0.27280
-0.00008,-0.00008,-0.00008,-0.00008,-0.27281,-0.27281,-0.27281,-0.27281
-0.00008,-0.00008,-0.00008,-0.00008,-0.27282,-0.27282,-0.27282,-0.27282
-0.00008,-0.00008,-0.00008,-0.00008,-0.27283,-0.27283,-0.27283,-0.27283
-0.00008,-0.00008,-0.00008,-0.00008,-0.27284,-0.27284,-0.27284,-0.27284
-0.00008,-0.00008,-0.00008,-0.00008,-0.27285,-0.27285,-0.27285,-0.27285
-0.00008,-0.00008,-0.00008,-0.00008,-0.27286,-0.27286,-0.27286,-0.27286
-0.00008,-0.00008,-0.00008,-0.00008,-0.27286,-0.27286,-0.27286,-0.27286
-0.00008,-0.00008,-0.00008,-0.00008,-0.27287,-0.27287,-0.27287,-0.27287
-0.00008,-0.00008,-0.00008,-0.00008,-0.27288,-0.27288,-0.27288,-0.27288
-0.00008,-0.00008,-0.00008,-0.00008,-0.27288,-0.27288,-0.27288,-0.27288
-0.00008,-0.00008,-0.00008,-0.00008,-0.27289,-0.27289,-0.27289,-0.27289
-0.00008,-0.00008,-0.00008,-0.00008,-0.27289,-0.27289,-0.27289,-0.27289
-0.00008,-0.00008,-0.00008,-0.00008,-0.27290,-0.27290,-0.27290,-0.27290
-0.00008,-0.00008,-0.00008,-0.00008,-0.27290,-0.27290,-0.27290,-0.27290
-0.00008,-0.00008,-0.00008,-0.00008,-0.27290,-0.27290,-0.27290,-0.27290
-0.00008,-0.00008,-0.00008,-0.00008,-0.27291,-0.27291,-0.27291,-0.27291
-0.00008,-0.00008,-0.00008,-0.00008,-0.27291,-0.27291,-0.27291,-0.27291
-0.00008,-0.00008,-0.00008,-0.00008,-0.27291,-0.27291,-0.27291,-0.27291
-0.00008,-0.00008,-0.00008,-0.00008,-0.27291,-0.27291,-0.27291,-0.27291
-0.00008,-0.00008,-0.00008,-0.00008,-0.27291,-0.27291,-0.27291,-0.27291
-0.00008,-0.00008,-0.00008,-0.00008,-0.27292,-0.27292,-0.27292,-0.27292
-0.00008,-0.00008,-0.00008,-0.00008,-0.27292,-0.27292,-0.27292,-0.27292
-0.00008,-0.00008,-0.00008,-0.00008,-0.27292,-0.27292,-0.27292,-0.27292
-0.00008,-0.00008,-0.00008,-0.00008,-0.27291,-0.27291,-0.27291,-0.27291
-0.00008,-0.00008,-0.00008,-0.00008,-0.27291,-0.27291,-0.27291,-0.27291
-0.00008,-0.00008,-0.00008,-0.00008,-0.27291,-0.27291,-0.27291,-0.27291
-0.00008,-0.00008,-0.00008,-0.00008,-0.27291,-0.27291,-0.27291,-0.27291
-0.00008,-0.00008,-0.00008,-0.00008,-0.27291,-0.27291,-0.27291,-0.27291
-0.00008,-0.00008,-0.00008,-0.00008,-0.27291,-0.27291,-0.27291,-0.27291
-0.00008,-0.00008,-0.00008,-0.00008,-0.27290,-0.27290,-0.27290,-0.27290
-0.00008,-0.00008,-0.00008,-0.00008,-0.27290,-0.27290,-0.27290,-0.27290
-0.00008,-0.00008,-0.00008,-0.00008,-0.27290,-0.27290,-0.27290,-0.27290
-0.00008,-0.00008,-0.00008,-0.00008,-0.27289,-0.27289,-0.27289,-0.27289
-0.00008,-0.00008,-0.00008,-0.00008,-0.27289,-0.27289,-0.27289,-0.27289
-0.00008,-0.00008,-0.00008,-0.00008,-0.27288,-0.27288,-0.27288,-0.27288
-0.00008,-0.00008,-0.00008,-0.00008,-0.27287,-0.27287,-0.27287,-0.27287
-0.00008,-0.00008,-0.00008,-0.00008,-0.27287,-0.27287,-0.27287,-0.27287
-0.00008,-0.00008,-0.00008,-0.00008,-0.27286,-0.27286,-0.27286,-0.27286
-0.00008,-0.00008,-0.00008,-0.00008,-0.27285,-0.27285,-0.27285,-0.27285
-0.00008,-0.00008,-0.00008,-0.00008,-0.27285,-0.27285,-0.27285,-0.27285
-0.00008,-0.00008,-0.00008,-0.00008,-0.27284,-0.27284,-0.27284,-0.27284
-0.00008,-0.00008,-0.00008,-0.00008,-0.27283,-0.27283,-0.27283,-0.27283
-0.00008,-0.00008,-0.00008,-0.00008,-0.27282,-0.27282,-0.27282,-0.27282
-0.00008,-0.00008,-0.00008,-0.00008,-0.27281,-0.27281,-0.27281,-0.27281
-0.00008,-0.00008,-0.00008,-0.00008,-0.27280,-0.27280,-0.27280,-0.27280
-0.00008,-0.00008,-0.00008,-0.00008,-0.27279,-0.27279,-0.27279,-0.27279
-0.00008,-0.00008,-0.00008,-0.00008,-0.27277,-0.27277,-0.27277,-0.27277
-0.00008,-0.00008,-0.00008,-0.00008,-0.27276,-0.27276,-0.27276,-0.27276
-0.00008,-0.00008,-0.00008,-0.00008,-0.27275,-0.27275,-0.27275,-0.27275
-0.00008,-0.00008,-0.00008,-0.00008,-0.27273,-0.27273,-0.27273,-0.27273
-0.00008,-0.00008,-0.00008,-0.00008,-0.27272,-0.27272,-0.27272,-0.27272
-0.00008,-0.00008,-0.00008,-0.00008,-0.27270,-0.27270,-0.27270,-0.27270
-0.00008,-0.00008,-0.00008,-0.00008,-0.27269,-0.27269,-0.27269,-0.27269
-0.00008,-0.00008,-0.00008,-0.00008,-0.27267,-0.27267,-0.27267,-0.27267
-0.00008,-0.00008,-0.00008,-0.00008,-0.27265,-0.27265,-0.27265,-0.27265
-0.00008,-0.00008,-0.00008,-0.00008,-0.27263,-0.27263,-0.27263,-0.27263
-0.00008,-0.00008,-0.00008,-0.00008,-0.27261,-0.27261,-0.27261,-0.27261
-0.00008,-0.00008,-0.00008,-0.00008,-0.27259,-0.27259,-0.27259,-0.27259
-0.00008,-0.00008,-0.00008,-0.00008,-0.27257,-0.27257,-0.27257,-0.27257
-0.00008,-0.00008,-0.00008,-0.00008,-0.27255,-0.27255,-0.27255,-0.27255
-0.00008,-0.00008,-0.00008,-0.00008,-0.27252,-0.27252,-0.27252,-0.27252
-0.00008,-0.00008,-0.00008,-0.00008,-0.27250,-0.27250,-0.27250,-0.27250
-0.00008,-0.00008,-0.00008,-0.00008,-0.27247,-0.27247,-0.27247,-0.27247
-0.00008,-0.00008,-0.00008,-0.00008,-0.27245,-0.27245,-0.27245,-0.27245
-0.00008,-0.00008,-0.00008,-0.00008,-0.27242,-0.27242,-0.27242,-0.27242
-0.00008,-0.00008,-0.00008,-0.00008,-0.27239,-0.27239,-0.27239,-0.27239
-0.00008,-0.00008,-0.00008,-0.00008,-0.27236,-0.27236,-0.27236,-0.27236
-0.00008,-0.00008,-0.00008,-0.00008,-0.27233,-0.27233,-0.27233,-0.27233
-0.00008,-0.00008,-0.00008,-0.00008,-0.27229,-0.27229,-0.27229,-0.27229
-0.00008,-0.00008,-0.00008,-0.00008,-0.27226,-0.27226,-0.27226,-0.27226
-0.00008,-0.00008,-0.00008,-0.00008,-0.27222,-0.27222,-0.27222,-0.27222
-0.00008,-0.00008,-0.00008,-0.00008,-0.27219,-0.27219,-0.27219,-0.27219
-0.00008,-0.00008,-0.00008,-0.00008,-0.27215,-0.27215,-0.27215,-0.27215
-0.00008,-0.00008,-0.00008,-0.00008,-0.27211,-0.27211,-0.27211,-0.27211
-0.00008,-0.00008,-0.00008,-0.00008,-0.27207,-0.27207,-0.27207,-0.27207
-0.00008,-0.00008,-0.00008,-0.00008,-0.27203,-0.27203,-0.27203,-0.27203
-0.00008,-0.00008,-0.00008,-0.00008,-0.27198,-0.27198,-0.27198,-0.27198
-0.00008,-0.00008,-0.00008,-0.00008,-0.27194,-0.27194,-0.27194,-0.27194
-0.00008,-0.00008,-0.00008,-0.00008,-0.27189,-0.27189,-0.27189,-0.27189
-0.00008,-0.00008,-0.00008,-0.00008,-0.27184,-0.27184,-0.27184,-0.27184
-0.00008,-0.00008,-0.00008,-0.00008,-0.27179,-0.27179,-0.27179,-0.27179
-0.00008,-0.00008,-0.00008,-0.00008,-0.27174,-0.27174,-0.27174,-0.27174
-0.00008,-0.00008,-0.00008,-0.00008,-0.27168,-0.27168,-0.27168,-0.27168
-0.00008,-0.00008,-0.00008,-0.00008,-0.27163,-0.27163,-0.27163,-0.27163
-0.00008,-0.00008,-0.00008,-0.00008,-0.27157,-0.27157,-0.27157,-0.27157
-0.00008,-0.00008,-0.00008,-0.00008,-0.27151,-0.27151,-0.27151,-0.27151
-0.00008,-0.00008,-0.00008,-0.00008,-0.27145,-0.27145,-0.27145,-0.27145
-0.00008,-0.00008,-0.00008,-0.00008,-0.27138,-0.27138,-0.27138,-0.27138
-0.00008,-0.00008,-0.00008,-0.00008,-0.27132,-0.27132,-0.27132,-0.27132
-0.00008,-0.00008,-0.00008,-0.00008,-0.27125,-0.27125,-0.27125,-0.27125
-0.00008,-0.00008,-0.00008,-0.00008,-0.27118,-0.27118,-0.27118,-0.27118
-0.00008,-0.00008,-0.00008,-0.00008,-0.27111,-0.27111,-0.27111,-0.27111
-0.00008,-0.00008,-0.00008,-0.00008,-0.27103,-0.27103,-0.27103,-0.27103
-0.00008,-0.00008,-0.00008,-0.00008,-0.27096,-0.27096,-0.27096,-0.27096
-0.00008,-0.00008,-0.00008,-0.00008,-0.27088,-0.27088,-0.27088,-0.27088
-0.00008,-0.00008,-0.00008,-0.00008,-0.27080,-0.27080,-0.27080,-0.27080
-0.00008,-0.00008,-0.00008,-0.00008,-0.27071,-0.27071,-0.27071,-0.27071
-0.00008,-0.00008,-0.00008,-0.00008,-0.27062,-0.27062,-0.27062,-0.27062
-0.00008,-0.00008,-0.00008,-0.00008,-0.27054,-0.27054,-0.27054,-0.27054
-0.00008,-0.00008,-0.00008,-0.00008,-0.27044,-0.27044,-0.27044,-0.27044
-0.00008,-0.00008,-0.00008,-0.00008,-0.27035,-0.27035,-0.27035,-0.27035
-0.00008,-0.00008,-0.00008,-0.00008,-0.27025,-0.27025,-0.27025,-0.27025
-0.00008,-0.00008,-0.00008,-0.00008,-0.27015,-0.27015,-0.27015,-0.27015
-0.00008,-0.00008,-0.00008,-0.00008,-0.27005,-0.27005,-0.27005,-0.27005
-0.00008,-0.00008,-0.00008,-0.00008,-0.26994,-0.26994,-0.26994,-0.26994
-0.00008,-0.00008,-0.00008,-0.00008,-0.26983,-0.26983,-0.26983,-0.26983
-0.00008,-0.00008,-0.00008,-0.00008,-0.26972,-0.26972,-0.26972,-0.26972
-0.00008,-0.00008,-0.00008,-0.00008,-0.26961,-0.26961,-0.26961,-0.26961
-0.00008,-0.00008,-0.00008,-0.00008,-0.26949,-0.26949,-0.26949,-0.26949
-0.00008,-0.00008,-0.00008,-0.00008,-0.26937,-0.26937,-0.26937,-0.26937
-0.00008,-0.00008,-0.00008,-0.00008,-0.26924,-0.26924,-0.26924,-0.26924
-0.00008,-0.00008,-0.00008,-0.00008,-0.26912,-0.26912,-0.26912,-0.26912
-0.00008,-0.00008,-0.00008,-0.00008,-0.26899,-0.26899,-0.26899,-0.26899
-0.00008,-0.00008,-0.00008,-0.00008,-0.26885,-0.26885,-0.26885,-0.26885
-0.00008,-0.00008,-0.00008,-0.00008,-0.26872,-0.26872,-0.26872,-0.26872
-0.00008,-0.00008,-0.00008,-0.00008,-0.26857,-0.26857,-0.26857,-0.26857
-0.00008,-0.00008,-0.00008,-0.00008,-0.26843,-0.26843,-0.26843,-0.26843
-0.00008,-0.00008,-0.00008,-0.00008,-0.26828,-0.26828,-0.26828,-0.26828
-0.00008,-0.00008,-0.00008,-0.00008,-0.26813,-0.26813,-0.26813,-0.26813
-0.00008,-0.00008,-0.00008,-0.00008,-0.26797,-0.26797,-0.26797,-0.26797
-0.00008,-0.00008,-0.00008,-0.00008,-0.26782,-0.26782,-0.26782,-0.26782
-0.00008,-0.00008,-0.00008,-0.00008,-0.26765,-0.26765,-0.26765,-0.26765
-0.00008,-0.00008,-0.00008,-0.00008,-0.26749,-0.26749,-0.26749,-0.26749
-0.00008,-0.00008,-0.00008,-0.00008,-0.26731,-0.26731,-0.26731,-0.26731
-0.00008,-0.00008,-0.00008,-0.00008,-0.26714,-0.26714,-0.26714,-0.26714
-0.00008,-0.00008,-0.00008,-0.00008,-0.26696,-0.26696,-0.26696,-0.26696
-0.00008,-0.00008,-0.00008,-0.00008,-0.26678,-0.26678,-0.26678,-0.26678
-0.00008,-0.00008,-0.00008,-0.00008,-0.26659,-0.26659,-0.26659,-0.26659
-0.00008,-0.00008,-0.00008,-0.00008,-0.26640,-0.26640,-0.26640,-0.26640
-0.00008,-0.00008,-0.00008,-0.00008,-0.26620,-0.26620,-0.26620,-0.26620
-0.00008,-0.00008,-0.00008,-0.00008,-0.26600,-0.26600,-0.26600,-0.26600
-0.00008,-0.00008,-0.00008,-0.00008,-0.26580,-0.26580,-0.26580,-0.26580
-0.00008,-0.00008,-0.00008,-0.00008,-0.26559,-0.26559,-0.26559,-0.26559
-0.00008,-0.00008,-0.00008,-0.00008,-0.26538,-0.26538,-0.26538,-0.26538
-0.00008,-0.00008,-0.00008,-0.00008,-0.26516,-0.26516,-0.26516,-0.26516
-0.00008,-0.00008,-0.00008,-0.00008,-0.26494,-0.26494,-0.26494,-0.26494
-0.00008,-0.00008,-0.00008,-0.00008,-0.26471,-0.26471,-0.26471,-0.26471
-0.00008,-0.00008,-0.00008,-0.00008,-0.26448,-0.26448,-0.26448,-0.26448
-0.00008,-0.00008,-0.00008,-0.00008,-0.26424,-0.26424,-0.26424,-0.26424
-0.00008,-0.00008,-0.00008,-0.00008,-0.26400,-0.26400,-0.26400,-0.26400
-0.00008,-0.00008,-0.00008,-0.00008,-0.26375,-0.26375,-0.26375,-0.26375
-0.00008,-0.00008,-0.00008,-0.00008,-0.26350,-0.26350,-0.26350,-0.26350
-0.00008,-0.00008,-0.00008,-0.00008,-0.26325,-0.26325,-0.26325,-0.26325
-0.00008,-0.00008,-0.00008,-0.00008,-0.26298,-0.26298,-0.26298,-0.26298
-0.00008,-0.00008,-0.00008,-0.00008,-0.26272,-0.26272,-0.26272,-0.26272
-0.00008,-0.00008,-0.00008,-0.00008,-0.26245,-0.26245,-0.26245,-0.26245
-0.00008,-0.00008,-0.00008,-0.00008,-0.26217,-0.26217,-0.26217,-0.26217
-0.00008,-0.00008,-0.00008,-0.00008,-0.26189,-0.26189,-0.26189,-0.26189
-0.00008,-0.00008,-0.00008,-0.00008,-0.26160,-0.26160,-0.26160,-0.26160
-0.00008,-0.00008,-0.00008,-0.00008,-0.26131,-0.26131,-0.26131,-0.26131
-0.00008,-0.00008,-0.00008,-0.00008,-0.26101,-0.26101,-0.26101,-0.26101
-0.00008,-0.00008,-0.00008,-0.00008,-0.26070,-0.26070,-0.26070,-0.26070
-0.00008,-0.00008,-0.00008,-0.00008,-0.26039,-0.26039,-0.26039,-0.26039
-0.00008,-0.00008,-0.00008,-0.00008,-0.26008,-0.26008,-0.26008,-0.26008
-0.00008,-0.00008,-0.00008,-0.00008,-0.25976,-0.25976,-0.25976,-0.25976
-0.00008,-0.00008,-0.00008,-0.00008,-0.25943,-0.25943,-0.25943,-0.25943
-0.00008,-0.00008,-0.00008,-0.00008,-0.25910,-0.25910,-0.25910,-0.25910
-0.00008,-0.00008,-0.00008,-0.00008,-0.25876,-0.25876,-0.25876,-0.25876
-0.00008,-0.00008,-0.00008,-0.00008,-0.25842,-0.25842,-0.25842,-0.25842
-0.00008,-0.00008,-0.00008,-0.00008,-0.25807,-0.25807,-0.25807,-0.25807
-0.00008,-0.00008,-0.00008,-0.00008,-0.25771,-0.25771,-0.25771,-0.25771
-0.00008,-0.00008,-0.00008,-0.00008,-0.25735,-0.25735,-0.25735,-0.25735
-0.00008,-0.00008,-0.00008,-0.00008,-0.25698,-0.25698,-0.25698,-0.25698
-0.00008,-0.00008,-0.00008,-0.00008,-0.25661,-0.25661,-0.25661,-0.25661
-0.00008,-0.00008,-0.00008,-0.00008,-0.25623,-0.25623,-0.25623,-0.25623
-0.00007,-0.00007,-0.00007,-0.00007,-0.25584,-0.25584,-0.25584,-0.25584
-0.00007,-0.00007,-0.00007,-0.00007,-0.25545,-0.25545,-0.25545,-0.25545
-0.00007,-0.00007,-0.00007,-0.00007,-0.25505,-0.25505,-0.25505,-0.25505
-0.00007,-0.00007,-0.00007,-0.00007,-0.25465,-0.25465,-0.25465,-0.25465
-0.00007,-0.00007,-0.00007,-0.00007,-0.25424,-0.25424,-0.25424,-0.25424
-0.00007,-0.00007,-0.00007,-0.00007,-0.25382,-0.25382,-0.25382,-0.25382
-0.00007,-0.00007,-0.00007,-0.00007,-0.25340,-0.25340,-0.25340,-0.25340
-0.00007,-0.00007,-0.00007,-0.00007,-0.25297,-0.25297,-0.25297,-0.25297
-0.00007,-0.00007,-0.00007,-0.00007,-0.25253,-0.25253,-0.25253,-0.25253
-0.00007,-0.00007,-0.00007,-0.00007,-0.25209,-0.25209,-0.25209,-0.25209
-0.00007,-0.00007,-0.00007,-0.00007,-0.25164,-0.25164,-0.25164,-0.25164
-0.00007,-0.00007,-0.00007,-0.00007,-0.25118,-0.25118,-0.25118,-0.25118
-0.00007,-0.00007,-0.00007,-0.00007,-0.25071,-0.25072,-0.25072,-0.25071
-0.00007,-0.00007,-0.00007,-0.00007,-0.25024,-0.25024,-0.25024,-0.25024
-0.00007,-0.00007,-0.00007,-0.00007,-0.24977,-0.24977,-0.24977,-0.24977
-0.00007,-0.00007,-0.00007,-0.00007,-0.24928,-0.24928,-0.24928,-0.24928
-0.00007,-0.00007,-0.00007,-0.00007,-0.24879,-0.24879,-0.24879,-0.24879
-0.00007,-0.00007,-0.00007,-0.00007,-0.24830,-0.24830,-0.24830,-0.24830
-0.00007,-0.00007,-0.00007,-0.00007,-0.24779,-0.24779,-0.24779,-0.24779
-0.00007,-0.00007,-0.00007,-0.00007,-0.24728,-0.24728,-0.24728,-0.24728
-0.00007,-0.00007,-0.00007,-0.00007,-0.24676,-0.24676,-0.24676,-0.24676
-0.00007,-0.00007,-0.00007,-0.00007,-0.24624,-0.24624,-0.24624,-0.24624
-0.00007,-0.00007,-0.00007,-0.00007,-0.24571,-0.24571,-0.24571,-0.24571
-0.00007,-0.00007,-0.00007,-0.00007,-0.24517,-0.24517,-0.24517,-0.24517
-0.00007,-0.00007,-0.00007,-0.00007,-0.24462,-0.24462,-0.24462,-0.24462
-0.00007,-0.00007,-0.00007,-0.00007,-0.24407,-0.24407,-0.24407,-0.24407
-0.00007,-0.00007,-0.00007,-0.00007,-0.24351,-0.24351,-0.24351,-0.24351
-0.00007,-0.00007,-0.00007,-0.00007,-0.24294,-0.24294,-0.24294,-0.24294
-0.00007,-0.00007,-0.00007,-0.00007,-0.24237,-0.24237,-0.24237,-0.24237
-0.00007,-0.00007,-0.00007,-0.00007,-0.24179,-0.24179,-0.24179,-0.24179
-0.00007,-0.00007,-0.00007,-0.00007,-0.24120,-0.24120,-0.24120,-0.24120
-0.00007,-0.00007,-0.00007,-0.00007,-0.24060,-0.24060,-0.24060,-0.24060
-0.00007,-0.00007,-0.00007,-0.00007,-0.24000,-0.24000,-0.24000,-0.24000
-0.00007,-0.00007,-0.00007,-0.00007,-0.23939,-0.23939,-0.23939,-0.23939
-0.00007,-0.00007,-0.00007,-0.00007,-0.23877,-0.23877,-0.23877,-0.23877
-0.00007,-0.00007,-0.00007,-0.00007,-0.23815,-0.23815,-0.23815,-0.23815
-0.00007,-0.00007,-0.00007,-0.00007,-0.23751,-0.23751,-0.23751,-0.23751
-0.00007,-0.00007,-0.00007,-0.00007,-0.23687,-0.23687,-0.23687,-0.23687
-0.00007,-0.00007,-0.00007,-0.00007,-0.23623,-0.23623,-0.23623,-0.23623
-0.00007,-0.00007,-0.00007,-0.00007,-0.23557,-0.23557,-0.23557,-0.23557
-0.00007,-0.00007,-0.00007,-0.00007,-0.23491,-0.23491,-0.23491,-0.23491
-0.00007,-0.00007,-0.00007,-0.00007,-0.23424,-0.23424,-0.23424,-0.23424
-0.00007,-0.00007,-0.00007,-0.00007,-0.23357,-0.23357,-0.23357,-0.23357
-0.00007,-0.00007,-0.00007,-0.00007,-0.23289,-0.23289,-0.23289,-0.23289
-0.00007,-0.00007,-0.00007,-0.00007,-0.23219,-0.23219,-0.23219,-0.23219
-0.00007,-0.00007,-0.00007,-0.00007,-0.23150,-0.23150,-0.23150,-0.23150
-0.00007,-0.00007,-0.00007,-0.00007,-0.23079,-0.23079,-0.23079,-0.23079
-0.00007,-0.00007,-0.00007,-0.00007,-0.23008,-0.23008,-0.23008,-0.23008
-0.00006,-0.00006,-0.00006,-0.00006,-0.22936,-0.22936,-0.22936,-0.22936
-0.00006,-0.00006,-0.00006,-0.00006,-0.22863,-0.22863,-0.22863,-0.22863
-0.00006,-0.00006,-0.00006,-0.00006,-0.22790,-0.22790,-0.22790,-0.22790
-0.00006,-0.00006,-0.00006,-0.00006,-0.22716,-0.22716,-0.22716,-0.22716
-0.00006,-0.00006,-0.00006,-0.00006,-0.22641,-0.22641,-0.22641,-0.22641
-0.00006,-0.00006,-0.00006,-0.00006,-0.22565,-0.22565,-0.22565,-0.22565
-0.00006,-0.00006,-0.00006,-0.00006,-0.22489,-0.22489,-0.22489,-0.22489
-0.00006,-0.00006,-0.00006,-0.00006,-0.22412,-0.22412,-0.22412,-0.22412
-0.00006,-0.00006,-0.00006,-0.00006,-0.22334,-0.22334,-0.22334,-0.22334
-0.00006,-0.00006,-0.00006,-0.00006,-0.22255,-0.22255,-0.22255,-0.22255
-0.00006,-0.00006,-0.00006,-0.00006,-0.22176,-0.22176,-0.22176,-0.22176
-0.00006,-0.00006,-0.00006,-0.00006,-0.22096,-0.22096,-0.22096,-0.22096
-0.00006,-0.00006,-0.00006,-0.00006,-0.22016,-0.22016,-0.22016,-0.22016
-0.00006,-0.00006,-0.00006,-0.00006,-0.21934,-0.21934,-0.21934,-0.21934
-0.00006,-0.00006,-0.00006,-0.00006,-0.21852,-0.21852,-0.21852,-0.21852
-0.00006,-0.00006,-0.00006,-0.00006,-0.21769,-0.21769,-0.21769,-0.21769
-0.00006,-0.00006,-0.00006,-0.00006,-0.21686,-0.21686,-0.21686,-0.21686
-0.00006,-0.00006,-0.00006,-0.00006,-0.21601,-0.21601,-0.21601,-0.21601
-0.00006,-0.00006,-0.00006,-0.00006,-0.21516,-0.21516,-0.21516,-0.21516
-0.00006,-0.00006,-0.00006,-0.00006,-0.21431,-0.21431,-0.21431,-0.21431
-0.00006,-0.00006,-0.00006,-0.00006,-0.21344,-0.21344,-0.21344,-0.21344
-0.00006,-0.00006,-0.00006,-0.00006,-0.21257,-0.21257,-0.21257,-0.21257
-0.00006,-0.00006,-0.00006,-0.00006,-0.21170,-0.21170,-0.21170,-0.21170
-0.00006,-0.00006,-0.00006,-0.00006,-0.21081,-0.21081,-0.21081,-0.21081
-0.00006,-0.00006,-0.00006,-0.00006,-0.20992,-0.20992,-0.20992,-0.20992
-0.00006,-0.00006,-0.00006,-0.00006,-0.20902,-0.20902,-0.20902,-0.20902
-0.00006,-0.00006,-0.00006,-0.00006,-0.20812,-0.20812,-0.20812,-0.20812
-0.00006,-0.00006,-0.00006,-0.00006,-0.20721,-0.20721,-0.20721,-0.20721
-0.00006,-0.00006,-0.00006,-0.00006,-0.20629,-0.20629,-0.20629,-0.20629
-0.00006,-0.00006,-0.00006,-0.00006,-0.20536,-0.20536,-0.20536,-0.20536
-0.00006,-0.00006,-0.00006,-0.00006,-0.20443,-0.20443,-0.20443,-0.20443
-0.00006,-0.00006,-0.00006,-0.00006,-0.20349,-0.20349,-0.20349,-0.20349
-0.00006,-0.00006,-0.00006,-0.00006,-0.20255,-0.20255,-0.20255,-0.20255
-0.00006,-0.00006,-0.00006,-0.00006,-0.20160,-0.20160,-0.20160,-0.20160
-0.00006,-0.00006,-0.00006,-0.00006,-0.20064,-0.20064,-0.20064,-0.20064
-0.00005,-0.00005,-0.00005,-0.00005,-0.19967,-0.19967,-0.19967,-0.19967
-0.00005,-0.00005,-0.00005,-0.00005,-0.19870,-0.19870,-0.19870,-0.19870
-0.00005,-0.00005,-0.00005,-0.00005,-0.19773,-0.19773,-0.19773,-0.19773
-0.00005,-0.00005,-0.00005,-0.00005,-0.19674,-0.19674,-0.19674,-0.19674
-0.00005,-0.00005,-0.00005,-0.00005,-0.19575,-0.19575,-0.19575,-0.19575
-0.00005,-0.00005,-0.00005,-0.00005,-0.19476,-0.19476,-0.19476,-0.19476
-0.00005,-0.00005,-0.00005,-0.00005,-0.19375,-0.19375,-0.19375,-0.19375
-0.00005,-0.00005,-0.00005,-0.00005,-0.19275,-0.19275,-0.19275,-0.19275
-0.00005,-0.00005,-0.00005,-0.00005,-0.19173,-0.19173,-0.19173,-0.19173
-0.00005,-0.00005,-0.00005,-0.00005,-0.19071,-0.19071,-0.19071,-0.19071
-0.00005,-0.00005,-0.00005,-0.00005,-0.18969,-0.18969,-0.18969,-0.18969
-0.00005,-0.00005,-0.00005,-0.00005,-0.18866,-0.18866,-0.18866,-0.18866
-0.00005,-0.00005,-0.00005,-0.00005,-0.18762,-0.18762,-0.18762,-0.18762
-0.00005,-0.00005,-0.00005,-0.00005,-0.18658,-0.18658,-0.18658,-0.18658
-0.00005,-0.00005,-0.00005,-0.00005,-0.18553,-0.18553,-0.18553,-0.18553
-0.00005,-0.00005,-0.00005,-0.00005,-0.18447,-0.18447,-0.18447,-0.18447
-0.00005,-0.00005,-0.00005,-0.00005,-0.18341,-0.18341,-0.18341,-0.18341
-0.00005,-0.00005,-0.00005,-0.00005,-0.18235,-0.18235,-0.18235,-0.18235
-0.00005,-0.00005,-0.00005,-0.00005,-0.18128,-0.18128,-0.18128,-0.18128
-0.00005,-0.00005,-0.00005,-0.00005,-0.18020,-0.18020,-0.18020,-0.18020
-0.00005,-0.00005,-0.00005,-0.00005,-0.17912,-0.17912,-0.17912,-0.17912
-0.00005,-0.00005,-0.00005,-0.00005,-0.17804,-0.17804,-0.17804,-0.17804
-0.00005,-0.00005,-0.00005,-0.00005,-0.17695,-0.17695,-0.17695,-0.17695
-0.00005,-0.00005,-0.00005,-0.00005,-0.17585,-0.17585,-0.17585,-0.17585
-0.00005,-0.00005,-0.00005,-0.00005,-0.17475,-0.17475,-0.17475,-0.17475
-0.00005,-0.00005,-0.00005,-0.00005,-0.17365,-0.17365,-0.17365,-0.17365
-0.00005,-0.00005,-0.00005,-0.00005,-0.17254,-0.17254,-0.17254,-0.17254
-0.00005,-0.00005,-0.00005,-0.00005,-0.17142,-0.17142,-0.17142,-0.17142
-0.00005,-0.00005,-0.00005,-0.00005,-0.17030,-0.17030,-0.17030,-0.17030
-0.00005,-0.00005,-0.00005,-0.00005,-0.16918,-0.16918,-0.16918,-0.16918
-0.00005,-0.00005,-0.00005,-0.00005,-0.16805,-0.16805,-0.16805,-0.16805
-0.00005,-0.00005,-0.00005,-0.00005,-0.16692,-0.16692,-0.16692,-0.16692
-0.00005,-0.00005,-0.00005,-0.00005,-0.16579,-0.16579,-0.16579,-0.16579
-0.00004,-0.00004,-0.00004,-0.00004,-0.16465,-0.16465,-0.16465,-0.16465
-0.00004,-0.00004,-0.00004,-0.00004,-0.16351,-0.16351,-0.16351,-0.16351
-0.00004,-0.00004,-0.00004,-0.00004,-0.16236,-0.16236,-0.16236,-0.16236
-0.00004,-0.00004,-0.00004,-0.00004,-0.16121,-0.16121,-0.16121,-0.16121
-0.00004,-0.00004,-0.00004,-0.00004,-0.16006,-0.16006,-0.16006,-0.16006
-0.00004,-0.00004,-0.00004,-0.00004,-0.15890,-0.15890,-0.15890,-0.15890
-0.00004,-0.00004,-0.00004,-0.00004,-0.15774,-0.15774,-0.15774,-0.15774
-0.00004,-0.00004,-0.00004,-0.00004,-0.15658,-0.15658,-0.15658,-0.15658
-0.00004,-0.00004,-0.00004,-0.00004,-0.15542,-0.15542,-0.15542,-0.15542
-0.00004,-0.00004,-0.00004,-0.00004,-0.15425,-0.15425,-0.15425,-0.15425
-0.00004,-0.00004,-0.00004,-0.00004,-0.15308,-0.15308,-0.15308,-0.15308
-0.00004,-0.00004,-0.00004,-0.00004,-0.15191,-0.15191,-0.15191,-0.15191
-0.00004,-0.00004,-0.00004,-0.00004,-0.15073,-0.15073,-0.15073,-0.15073
-0.00004,-0.00004,-0.00004,-0.00004,-0.14955,-0.14955,-0.14955,-0.14955
-0.00004,-0.00004,-0.00004,-0.00004,-0.14837,-0.14837,-0.14837,-0.14837
-0.00004,-0.00004,-0.00004,-0.00004,-0.14719,-0.14719,-0.14719,-0.14719
-0.00004,-0.00004,-0.00004,-0.00004,-0.14601,-0.14601,-0.14601,-0.14601
-0.00004,-0.00004,-0.00004,-0.00004,-0.14482,-0.14482,-0.14482,-0.14482
-0.00004,-0.00004,-0.00004,-0.00004,-0.14363,-0.14363,-0.14363,-0.14363
-0.00004,-0.00004,-0.00004,-0.00004,-0.14245,-0.14245,-0.14245,-0.14245
-0.00004,-0.00004,-0.00004,-0.00004,-0.14125,-0.14125,-0.14125,-0.14125
-0.00004,-0.00004,-0.00004,-0.00004,-0.14006,-0.14006,-0.14006,-0.14006
-0.00004,-0.00004,-0.00004,-0.00004,-0.13887,-0.13887,-0.13887,-0.13887
-0.00004,-0.00004,-0.00004,-0.00004,-0.13768,-0.13768,-0.13768,-0.13768
-0.00004,-0.00004,-0.00004,-0.00004,-0.13648,-0.13648,-0.13648,-0.13648
-0.00004,-0.00004,-0.00004,-0.00004,-0.13529,-0.13529,-0.13529,-0.13529
-0.00004,-0.00004,-0.00004,-0.00004,-0.13409,-0.13409,-0.13409,-0.13409
-0.00004,-0.00004,-0.00004,-0.00004,-0.13289,-0.13289,-0.13289,-0.13289
-0.00004,-0.00004,-0.00004,-0.00004,-0.13170,-0.13170,-0.13170,-0.13170
-0.00004,-0.00004,-0.00004,-0.00004,-0.13050,-0.13050,-0.13050,-0.13050
-0.00004,-0.00004,-0.00004,-0.00004,-0.12930,-0.12930,-0.12930,-0.12930
-0.00004,-0.00004,-0.00004,-0.00004,-0.12810,-0.12811,-0.12811,-0.12810
-0.00004,-0.00004,-0.00004,-0.00004,-0.12691,-0.12691,-0.12691,-0.12691
-0.00004,-0.00004,-0.00004,-0.00004,-0.12571,-0.12571,-0.12571,-0.12571
-0.00003,-0.00003,-0.00003,-0.00003,-0.12451,-0.12451,-0.12451,-0.12451
-0.00003,-0.00003,-0.00003,-0.00003,-0.12332,-0.12332,-0.12332,-0.12332
-0.00003,-0.00003,-0.00003,-0.00003,-0.12212,-0.12212,-0.12212,-0.12212
-0.00003,-0.00003,-0.00003,-0.00003,-0.12093,-0.12093,-0.12093,-0.12093
-0.00003,-0.00003,-0.00003,-0.00003,-0.11973,-0.11973,-0.11973,-0.11973
-0.00003,-0.00003,-0.00003,-0.00003,-0.11854,-0.11854,-0.11854,-0.11854
-0.00003,-0.00003,-0.00003,-0.00003,-0.11735,-0.11735,-0.11735,-0.11735
-0.00003,-0.00003,-0.00003,-0.00003,-0.11616,-0.11616,-0.11616,-0.11616
-0.00003,-0.00003,-0.00003,-0.00003,-0.11497,-0.11497,-0.11497,-0.11497
-0.00003,-0.00003,-0.00003,-0.00003,-0.11378,-0.11378,-0.11378,-0.11378
-0.00003,-0.00003,-0.00003,-0.00003,-0.11259,-0.11259,-0.11259,-0.11259
-0.00003,-0.00003,-0.00003,-0.00003,-0.11141,-0.11141,-0.11141,-0.11141
-0.00003,-0.00003,-0.00003,-0.00003,-0.11022,-0.11022,-0.11022,-0.11022
-0.00003,-0.00003,-0.00003,-0.00003,-0.10904,-0.10904,-0.10904,-0.10904
-0.00003,-0.00003,-0.00003,-0.00003,-0.10786,-0.10786,-0.10786,-0.10786
-0.00003,-0.00003,-0.00003,-0.00003,-0.10669,-0.10669,-0.10669,-0.10669
-0.00003,-0.00003,-0.00003,-0.00003,-0.10551,-0.10551,-0.10551,-0.10551
-0.00003,-0.00003,-0.00003,-0.00003,-0.10434,-0.10434,-0.10434,-0.10434
-0.00003,-0.00003,-0.00003,-0.00003,-0.10317,-0.10317,-0.10317,-0.10317
-0.00003,-0.00003,-0.00003,-0.00003,-0.10200,-0.10200,-0.10200,-0.10200
-0.00003,-0.00003,-0.00003,-0.00003,-0.10084,-0.10084,-0.10084,-0.10084
-0.00003,-0.00003,-0.00003,-0.00003,-0.09968,-0.09968,-0.09968,-0.09968
-0.00003,-0.00003,-0.00003,-0.00003,-0.09852,-0.09852,-0.09852,-0.09852
-0.00003,-0.00003,-0.00003,-0.00003,-0.09737,-0.09737,-0.09737,-0.09737
-0.00003,-0.00003,-0.00003,-0.00003,-0.09622,-0.09622,-0.09622,-0.09622
-0.00003,-0.00003,-0.00003,-0.00003,-0.09507,-0.09507,-0.09507,-0.09507
-0.00003,-0.00003,-0.00003,-0.00003,-0.09392,-0.09392,-0.09392,-0.09392
-0.00003,-0.00003,-0.00003,-0.00003,-0.09278,-0.09278,-0.09278,-0.09278
-0.00003,-0.00003,-0.00003,-0.00003,-0.09164,-0.09164,-0.09164,-0.09164
-0.00003,-0.00003,-0.00003,-0.00003,-0.09051,-0.09051,-0.09051,-0.09051
-0.00003,-0.00003,-0.00003,-0.00003,-0.08938,-0.08938,-0.08938,-0.08938
-0.00003,-0.00003,-0.00003,-0.00003,-0.08826,-0.08826,-0.08826,-0.08826
-0.00003,-0.00003,-0.00003,-0.00003,-0.08713,-0.08713,-0.08713,-0.08713
-0.00003,-0.00003,-0.00003,-0.00003,-0.08602,-0.08602,-0.08602,-0.08602
-0.00003,-0.00003,-0.00003,-0.00003,-0.08491,-0.08491,-0.08491,-0.08491
-0.00003,-0.00003,-0.00003,-0.00003,-0.08380,-0.08380,-0.08380,-0.08380
-0.00003,-0.00003,-0.00003,-0.00003,-0.08269,-0.08269,-0.08269,-0.08269
-0.00003,-0.00003,-0.00003,-0.00003,-0.08159,-0.08159,-0.08159,-0.08159
-0.00003,-0.00002,-0.00002,-0.00003,-0.08050,-0.08050,-0.08050,-0.08050
-0.00003,-0.00002,-0.00002,-0.00003,-0.07941,-0.07941,-0.07941,-0.07941
-0.00002,-0.00002,-0.00002,-0.00002,-0.07833,-0.07833,-0.07833,-0.07833
-0.00002,-0.00002,-0.00002,-0.00002,-0.07725,-0.07725,-0.07725,-0.07725
-0.00002,-0.00002,-0.00002,-0.00002,-0.07617,-0.07617,-0.07617,-0.07617
-0.00002,-0.00002,-0.00002,-0.00002,-0.07511,-0.07511,-0.07511,-0.07511
-0.00002,-0.00002,-0.00002,-0.00002,-0.07404,-0.07404,-0.07404,-0.07404
-0.00002,-0.00002,-0.00002,-0.00002,-0.07298,-0.07299,-0.07299,-0.07298
-0.00002,-0.00002,-0.00002,-0.00002,-0.07193,-0.07193,-0.07193,-0.07193
-0.00002,-0.00002,-0.00002,-0.00002,-0.07089,-0.07089,-0.07089,-0.07089
-0.00002,-0.00002,-0.00002,-0.00002,-0.06985,-0.06985,-0.06985,-0.06985
-0.00002,-0.00002,-0.00002,-0.00002,-0.06881,-0.06881,-0.06881,-0.06881
-0.00002,-0.00002,-0.00002,-0.00002,-0.06778,-0.06778,-0.06778,-0.06778
-0.00002,-0.00002,-0.00002,-0.00002,-0.06676,-0.06676,-0.06676,-0.06676
-0.00002,-0.00002,-0.00002,-0.00002,-0.06574,-0.06574,-0.06574,-0.06574
-0.00002,-0.00002,-0.00002,-0.00002,-0.06473,-0.06473,-0.06473,-0.06473
-0.00002,-0.00002,-0.00002,-0.00002,-0.06373,-0.06373,-0.06373,-0.06373
-0.00002,-0.00002,-0.00002,-0.00002,-0.06273,-0.06273,-0.06273,-0.06273
-0.00002,-0.00002,-0.00002,-0.00002,-0.06174,-0.06174,-0.06174,-0.06174
-0.00002,-0.00002,-0.00002,-0.00002,-0.06076,-0.06076,-0.06076,-0.06076
-0.00002,-0.00002,-0.00002,-0.00002,-0.05978,-0.05978,-0.05978,-0.05978
-0.00002,-0.00002,-0.00002,-0.00002,-0.05881,-0.05881,-0.05881,-0.05881
-0.00002,-0.00002,-0.00002,-0.00002,-0.05784,-0.05784,-0.05784,-0.05784
-0.00002,-0.00002,-0.00002,-0.00002,-0.05689,-0.05689,-0.05689,-0.05689
-0.00002,-0.00002,-0.00002,-0.00002,-0.05594,-0.05594,-0.05594,-0.05594
-0.00002,-0.00002,-0.00002,-0.00002,-0.05499,-0.05499,-0.05499,-0.05499
-0.00002,-0.00002,-0.00002,-0.00002,-0.05406,-0.05406,-0.05406,-0.05406
-0.00002,-0.00002,-0.00002,-0.00002,-0.05313,-0.05313,-0.05313,-0.05313
-0.00002,-0.00002,-0.00002,-0.00002,-0.05220,-0.05220,-0.05220,-0.05220
-0.00002,-0.00002,-0.00002,-0.00002,-0.05129,-0.05129,-0.05129,-0.05129
-0.00002,-0.00002,-0.00002,-0.00002,-0.05038,-0.05038,-0.05038,-0.05038
-0.00002,-0.00002,-0.00002,-0.00002,-0.04948,-0.04948,-0.04948,-0.04948
-0.00002,-0.00002,-0.00002,-0.00002,-0.04859,-0.04859,-0.04859,-0.04859
-0.00002,-0.00002,-0.00002,-0.00002,-0.04771,-0.04771,-0.04771,-0.04771
-0.00002,-0.00002,-0.00002,-0.00002,-0.04683,-0.04683,-0.04683,-0.04683
-0.00002,-0.00002,-0.00002,-0.00002,-0.04596,-0.04596,-0.04596,-0.04596
-0.00002,-0.00002,-0.00002,-0.00002,-0.04510,-0.04510,-0.04510,-0.04510
-0.00002,-0.00002,-0.00002,-0.00002,-0.04425,-0.04425,-0.04425,-0.04425
-0.00002,-0.00002,-0.00002,-0.00002,-0.04340,-0.04340,-0.04340,-0.04340
-0.00002,-0.00002,-0.00002,-0.00002,-0.04256,-0.04256,-0.04256,-0.04256
-0.00002,-0.00002,-0.00002,-0.00002,-0.04173,-0.04173,-0.04173,-0.04173
-0.00002,-0.00002,-0.00002,-0.00002,-0.04091,-0.04091,-0.04091,-0.04091
-0.00002,-0.00002,-0.00002,-0.00002,-0.04010,-0.04010,-0.04010,-0.04010
-0.00002,-0.00002,-0.00002,-0.00002,-0.03929,-0.03929,-0.03929,-0.03929
-0.00002,-0.00002,-0.00002,-0.00002,-0.03849,-0.03849,-0.03849,-0.03849
-0.00002,-0.00002,-0.00002,-0.00002,-0.03770,-0.03770,-0.03770,-0.03770
-0.00002,-0.00002,-0.00002,-0.00002,-0.03692,-0.03692,-0.03692,-0.03692
-0.00002,-0.00002,-0.00002,-0.00002,-0.03615,-0.03615,-0.03615,-0.03615
-0.00002,-0.00002,-0.00002,-0.00002,-0.03539,-0.03539,-0.03539,-0.03539
-0.00002,-0.00002,-0.00002,-0.00002,-0.03463,-0.03463,-0.03463,-0.03463
-0.00002,-0.00002,-0.00002,-0.00002,-0.03388,-0.03388,-0.03388,-0.03388
-0.00002,-0.00002,-0.00002,-0.00002,-0.03314,-0.03314,-0.03314,-0.03314
-0.00002,-0.00002,-0.00002,-0.00002,-0.03241,-0.03241,-0.03241,-0.03241
-0.00002,-0.00002,-0.00002,-0.00002,-0.03169,-0.03169,-0.03169,-0.03169
-0.00002,-0.00002,-0.00002,-0.00002,-0.03098,-0.03098,-0.03098,-0.03098
-0.00002,-0.00002,-0.00002,-0.00002,-0.03027,-0.03027,-0.03027,-0.03027
-0.00002,-0.00002,-0.00002,-0.00002,-0.02957,-0.02957,-0.02957,-0.02957
-0.00002,-0.00001,-0.00001,-0.00002,-0.02889,-0.02889,-0.02889,-0.02889
-0.00001,-0.00001,-0.00001,-0.00001,-0.02821,-0.02821,-0.02821,-0.02821
-0.00001,-0.00001,-0.00001,-0.00001,-0.02754,-0.02754,-0.02754,-0.02754
-0.00001,-0.00001,-0.00001,-0.00001,-0.02688,-0.02688,-0.02688,-0.02688
-0.00001,-0.00001,-0.00001,-0.00001,-0.02622,-0.02622,-0.02622,-0.02622
-0.00001,-0.00001,-0.00001,-0.00001,-0.02558,-0.02558,-0.02558,-0.02558
-0.00001,-0.00001,-0.00001,-0.00001,-0.02494,-0.02494,-0.02494,-0.02494
-0.00001,-0.00001,-0.00001,-0.00001,-0.02432,-0.02432,-0.02432,-0.02432
-0.00001,-0.00001,-0.00001,-0.00001,-0.02370,-0.02370,-0.02370,-0.02370
-0.00001,-0.00001,-0.00001,-0.00001,-0.02309,-0.02309,-0.02309,-0.02309
-0.00001,-0.00001,-0.00001,-0.00001,-0.02249,-0.02249,-0.02249,-0.02249
-0.00001,-0.00001,-0.00001,-0.00001,-0.02190,-0.02190,-0.02190,-0.02190
-0.00001,-0.00001,-0.00001,-0.00001,-0.02131,-0.02131,-0.02131,-0.02131
-0.00001,-0.00001,-0.00001,-0.00001,-0.02074,-0.02074,-0.02074,-0.02074
-0.00001,-0.00001,-0.00001,-0.00001,-0.02017,-0.02017,-0.02017,-0.02017
-0.00001,-0.00001,-0.00001,-0.00001,-0.01962,-0.01962,-0.01962,-0.01962
-0.00001,-0.00001,-0.00001,-0.00001,-0.01907,-0.01907,-0.01907,-0.01907
-0.00001,-0.00001,-0.00001,-0.00001,-0.01853,-0.01853,-0.01853,-0.01853
-0.00001,-0.00001,-0.00001,-0.00001,-0.01800,-0.01800,-0.01800,-0.01800
-0.00001,-0.00001,-0.00001,-0.00001,-0.01748,-0.01748,-0.01748,-0.01748
-0.00001,-0.00001,-0.00001,-0.00001,-0.01697,-0.01697,-0.01697,-0.01697
-0.00001,-0.00001,-0.00001,-0.00001,-0.01646,-0.01646,-0.01646,-0.01646
-0.00001,-0.00001,-0.00001,-0.00001,-0.01597,-0.01597,-0.01597,-0.01597
-0.00001,-0.00001,-0.00001,-0.00001,-0.01548,-0.01548,-0.01548,-0.01548
-0.00001,-0.00001,-0.00001,-0.00001,-0.01500,-0.01500,-0.01500,-0.01500
-0.00001,-0.00001,-0.00001,-0.00001,-0.01453,-0.01453,-0.01453,-0.01453
-0.00001,-0.00001,-0.00001,-0.00001,-0.01407,-0.01407,-0.01407,-0.01407
-0.00001,-0.00001,-0.00001,-0.00001,-0.01362,-0.01362,-0.01362,-0.01362
-0.00001,-0.00001,-0.00001,-0.00001,-0.01318,-0.01318,-0.01318,-0.01318
-0.00001,-0.00001,-0.00001,-0.00001,-0.01274,-0.01274,-0.01274,-0.01274
-0.00001,-0.00001,-0.00001,-0.00001,-0.01232,-0.01232,-0.01232,-0.01232
-0.00001,-0.00001,-0.00001,-0.00001,-0.01190,-0.01190,-0.01190,-0.01190
-0.00001,-0.00001,-0.00001,-0.00001,-0.01149,-0.01149,-0.01149,-0.01149
-0.00001,-0.00001,-0.00001,-0.00001,-0.01109,-0.01109,-0.01109,-0.01109
-0.00001,-0.00001,-0.00001,-0.00001,-0.01070,-0.01070,-0.01070,-0.01070
-0.00001,-0.00001,-0.00001,-0.00001,-0.01031,-0.01031,-0.01031,-0.01031
-0.00001,-0.00001,-0.00001,-0.00001,-0.00994,-0.00994,-0.00994,-0.00994
-0.00001,-0.00001,-0.00001,-0.00001,-0.00957,-0.00957,-0.00957,-0.00957
-0.00001,-0.00001,-0.00001,-0.00001,-0.00921,-0.00921,-0.00921,-0.00921
-0.00001,-0.00001,-0.00001,-0.00001,-0.00886,-0.00886,-0.00886,-0.00886
-0.00001,-0.00001,-0.00001,-0.00001,-0.00852,-0.00852,-0.00852,-0.00852
-0.00001,-0.00001,-0.00001,-0.00001,-0.00818,-0.00818,-0.00818,-0.00818
-0.00001,-0.00001,-0.00001,-0.00001,-0.00786,-0.00786,-0.00786,-0.00786
-0.00001,-0.00001,-0.00001,-0.00001,-0.00754,-0.00754,-0.00754,-0.00754
-0.00001,-0.00001,-0.00001,-0.00001,-0.00723,-0.00723,-0.00723,-0.00723
-0.00001,-0.00001,-0.00001,-0.00001,-0.00693,-0.00693,-0.00693,-0.00693
-0.00001,-0.00001,-0.00001,-0.00001,-0.00663,-0.00663,-0.00663,-0.00663
-0.00001,-0.00001,-0.00001,-0.00001,-0.00634,-0.00634,-0.00634,-0.00634
-0.00001,-0.00001,-0.00001,-0.00001,-0.00606,-0.00606,-0.00606,-0.00606
-0.00001,-0.00001,-0.00001,-0.00001,-0.00579,-0.00579,-0.00579,-0.00579
-0.00001,-0.00001,-0.00001,-0.00001,-0.00553,-0.00553,-0.00553,-0.00553
-0.00001,-0.00001,-0.00001,-0.00001,-0.00527,-0.00527,-0.00527,-0.00527
-0.00001,-0.00001,-0.00001,-0.00001,-0.00502,-0.00502,-0.00502,-0.00502
-0.00001,-0.00001,-0.00001,-0.00001,-0.00478,-0.00478,-0.00478,-0.00478
-0.00001,-0.00001,-0.00001,-0.00001,-0.00455,-0.00455,-0.00455,-0.00455
-0.00001,-0.00001,-0.00001,-0.00001,-0.00432,-0.00432,-0.00432,-0.00432
-0.00001,-0.00001,-0.00001,-0.00001,-0.00410,-0.00410,-0.00410,-0.00410
-0.00001,-0.00001,-0.00001,-0.00001,-0.00389,-0.00389,-0.00389,-0.00389
-0.00001,-0.00001,-0.00001,-0.00001,-0.00368,-0.00368,-0.00368,-0.00368
-0.00001,-0.00001,-0.00001,-0.00001,-0.00349,-0.00349,-0.00349,-0.00349
-0.00001,-0.00001,-0.00001,-0.00001,-0.00329,-0.00329,-0.00329,-0.00329
-0.00001,-0.00001,-0.00001,-0.00001,-0.00311,-0.00311,-0.00311,-0.00311
-0.00001,-0.00001,-0.00001,-0.00001,-0.00293,-0.00293,-0.00293,-0.00293
-0.00001,-0.00001,-0.00001,-0.00001,-0.00276,-0.00276,-0.00276,-0.00276
-0.00001,-0.00001,-0.00001,-0.00001,-0.00259,-0.00259,-0.00259,-0.00259
-0.00001,-0.00001,-0.00001,-0.00001,-0.00243,-0.00243,-0.00243,-0.00243
-0.00001,-0.00001,-0.00001,-0.00001,-0.00228,-0.00228,-0.00228,-0.00228
-0.00001,-0.00001,-0.00001,-0.00001,-0.00214,-0.00214,-0.00214,-0.00214
-0.00001,-0.00001,-0.00001,-0.00001,-0.00200,-0.00199,-0.00199,-0.00200
-0.00001,-0.00001,-0.00001,-0.00001,-0.00186,-0.00186,-0.00186,-0.00186
-0.00001,-0.00001,-0.00001,-0.00001,-0.00173,-0.00173,-0.00173,-0.00173
-0.00001,-0.00001,-0.00001,-0.00001,-0.00161,-0.00161,-0.00161,-0.00161
-0.00001,-0.00001,-0.00001,-0.00001,-0.00149,-0.00149,-0.00149,-0.00149
-0.00001,-0.00001,-0.00001,-0.00001,-0.00138,-0.00138,-0.00138,-0.00138
-0.00001,-0.00001,-0.00001,-0.00001,-0.00128,-0.00127,-0.00127,-0.00128
-0.00001,-0.00001,-0.00001,-0.00001,-0.00117,-0.00117,-0.00117,-0.00117
-0.00001,-0.00001,-0.00001,-0.00001,-0.00108,-0.00108,-0.00108,-0.00108
-0.00001,-0.00001,-0.00001,-0.00001,-0.00099,-0.00099,-0.00099,-0.00099
-0.00001,-0.00001,-0.00001,-0.00001,-0.00090,-0.00090,-0.00090,-0.00090
-0.00001,-0.00001,-0.00001,-0.00001,-0.00082,-0.00082,-0.00082,-0.00082
-0.00001,-0.00001,-0.00001,-0.00001,-0.00075,-0.00075,-0.00075,-0.00075
-0.00001,-0.00001,-0.00001,-0.00001,-0.00068,-0.00068,-0.00068,-0.00068
-0.00001,-0.00001,-0.00001,-0.00001,-0.00061,-0.00061,-0.00061,-0.00061
-0.00001,-0.00001,-0.00001,-0.00001,-0.00055,-0.00055,-0.00055,-0.00055
-0.00001,-0.00001,-0.00001,-0.00001,-0.00049,-0.00049,-0.00049,-0.00049
-0.00001,-0.00001,-0.00001,-0.00001,-0.00044,-0.00044,-0.00044,-0.00044
-0.00001,-0.00001,-0.00001,-0.00001,-0.00039,-0.00039,-0.00039,-0.00039
-0.00001,-0.00001,-0.00001,-0.00001,-0.00034,-0.00034,-0.00034,-0.00034
-0.00001,-0.00001,-0.00001,-0.00001,-0.00030,-0.00030,-0.00030,-0.00030
-0.00001,-0.00001,-0.00001,-0.00001,-0.00026,-0.00026,-0.00026,-0.00026
-0.00001,-0.00001,-0.00001,-0.00001,-0.00022,-0.00022,-0.00022,-0.00022
-0.00001,-0.00001,-0.00001,-0.00001,-0.00019,-0.00019,-0.00019,-0.00019
-0.00001,-0.00001,-0.00001,-0.00001,-0.00016,-0.00016,-0.00016,-0.00016
-0.00001,-0.00001,-0.00001,-0.00001,-0.00014,-0.00014,-0.00014,-0.00014
-0.00001,-0.00001,-0.00001,-0.00001,-0.00012,-0.00011,-0.00011,-0.00012
-0.00001,-0.00001,-0.00001,-0.00001,-0.00009,-0.00009,-0.00009,-0.00009
-0.00001,-0.00001,-0.00001,-0.00001,-0.00008,-0.00008,-0.00008,-0.00008
-0.00001,-0.00001,-0.00001,-0.00001,-0.00006,-0.00006,-0.00006,-0.00006
-0.00001,-0.00001,-0.00001,-0.00001,-0.00005,-0.00005,-0.00005,-0.00005
-0.00001,-0.00001,-0.00001,-0.00001,-0.00004,-0.00004,-0.00004,-0.00004
-0.00001,-0.00001,-0.00001,-0.00001,-0.00003,-0.00003,-0.00003,-0.00003
-0.00001,-0.00001,-0.00001,-0.00001,-0.00002,-0.00002,-0.00002,-0.00002
-0.00001,-0.00001,-0.00001,-0.00001,-0.00002,-0.00002,-0.00002,-0.00002
-0.00001,-0.00001,-0.00001,-0.00001,-0.00001,-0.00001,-0.00001,-0.00001
-0.00001,-0.00001,-0.00001,-0.00001,-0.00001,-0.00001,-0.00001,-0.00001
-0.00001,-0.00001,-0.00001,-0.00001,-0.00001,-0.00001,-0.00001,-0.00001
-0.00001,-0.00001,-0.00001,-0.00001,-0.00000,-0.00000,-0.00000,-0.00000
-0.00001,-0.00001,-0.00001,-0.00001,-0.00000,-0.00000,-0.00000,-0.00000
-0.00001,-0.00001,-0.00001,-0.00001,-0.00000,-0.00000,-0.00000,-0.00000
-0.00001,-0.00001,-0.00001,-0.00001,-0.00000,-0.00000,-0.00000,-0.00000
-0.00001,-0.00001,-0.00001,-0.00001,-0.00000,-0.00000,-0.00000,-0.00000
-0.00001,-0.00001,-0.00001,-0.00001,-0.00000,-0.00000,-0.00000,-0.00000
