0.00000,0.00000,0.02800,-0.00000,-0.00000,0.00000
0.00000,0.00000,0.02800,0.00000,-0.00000,0.00000
0.00000,0.00000,0.02800,0.00000,-0.00000,0.00000
0.00000,0.00000,0.02800,0.00000,-0.00000,0.00000
0.00000,0.00000,0.02800,0.00000,-0.00000,0.00000
0.00000,0.00000,0.02800,0.00000,0.00000,0.00000
0.00000,0.00000,0.02800,-0.00000,0.00000,0.00000
0.00000,0.00000,0.02800,-0.00000,0.00000,0.00000
0.00000,0.00000,0.02800,-0.00000,0.00000,0.00000
0.00000,0.00000,0.02800,-0.00000,0.00000,0.00000
0.00000,0.00000,0.02800,-0.00000,0.00000,0.00000
0.00000,0.00000,0.02800,-0.00000,0.00000,0.00000
0.00000,0.00000,0.02800,-0.00000,0.00000,0.00000
0.00001,0.00000,0.02800,0.00000,-0.00000,0.00000
0.00001,0.00000,0.02800,0.00000,-0.00000,0.00000
0.00001,0.00001,0.02800,0.00000,-0.00000,0.00000
0.00001,0.00001,0.02800,0.00000,-0.00000,-0.00000
0.00001,0.00001,0.02800,0.00000,0.00000,0.00000
0.00002,0.00001,0.02800,0.00000,-0.00000,-0.00000
0.00002,0.00001,0.02801,0.00000,-0.00000,-0.00000
0.00002,0.00001,0.02801,0.00000,0.00000,-0.00000
0.00002,0.00001,0.02801,0.00000,0.00000,0.00000
0.00003,0.00002,0.02801,0.00000,-0.00000,0.00000
0.00003,0.00002,0.02801,0.00000,-0.00000,-0.00000
0.00004,0.00002,0.02801,0.00000,-0.00000,-0.00000
0.00004,0.00002,0.02801,0.00000,-0.00000,-0.00000
0.00005,0.00003,0.02801,0.00000,-0.00000,-0.00000
0.00005,0.00003,0.02801,-0.00000,-0.00000,0.00000
0.00006,0.00003,0.02802,0.00000,0.00000,0.00000
0.00006,0.00004,0.02802,0.00000,-0.00000,-0.00000
0.00007,0.00004,0.02802,0.00000,-0.00000,-0.00000
0.00008,0.00004,0.02802,0.00000,0.00000,0.00000
0.00008,0.00005,0.02802,0.00000,-0.00000,-0.00000
0.00009,0.00005,0.02803,0.00000,-0.00000,-0.00000
0.00010,0.00006,0.02803,0.00000,0.00000,-0.00000
0.00011,0.00006,0.02803,0.00000,-0.00000,-0.00000
0.00012,0.00007,0.02803,0.00000,-0.00000,-0.00000
0.00013,0.00007,0.02804,0.00000,-0.00000,-0.00000
0.00014,0.00008,0.02804,0.00000,-0.00000,-0.00000
0.00015,0.00009,0.02804,-0.00000,0.00000,0.00000
0.00016,0.00009,0.02805,-0.00000,0.00000,0.00000
0.00018,0.00010,0.02805,0.00000,-0.00000,-0.00000
0.00019,0.00011,0.02805,-0.00000,0.00000,0.00000
0.00020,0.00012,0.02806,0.00000,-0.00000,-0.00000
0.00022,0.00012,0.02806,-0.00000,-0.00000,0.00000
0.00023,0.00013,0.02807,0.00000,-0.00000,-0.00000
0.00025,0.00014,0.02807,-0.00000,-0.00000,0.00000
0.00026,0.00015,0.02808,-0.00000,0.00000,0.00000
0.00028,0.00016,0.02808,-0.00000,0.00000,0.00000
0.00030,0.00017,0.02809,-0.00000,-0.00000,0.00000
0.00032,0.00018,0.02809,0.00000,-0.00000,0.00000
0.00034,0.00019,0.02810,0.00000,-0.00000,-0.00000
0.00035,0.00020,0.02810,0.00000,-0.00000,-0.00000
0.00038,0.00021,0.02811,0.00000,0.00000,-0.00000
0.00040,0.00023,0.02811,-0.00000,-0.00000,0.00000
0.00042,0.00024,0.02812,-0.00000,0.00000,-0.00000
0.00044,0.00025,0.02813,0.00000,-0.00000,0.00000
0.00047,0.00027,0.02813,0.00000,0.00000,0.00000
0.00049,0.00028,0.02814,-0.00000,-0.00000,0.00000
0.00052,0.00029,0.02815,-0.00000,-0.00000,0.00000
0.00054,0.00031,0.02815,-0.00000,0.00000,0.00000
0.00057,0.00033,0.02816,-0.00000,0.00000,0.00000
0.00060,0.00034,0.02817,0.00000,-0.00000,-0.00000
0.00063,0.00036,0.02818,-0.00000,-0.00000,0.00000
0.00066,0.00037,0.02819,0.00000,0.00000,0.00000
0.00069,0.00039,0.02820,0.00000,-0.00000,-0.00000
0.00072,0.00041,0.02821,0.00000,-0.00000,-0.00000
0.00075,0.00043,0.02821,0.00000,0.00000,-0.00000
0.00078,0.00045,0.02822,-0.00000,0.00000,0.00000
0.00082,0.00047,0.02823,0.00000,0.00000,-0.00000
0.00085,0.00049,0.02824,0.00000,-0.00000,-0.00000
0.00089,0.00051,0.02825,-0.00000,0.00000,0.00000
0.00093,0.00053,0.02827,-0.00000,0.00000,0.00000
0.00097,0.00055,0.02828,0.00000,0.00000,-0.00000
0.00101,0.00057,0.02829,0.00000,-0.00000,-0.00000
0.00105,0.00060,0.02830,0.00000,-0.00000,-0.00000
0.00109,0.00062,0.02831,-0.00000,0.00000,0.00000
0.00113,0.00065,0.02832,0.00000,-0.00000,-0.00000
0.00117,0.00067,0.02834,0.00000,-0.00000,-0.00000
0.00122,0.00070,0.02835,-0.00000,0.00000,0.00000
0.00126,0.00072,0.02836,-0.00000,0.00000,0.00000
0.00131,0.00075,0.02837,0.00000,0.00000,0.00000
0.00136,0.00078,0.02839,0.00000,-0.00000,-0.00000
0.00141,0.00081,0.02840,0.00000,-0.00000,-0.00000
0.00146,0.00083,0.02842,0.00000,-0.00000,-0.00000
0.00151,0.00086,0.02843,-0.00000,0.00000,0.00000
0.00156,0.00089,0.02845,0.00000,-0.00000,-0.00000
0.00162,0.00092,0.02846,0.00000,-0.00000,-0.00000
0.00167,0.00096,0.02848,-0.00000,0.00000,0.00000
0.00173,0.00099,0.02849,-0.00000,0.00000,0.00000
0.00179,0.00102,0.02851,-0.00000,0.00000,0.00000
0.00185,0.00105,0.02853,0.00000,-0.00000,-0.00000
0.00191,0.00109,0.02854,0.00000,-0.00000,-0.00000
0.00197,0.00112,0.02856,-0.00000,0.00000,0.00000
0.00203,0.00116,0.02858,0.00000,-0.00000,-0.00000
0.00209,0.00120,0.02860,0.00000,-0.00000,-0.00000
0.00216,0.00123,0.02862,-0.00000,0.00000,0.00000
0.00222,0.00127,0.02864,-0.00000,0.00000,0.00000
0.00229,0.00131,0.02866,-0.00000,0.00000,0.00000
0.00236,0.00135,0.02867,0.00000,-0.00000,-0.00000
0.00243,0.00139,0.02869,-0.00000,0.00000,0.00000
0.00250,0.00143,0.02872,-0.00000,0.00000,0.00000
0.00258,0.00147,0.02874,0.00000,-0.00000,-0.00000
0.00265,0.00152,0.02876,0.00000,-0.00000,-0.00000
0.00273,0.00156,0.02878,-0.00000,0.00000,0.00000
0.00280,0.00160,0.02880,-0.00000,-0.00000,0.00000
0.00288,0.00165,0.02882,0.00000,-0.00000,-0.00000
0.00296,0.00169,0.02885,-0.00000,0.00000,0.00000
0.00304,0.00174,0.02887,0.00000,-0.00000,-0.00000
0.00313,0.00179,0.02889,0.00000,-0.00000,-0.00000
0.00321,0.00184,0.02892,0.00000,-0.00000,-0.00000
0.00330,0.00188,0.02894,-0.00000,0.00000,0.00000
0.00339,0.00193,0.02897,-0.00000,0.00000,0.00000
0.00347,0.00199,0.02899,-0.00000,0.00000,0.00000
0.00356,0.00204,0.02902,-0.00000,-0.00000,0.00000
0.00366,0.00209,0.02904,0.00000,-0.00000,-0.00000
0.00375,0.00214,0.02907,0.00000,-0.00000,-0.00000
0.00384,0.00220,0.02910,0.00000,-0.00000,-0.00000
0.00394,0.00225,0.02913,-0.00000,0.00000,0.00000
0.00404,0.00231,0.02915,0.00000,-0.00000,-0.00000
0.00414,0.00236,0.02918,-0.00000,0.00000,0.00000
0.00424,0.00242,0.02921,0.00000,-0.00000,-0.00000
0.00434,0.00248,0.02924,-0.00000,0.00000,0.00000
0.00445,0.00254,0.02927,-0.00000,0.00000,0.00000
0.00455,0.00260,0.02930,-0.00000,0.00000,0.00000
0.00466,0.00266,0.02933,-0.00000,0.00000,0.00000
0.00477,0.00272,0.02936,0.00000,0.00000,0.00000
0.00488,0.00279,0.02939,0.00000,-0.00000,-0.00000
0.00499,0.00285,0.02943,-0.00000,0.00000,0.00000
0.00510,0.00292,0.02946,-0.00000,0.00000,0.00000
0.00522,0.00298,0.02949,-0.00000,0.00000,0.00000
0.00534,0.00305,0.02952,0.00000,-0.00000,-0.00000
0.00546,0.00312,0.02956,0.00000,-0.00000,-0.00000
0.00558,0.00319,0.02959,0.00000,0.00000,-0.00000
0.00570,0.00326,0.02963,0.00000,0.00000,-0.00000
0.00582,0.00333,0.02966,-0.00000,0.00000,0.00000
0.00595,0.00340,0.02970,0.00000,-0.00000,-0.00000
0.00608,0.00347,0.02974,0.00000,-0.00000,-0.00000
0.00620,0.00355,0.02977,0.00000,-0.00000,-0.00000
0.00634,0.00362,0.02981,-0.00000,0.00000,0.00000
0.00647,0.00370,0.02985,0.00000,-0.00000,-0.00000
0.00660,0.00377,0.02989,-0.00000,0.00000,0.00000
0.00674,0.00385,0.02993,0.00000,-0.00000,-0.00000
0.00688,0.00393,0.02996,-0.00000,0.00000,0.00000
0.00702,0.00401,0.03000,0.00000,0.00000,-0.00000
0.00716,0.00409,0.03005,0.00000,0.00000,0.00000
0.00730,0.00417,0.03009,0.00000,-0.00000,-0.00000
0.00745,0.00425,0.03013,-0.00000,0.00000,0.00000
0.00759,0.00434,0.03017,-0.00000,0.00000,0.00000
0.00774,0.00442,0.03021,-0.00000,0.00000,0.00000
0.00789,0.00451,0.03026,-0.00000,0.00000,0.00000
0.00805,0.00460,0.03030,-0.00000,0.00000,0.00000
0.00820,0.00469,0.03034,-0.00000,0.00000,0.00000
0.00836,0.00477,0.03039,-0.00000,0.00000,0.00000
0.00851,0.00487,0.03043,-0.00000,0.00000,0.00000
0.00867,0.00496,0.03048,0.00000,-0.00000,-0.00000
0.00884,0.00505,0.03052,-0.00000,0.00000,0.00000
0.00900,0.00514,0.03057,-0.00000,0.00000,0.00000
0.00917,0.00524,0.03062,-0.00000,0.00000,0.00000
0.00933,0.00533,0.03067,-0.00000,0.00000,0.00000
0.00950,0.00543,0.03072,-0.00000,-0.00000,0.00000
0.00967,0.00553,0.03076,0.00000,-0.00000,-0.00000
0.00985,0.00563,0.03081,0.00000,-0.00000,-0.00000
0.01002,0.00573,0.03086,-0.00000,0.00000,0.00000
0.01020,0.00583,0.03091,-0.00000,0.00000,0.00000
0.01038,0.00593,0.03097,0.00000,-0.00000,-0.00000
0.01056,0.00604,0.03102,-0.00000,-0.00000,-0.00000
0.01075,0.00614,0.03107,-0.00000,-0.00000,0.00000
0.01093,0.00625,0.03112,-0.00000,0.00000,0.00000
0.01112,0.00635,0.03118,0.00000,-0.00000,-0.00000
0.01131,0.00646,0.03123,-0.00000,0.00000,0.00000
0.01150,0.00657,0.03129,0.00000,-0.00000,-0.00000
0.01169,0.00668,0.03134,-0.00000,0.00000,0.00000
0.01189,0.00679,0.03140,0.00000,0.00000,0.00000
0.01209,0.00691,0.03145,-0.00000,-0.00000,0.00000
0.01229,0.00702,0.03151,0.00000,-0.00000,-0.00000
0.01249,0.00714,0.03157,0.00000,-0.00000,-0.00000
0.01269,0.00725,0.03163,0.00000,-0.00000,-0.00000
0.01290,0.00737,0.03169,-0.00000,0.00000,0.00000
0.01311,0.00749,0.03174,0.00000,0.00000,-0.00000
0.01332,0.00761,0.03180,-0.00000,0.00000,0.00000
0.01353,0.00773,0.03187,0.00000,0.00000,0.00000
0.01374,0.00785,0.03193,-0.00000,0.00000,0.00000
0.01396,0.00798,0.03199,0.00000,-0.00000,-0.00000
0.01418,0.00810,0.03205,-0.00000,0.00000,0.00000
0.01440,0.00823,0.03211,-0.00000,0.00000,0.00000
0.01462,0.00836,0.03218,0.00000,-0.00000,-0.00000
0.01485,0.00848,0.03224,-0.00000,0.00000,0.00000
0.01508,0.00861,0.03231,-0.00000,0.00000,0.00000
0.01530,0.00875,0.03237,-0.00000,0.00000,0.00000
0.01554,0.00888,0.03244,-0.00000,0.00000,0.00000
0.01577,0.00901,0.03251,-0.00000,0.00000,0.00000
0.01601,0.00915,0.03257,-0.00000,0.00000,0.00000
0.01625,0.00928,0.03264,-0.00000,0.00000,0.00000
0.01649,0.00942,0.03271,-0.00000,0.00000,0.00000
0.01673,0.00956,0.03278,-0.00000,0.00000,0.00000
0.01697,0.00970,0.03285,-0.00000,0.00000,0.00000
0.01722,0.00984,0.03292,0.00000,-0.00000,-0.00000
0.01747,0.00998,0.03299,0.00000,-0.00000,-0.00000
0.01772,0.01013,0.03306,0.00000,-0.00000,-0.00000
0.01798,0.01027,0.03314,-0.00000,0.00000,0.00000
0.01823,0.01042,0.03321,-0.00000,0.00000,0.00000
0.01849,0.01057,0.03328,0.00000,-0.00000,-0.00000
0.01875,0.01072,0.03336,-0.00000,0.00000,0.00000
0.01901,0.01087,0.03343,-0.00000,0.00000,0.00000
0.01928,0.01102,0.03351,0.00000,-0.00000,-0.00000
0.01955,0.01117,0.03359,0.00000,-0.00000,-0.00000
0.01982,0.01132,0.03366,0.00000,0.00000,-0.00000
0.02009,0.01148,0.03374,-0.00000,0.00000,0.00000
0.02037,0.01164,0.03382,0.00000,0.00000,-0.00000
0.02064,0.01180,0.03390,-0.00000,-0.00000,0.00000
0.02092,0.01196,0.03398,0.00000,0.00000,-0.00000
0.02120,0.01212,0.03406,0.00000,-0.00000,-0.00000
0.02149,0.01228,0.03414,0.00000,-0.00000,-0.00000
0.02177,0.01244,0.03422,-0.00000,0.00000,0.00000
0.02206,0.01261,0.03430,0.00000,-0.00000,-0.00000
0.02235,0.01277,0.03439,-0.00000,0.00000,0.00000
0.02265,0.01294,0.03447,0.00000,0.00000,0.00000
0.02294,0.01311,0.03456,-0.00000,0.00000,0.00000
0.02324,0.01328,0.03464,-0.00000,0.00000,0.00000
0.02354,0.01345,0.03473,-0.00000,0.00000,0.00000
0.02385,0.01363,0.03481,-0.00000,0.00000,0.00000
0.02415,0.01380,0.03490,-0.00000,0.00000,0.00000
0.02446,0.01398,0.03499,0.00000,-0.00000,-0.00000
0.02477,0.01415,0.03508,0.00000,-0.00000,-0.00000
0.02508,0.01433,0.03517,-0.00000,0.00000,0.00000
0.02540,0.01451,0.03526,0.00000,0.00000,0.00000
0.02571,0.01469,0.03535,0.00000,-0.00000,-0.00000
0.02603,0.01488,0.03544,-0.00000,0.00000,0.00000
0.02636,0.01506,0.03553,0.00000,-0.00000,-0.00000
0.02668,0.01525,0.03562,-0.00000,-0.00000,-0.00000
0.02701,0.01543,0.03572,-0.00000,0.00000,0.00000
0.02734,0.01562,0.03581,-0.00000,-0.00000,0.00000
0.02767,0.01581,0.03591,-0.00000,0.00000,0.00000
0.02801,0.01600,0.03600,0.00000,-0.00000,-0.00000
0.02834,0.01620,0.03610,-0.00000,0.00000,0.00000
0.02868,0.01639,0.03620,-0.00000,0.00000,0.00000
0.02903,0.01659,0.03629,0.00000,0.00000,-0.00000
0.02937,0.01678,0.03639,0.00000,-0.00000,-0.00000
0.02972,0.01698,0.03649,0.00000,-0.00000,-0.00000
0.03007,0.01718,0.03659,0.00000,-0.00000,-0.00000
0.03042,0.01738,0.03669,0.00000,0.00000,0.00000
0.03078,0.01759,0.03679,-0.00000,0.00000,0.00000
0.03113,0.01779,0.03690,0.00000,-0.00000,-0.00000
0.03150,0.01800,0.03700,0.00000,-0.00000,-0.00000
0.03186,0.01820,0.03710,0.00000,-0.00000,-0.00000
0.03222,0.01841,0.03721,-0.00000,0.00000,0.00000
0.03259,0.01862,0.03731,0.00000,-0.00000,-0.00000
0.03296,0.01883,0.03742,0.00000,-0.00000,-0.00000
0.03333,0.01905,0.03752,0.00000,-0.00000,-0.00000
0.03371,0.01926,0.03763,-0.00000,0.00000,0.00000
0.03409,0.01948,0.03774,0.00000,0.00000,-0.00000
0.03447,0.01970,0.03785,-0.00000,0.00000,0.00000
0.03485,0.01992,0.03796,-0.00000,0.00000,0.00000
0.03524,0.02014,0.03807,-0.00000,0.00000,0.00000
0.03563,0.02036,0.03818,-0.00000,0.00000,0.00000
0.03602,0.02058,0.03829,-0.00000,0.00000,0.00000
0.03641,0.02081,0.03840,-0.00000,-0.00000,0.00000
0.03681,0.02103,0.03852,0.00000,-0.00000,-0.00000
0.03721,0.02126,0.03863,0.00000,-0.00000,-0.00000
0.03761,0.02149,0.03875,-0.00000,0.00000,0.00000
0.03801,0.02172,0.03886,-0.00000,0.00000,0.00000
0.03842,0.02195,0.03898,0.00000,-0.00000,-0.00000
0.03883,0.02219,0.03909,-0.00000,0.00000,0.00000
0.03924,0.02242,0.03921,-0.00000,0.00000,0.00000
0.03966,0.02266,0.03933,-0.00000,0.00000,0.00000
0.04007,0.02290,0.03945,-0.00000,0.00000,0.00000
0.04049,0.02314,0.03957,-0.00000,0.00000,0.00000
0.04092,0.02338,0.03969,0.00000,-0.00000,-0.00000
0.04134,0.02362,0.03981,0.00000,0.00000,-0.00000
0.04177,0.02387,0.03993,-0.00000,0.00000,0.00000
0.04220,0.02411,0.04006,0.00000,-0.00000,-0.00000
0.04263,0.02436,0.04018,0.00000,-0.00000,-0.00000
0.04307,0.02461,0.04031,-0.00000,0.00000,0.00000
0.04351,0.02486,0.04043,-0.00000,0.00000,0.00000
0.04395,0.02512,0.04056,-0.00000,0.00000,0.00000
0.04440,0.02537,0.04068,0.00000,0.00000,-0.00000
0.04484,0.02562,0.04081,0.00000,-0.00000,-0.00000
0.04529,0.02588,0.04094,-0.00000,0.00000,0.00000
0.04575,0.02614,0.04107,-0.00000,0.00000,0.00000
0.04620,0.02640,0.04120,0.00000,-0.00000,-0.00000
0.04666,0.02666,0.04133,-0.00000,0.00000,0.00000
0.04712,0.02693,0.04146,-0.00000,0.00000,0.00000
0.04758,0.02719,0.04160,0.00000,-0.00000,-0.00000
0.04805,0.02746,0.04173,-0.00000,0.00000,0.00000
0.04852,0.02772,0.04186,-0.00000,0.00000,0.00000
0.04899,0.02799,0.04200,-0.00000,-0.00000,-0.00000
0.04946,0.02827,0.04213,0.00000,-0.00000,-0.00000
0.04994,0.02854,0.04227,-0.00000,0.00000,0.00000
0.05042,0.02881,0.04241,-0.00000,0.00000,0.00000
0.05090,0.02909,0.04254,-0.00000,0.00000,0.00000
0.05139,0.02937,0.04268,-0.00000,0.00000,0.00000
0.05188,0.02964,0.04282,-0.00000,0.00000,0.00000
0.05237,0.02993,0.04296,0.00000,-0.00000,-0.00000
0.05286,0.03021,0.04310,0.00000,-0.00000,-0.00000
0.05336,0.03049,0.04325,-0.00000,0.00000,0.00000
0.05386,0.03078,0.04339,0.00000,-0.00000,-0.00000
0.05436,0.03106,0.04353,0.00000,-0.00000,-0.00000
0.05487,0.03135,0.04368,0.00000,-0.00000,-0.00000
0.05537,0.03164,0.04382,-0.00000,-0.00000,-0.00000
0.05588,0.03193,0.04397,0.00000,-0.00000,-0.00000
0.05640,0.03223,0.04411,0.00000,-0.00000,-0.00000
0.05691,0.03252,0.04426,0.00000,0.00000,-0.00000
0.05743,0.03282,0.04441,-0.00000,0.00000,0.00000
0.05796,0.03312,0.04456,-0.00000,0.00000,0.00000
0.05848,0.03342,0.04471,0.00000,-0.00000,-0.00000
0.05901,0.03372,0.04486,0.00000,-0.00000,-0.00000
0.05954,0.03402,0.04501,0.00000,-0.00000,-0.00000
0.06007,0.03433,0.04516,-0.00000,0.00000,0.00000
0.06061,0.03463,0.04532,-0.00000,-0.00000,0.00000
0.06115,0.03494,0.04547,-0.00000,0.00000,0.00000
0.06169,0.03525,0.04563,-0.00000,0.00000,0.00000
0.06223,0.03556,0.04578,0.00000,-0.00000,-0.00000
0.06278,0.03587,0.04594,0.00000,-0.00000,-0.00000
0.06333,0.03619,0.04609,0.00000,-0.00000,-0.00000
0.06388,0.03651,0.04625,-0.00000,0.00000,0.00000
0.06444,0.03682,0.04641,-0.00000,0.00000,0.00000
0.06500,0.03714,0.04657,-0.00000,0.00000,0.00000
0.06556,0.03746,0.04673,-0.00000,0.00000,0.00000
0.06613,0.03779,0.04689,-0.00000,0.00000,0.00000
0.06669,0.03811,0.04706,-0.00000,0.00000,0.00000
0.06726,0.03844,0.04722,0.00000,0.00000,0.00000
0.06784,0.03876,0.04738,-0.00000,0.00000,0.00000
0.06841,0.03909,0.04755,-0.00000,0.00000,0.00000
0.06899,0.03942,0.04771,0.00000,-0.00000,-0.00000
0.06957,0.03976,0.04788,-0.00000,0.00000,0.00000
0.07016,0.04009,0.04805,-0.00000,0.00000,0.00000
0.07075,0.04043,0.04821,0.00000,-0.00000,-0.00000
0.07134,0.04076,0.04838,0.00000,-0.00000,-0.00000
0.07193,0.04110,0.04855,-0.00000,0.00000,0.00000
0.07253,0.04144,0.04872,-0.00000,0.00000,0.00000
0.07313,0.04179,0.04889,-0.00000,0.00000,0.00000
0.07373,0.04213,0.04907,0.00000,-0.00000,-0.00000
0.07433,0.04248,0.04924,-0.00000,0.00000,-0.00000
0.07494,0.04282,0.04941,-0.00000,0.00000,0.00000
0.07555,0.04317,0.04959,-0.00000,-0.00000,0.00000
0.07617,0.04352,0.04976,-0.00000,0.00000,0.00000
0.07678,0.04388,0.04994,-0.00000,0.00000,0.00000
0.07740,0.04423,0.05012,-0.00000,0.00000,0.00000
0.07803,0.04459,0.05029,-0.00000,0.00000,0.00000
0.07865,0.04494,0.05047,0.00000,-0.00000,-0.00000
0.07928,0.04530,0.05065,0.00000,-0.00000,-0.00000
0.07991,0.04566,0.05083,0.00000,-0.00000,-0.00000
0.08055,0.04603,0.05101,-0.00000,0.00000,0.00000
0.08118,0.04639,0.05120,-0.00000,0.00000,0.00000
0.08183,0.04676,0.05138,0.00000,-0.00000,-0.00000
0.08247,0.04712,0.05156,-0.00000,0.00000,0.00000
0.08311,0.04749,0.05175,-0.00000,0.00000,0.00000
0.08376,0.04787,0.05193,0.00000,-0.00000,-0.00000
0.08442,0.04824,0.05212,-0.00000,0.00000,0.00000
0.08507,0.04861,0.05231,0.00000,-0.00000,-0.00000
0.08573,0.04899,0.05249,0.00000,-0.00000,-0.00000
0.08639,0.04937,0.05268,-0.00000,0.00000,0.00000
0.08705,0.04975,0.05287,-0.00000,0.00000,0.00000
0.08772,0.05013,0.05306,0.00000,-0.00000,-0.00000
0.08839,0.05051,0.05325,-0.00000,0.00000,0.00000
0.08906,0.05089,0.05345,0.00000,-0.00000,-0.00000
0.08974,0.05128,0.05364,-0.00000,0.00000,0.00000
0.09042,0.05167,0.05383,0.00000,-0.00000,-0.00000
0.09110,0.05206,0.05403,0.00000,-0.00000,-0.00000
0.09179,0.05245,0.05422,-0.00000,0.00000,0.00000
0.09247,0.05284,0.05442,0.00000,-0.00000,-0.00000
0.09316,0.05324,0.05462,-0.00000,-0.00000,-0.00000
0.09386,0.05363,0.05482,-0.00000,0.00000,0.00000
0.09455,0.05403,0.05502,-0.00000,0.00000,0.00000
0.09525,0.05443,0.05522,0.00000,-0.00000,-0.00000
0.09596,0.05483,0.05542,0.00000,-0.00000,-0.00000
0.09666,0.05524,0.05562,0.00000,-0.00000,-0.00000
0.09737,0.05564,0.05582,-0.00000,0.00000,0.00000
0.09808,0.05605,0.05602,0.00000,-0.00000,-0.00000
0.09880,0.05646,0.05623,0.00000,-0.00000,-0.00000
0.09951,0.05687,0.05643,-0.00000,0.00000,0.00000
0.10024,0.05728,0.05664,0.00000,0.00000,-0.00000
0.10096,0.05769,0.05685,-0.00000,0.00000,0.00000
0.10169,0.05811,0.05705,-0.00000,0.00000,0.00000
0.10241,0.05852,0.05726,-0.00000,0.00000,0.00000
0.10315,0.05894,0.05747,-0.00000,0.00000,0.00000
0.10388,0.05936,0.05768,0.00000,-0.00000,-0.00000
0.10462,0.05978,0.05789,0.00000,-0.00000,-0.00000
0.10536,0.06021,0.05810,-0.00000,0.00000,0.00000
0.10611,0.06063,0.05832,-0.00000,0.00000,0.00000
0.10686,0.06106,0.05853,0.00000,-0.00000,-0.00000
0.10761,0.06149,0.05874,0.00000,-0.00000,-0.00000
0.10836,0.06192,0.05896,0.00000,-0.00000,-0.00000
0.10912,0.06235,0.05918,0.00000,-0.00000,-0.00000
0.10988,0.06279,0.05939,-0.00000,0.00000,0.00000
0.11064,0.06322,0.05961,-0.00000,0.00000,0.00000
0.11140,0.06366,0.05983,0.00000,0.00000,-0.00000
0.11217,0.06410,0.06005,0.00000,-0.00000,-0.00000
0.11294,0.06454,0.06027,0.00000,-0.00000,-0.00000
0.11372,0.06498,0.06049,0.00000,-0.00000,-0.00000
0.11450,0.06543,0.06071,-0.00000,0.00000,0.00000
0.11528,0.06587,0.06094,-0.00000,0.00000,0.00000
0.11606,0.06632,0.06116,0.00000,-0.00000,0.00000
0.11685,0.06677,0.06139,-0.00000,0.00000,0.00000
0.11764,0.06722,0.06161,0.00000,-0.00000,-0.00000
0.11843,0.06767,0.06184,0.00000,-0.00000,-0.00000
0.11923,0.06813,0.06206,0.00000,0.00000,-0.00000
0.12003,0.06859,0.06229,0.00000,-0.00000,0.00000
0.12083,0.06904,0.06252,0.00000,-0.00000,-0.00000
0.12163,0.06950,0.06275,-0.00000,0.00000,0.00000
0.12244,0.06997,0.06298,-0.00000,-0.00000,0.00000
0.12325,0.07043,0.06321,-0.00000,0.00000,0.00000
0.12406,0.07089,0.06345,-0.00000,0.00000,0.00000
0.12488,0.07136,0.06368,-0.00000,0.00000,0.00000
0.12570,0.07183,0.06391,-0.00000,-0.00000,0.00000
0.12652,0.07230,0.06415,-0.00000,0.00000,0.00000
0.12735,0.07277,0.06439,0.00000,0.00000,-0.00000
0.12818,0.07325,0.06462,-0.00000,0.00000,0.00000
0.12901,0.07372,0.06486,-0.00000,0.00000,0.00000
0.12985,0.07420,0.06510,0.00000,0.00000,0.00000
0.13069,0.07468,0.06534,0.00000,-0.00000,-0.00000
0.13153,0.07516,0.06558,-0.00000,0.00000,0.00000
0.13237,0.07564,0.06582,-0.00000,0.00000,0.00000
0.13322,0.07612,0.06606,-0.00000,0.00000,0.00000
0.13407,0.07661,0.06631,0.00000,-0.00000,-0.00000
0.13492,0.07710,0.06655,0.00000,0.00000,-0.00000
0.13578,0.07759,0.06679,0.00000,-0.00000,-0.00000
0.13664,0.07808,0.06704,-0.00000,0.00000,0.00000
0.13750,0.07857,0.06729,-0.00000,0.00000,0.00000
0.13837,0.07907,0.06753,0.00000,-0.00000,-0.00000
0.13923,0.07956,0.06778,0.00000,-0.00000,-0.00000
0.14011,0.08006,0.06803,-0.00000,0.00000,0.00000
0.14098,0.08056,0.06828,0.00000,-0.00000,-0.00000
0.14186,0.08106,0.06853,-0.00000,-0.00000,0.00000
0.14274,0.08156,0.06878,-0.00000,0.00000,0.00000
0.14362,0.08207,0.06903,0.00000,0.00000,-0.00000
0.14451,0.08258,0.06929,0.00000,-0.00000,-0.00000
0.14540,0.08308,0.06954,0.00000,-0.00000,-0.00000
0.14629,0.08359,0.06980,0.00000,-0.00000,-0.00000
0.14719,0.08411,0.07005,-0.00000,-0.00000,0.00000
0.14809,0.08462,0.07031,-0.00000,0.00000,0.00000
0.14899,0.08514,0.07057,0.00000,0.00000,0.00000
0.14989,0.08565,0.07083,-0.00000,0.00000,0.00000
0.15080,0.08617,0.07109,-0.00000,-0.00000,-0.00000
0.15171,0.08669,0.07135,0.00000,-0.00000,-0.00000
0.15262,0.08721,0.07161,-0.00000,-0.00000,-0.00000
0.15354,0.08774,0.07187,0.00000,-0.00000,-0.00000
0.15446,0.08826,0.07213,0.00000,-0.00000,-0.00000
0.15538,0.08879,0.07240,-0.00000,0.00000,0.00000
0.15631,0.08932,0.07266,0.00000,-0.00000,-0.00000
0.15724,0.08985,0.07293,0.00000,-0.00000,-0.00000
0.15817,0.09038,0.07319,0.00000,0.00000,-0.00000
0.15911,0.09092,0.07346,-0.00000,0.00000,0.00000
0.16005,0.09145,0.07373,0.00000,-0.00000,-0.00000
0.16099,0.09199,0.07400,-0.00000,-0.00000,0.00000
0.16193,0.09253,0.07427,-0.00000,-0.00000,0.00000
0.16288,0.09307,0.07454,0.00000,-0.00000,-0.00000
0.16383,0.09362,0.07481,0.00000,-0.00000,-0.00000
0.16478,0.09416,0.07508,-0.00000,-0.00000,0.00000
0.16574,0.09471,0.07535,0.00000,-0.00000,-0.00000
0.16670,0.09526,0.07563,-0.00000,-0.00000,-0.00000
0.16766,0.09581,0.07590,-0.00000,0.00000,0.00000
0.16862,0.09636,0.07618,-0.00000,-0.00000,-0.00000
0.16959,0.09691,0.07646,0.00000,0.00000,-0.00000
0.17056,0.09747,0.07673,-0.00000,0.00000,0.00000
0.17154,0.09802,0.07701,-0.00000,0.00000,0.00000
0.17252,0.09858,0.07729,-0.00000,0.00000,0.00000
0.17350,0.09914,0.07757,-0.00000,0.00000,0.00000
0.17448,0.09970,0.07785,-0.00000,0.00000,0.00000
0.17547,0.10027,0.07813,0.00000,0.00000,0.00000
0.17646,0.10083,0.07842,-0.00000,0.00000,0.00000
0.17745,0.10140,0.07870,0.00000,-0.00000,-0.00000
0.17844,0.10197,0.07898,0.00000,-0.00000,-0.00000
0.17944,0.10254,0.07927,0.00000,-0.00000,0.00000
0.18044,0.10311,0.07956,0.00000,0.00000,0.00000
0.18145,0.10369,0.07984,0.00000,-0.00000,-0.00000
0.18246,0.10426,0.08013,-0.00000,0.00000,0.00000
0.18347,0.10484,0.08042,-0.00000,0.00000,0.00000
0.18448,0.10542,0.08071,0.00000,-0.00000,-0.00000
0.18550,0.10600,0.08100,0.00000,-0.00000,-0.00000
0.18652,0.10658,0.08129,0.00000,-0.00000,-0.00000
0.18754,0.10717,0.08158,0.00000,-0.00000,-0.00000
0.18856,0.10775,0.08188,-0.00000,0.00000,0.00000
0.18959,0.10834,0.08217,0.00000,0.00000,-0.00000
0.19062,0.10893,0.08246,-0.00000,0.00000,-0.00000
0.19166,0.10952,0.08276,-0.00000,0.00000,0.00000
0.19270,0.11011,0.08306,-0.00000,0.00000,0.00000
0.19374,0.11071,0.08335,-0.00000,0.00000,0.00000
0.19478,0.11130,0.08365,-0.00000,0.00000,0.00000
0.19583,0.11190,0.08395,-0.00000,-0.00000,0.00000
0.19688,0.11250,0.08425,-0.00000,0.00000,0.00000
0.19793,0.11310,0.08455,-0.00000,0.00000,0.00000
0.19898,0.11371,0.08485,0.00000,-0.00000,-0.00000
0.20004,0.11431,0.08516,-0.00000,0.00000,0.00000
0.20110,0.11492,0.08546,0.00000,-0.00000,-0.00000
0.20217,0.11553,0.08576,-0.00000,-0.00000,-0.00000
0.20324,0.11614,0.08607,-0.00000,-0.00000,-0.00000
0.20431,0.11675,0.08637,0.00000,0.00000,-0.00000
0.20538,0.11736,0.08668,0.00000,-0.00000,-0.00000
0.20646,0.11798,0.08699,0.00000,-0.00000,-0.00000
0.20754,0.11859,0.08730,-0.00000,-0.00000,0.00000
0.20862,0.11921,0.08761,-0.00000,0.00000,0.00000
0.20970,0.11983,0.08792,0.00000,-0.00000,-0.00000
0.21079,0.12045,0.08823,-0.00000,0.00000,0.00000
0.21188,0.12108,0.08854,0.00000,-0.00000,-0.00000
0.21298,0.12170,0.08885,0.00000,-0.00000,-0.00000
0.21407,0.12233,0.08916,0.00000,-0.00000,-0.00000
0.21517,0.12296,0.08948,0.00000,-0.00000,-0.00000
0.21628,0.12359,0.08979,-0.00000,0.00000,0.00000
0.21738,0.12422,0.09011,0.00000,-0.00000,-0.00000
0.21849,0.12485,0.09043,-0.00000,0.00000,0.00000
0.21960,0.12549,0.09074,0.00000,0.00000,-0.00000
0.22072,0.12612,0.09106,-0.00000,0.00000,0.00000
0.22184,0.12676,0.09138,-0.00000,-0.00000,0.00000
0.22296,0.12740,0.09170,-0.00000,-0.00000,-0.00000
0.22408,0.12805,0.09202,-0.00000,0.00000,0.00000
0.22521,0.12869,0.09234,-0.00000,0.00000,0.00000
0.22634,0.12934,0.09267,-0.00000,-0.00000,0.00000
0.22747,0.12998,0.09299,-0.00000,0.00000,0.00000
0.22860,0.13063,0.09332,-0.00000,-0.00000,0.00000
0.22974,0.13128,0.09364,-0.00000,0.00000,0.00000
0.23088,0.13193,0.09397,0.00000,-0.00000,-0.00000
0.23203,0.13259,0.09429,-0.00000,0.00000,0.00000
0.23318,0.13324,0.09462,-0.00000,0.00000,0.00000
0.23433,0.13390,0.09495,-0.00000,0.00000,0.00000
0.23548,0.13456,0.09528,-0.00000,0.00000,0.00000
0.23663,0.13522,0.09561,0.00000,-0.00000,-0.00000
0.23779,0.13588,0.09594,-0.00000,-0.00000,0.00000
0.23895,0.13655,0.09627,0.00000,-0.00000,-0.00000
0.24012,0.13721,0.09661,-0.00000,0.00000,0.00000
0.24129,0.13788,0.09694,-0.00000,0.00000,0.00000
0.24246,0.13855,0.09727,0.00000,-0.00000,-0.00000
0.24363,0.13922,0.09761,-0.00000,0.00000,0.00000
0.24481,0.13989,0.09794,-0.00000,0.00000,0.00000
0.24599,0.14056,0.09828,0.00000,0.00000,-0.00000
0.24717,0.14124,0.09862,-0.00000,0.00000,0.00000
0.24835,0.14192,0.09896,-0.00000,0.00000,0.00000
0.24954,0.14259,0.09930,0.00000,-0.00000,0.00000
0.25073,0.14327,0.09964,0.00000,0.00000,-0.00000
0.25192,0.14396,0.09998,0.00000,-0.00000,-0.00000
0.25312,0.14464,0.10032,-0.00000,0.00000,0.00000
0.25432,0.14533,0.10066,-0.00000,0.00000,0.00000
0.25552,0.14601,0.10101,0.00000,-0.00000,-0.00000
0.25673,0.14670,0.10135,0.00000,-0.00000,0.00000
0.25794,0.14739,0.10170,0.00000,-0.00000,-0.00000
0.25915,0.14808,0.10204,-0.00000,0.00000,0.00000
0.26036,0.14878,0.10239,-0.00000,-0.00000,-0.00000
0.26158,0.14947,0.10274,0.00000,0.00000,0.00000
0.26280,0.15017,0.10308,0.00000,0.00000,-0.00000
0.26402,0.15087,0.10343,-0.00000,0.00000,0.00000
0.26524,0.15157,0.10378,-0.00000,0.00000,0.00000
0.26647,0.15227,0.10413,0.00000,-0.00000,-0.00000
0.26770,0.15297,0.10449,0.00000,-0.00000,-0.00000
0.26894,0.15368,0.10484,-0.00000,0.00000,0.00000
0.27017,0.15438,0.10519,0.00000,-0.00000,-0.00000
0.27141,0.15509,0.10555,-0.00000,-0.00000,0.00000
0.27265,0.15580,0.10590,0.00000,-0.00000,-0.00000
0.27390,0.15651,0.10626,-0.00000,-0.00000,0.00000
0.27515,0.15723,0.10661,-0.00000,-0.00000,0.00000
0.27640,0.15794,0.10697,0.00000,-0.00000,-0.00000
0.27765,0.15866,0.10733,0.00000,-0.00000,-0.00000
0.27891,0.15938,0.10769,-0.00000,0.00000,0.00000
0.28017,0.16010,0.10805,0.00000,0.00000,0.00000
0.28143,0.16082,0.10841,-0.00000,0.00000,-0.00000
0.28269,0.16154,0.10877,0.00000,0.00000,0.00000
0.28396,0.16226,0.10913,-0.00000,0.00000,0.00000
0.28523,0.16299,0.10949,0.00000,-0.00000,-0.00000
0.28651,0.16372,0.10986,0.00000,0.00000,0.00000
0.28778,0.16445,0.11022,-0.00000,-0.00000,-0.00000
0.28906,0.16518,0.11059,-0.00000,0.00000,0.00000
0.29034,0.16591,0.11095,0.00000,-0.00000,-0.00000
0.29163,0.16664,0.11132,-0.00000,0.00000,0.00000
0.29291,0.16738,0.11169,-0.00000,0.00000,0.00000
0.29420,0.16812,0.11206,0.00000,-0.00000,0.00000
0.29550,0.16886,0.11243,0.00000,-0.00000,-0.00000
0.29679,0.16960,0.11280,-0.00000,0.00000,0.00000
0.29809,0.17034,0.11317,-0.00000,0.00000,0.00000
0.29939,0.17108,0.11354,-0.00000,0.00000,0.00000
0.30070,0.17183,0.11391,0.00000,-0.00000,-0.00000
0.30200,0.17257,0.11429,0.00000,-0.00000,-0.00000
0.30331,0.17332,0.11466,-0.00000,0.00000,0.00000
0.30462,0.17407,0.11504,-0.00000,0.00000,0.00000
0.30594,0.17482,0.11541,0.00000,-0.00000,-0.00000
0.30726,0.17557,0.11579,0.00000,-0.00000,-0.00000
0.30858,0.17633,0.11616,0.00000,0.00000,-0.00000
0.30990,0.17709,0.11654,-0.00000,0.00000,0.00000
0.31123,0.17784,0.11692,-0.00000,-0.00000,-0.00000
0.31255,0.17860,0.11730,0.00000,-0.00000,-0.00000
0.31389,0.17936,0.11768,0.00000,-0.00000,-0.00000
0.31522,0.18013,0.11806,0.00000,0.00000,-0.00000
0.31656,0.18089,0.11844,0.00000,-0.00000,-0.00000
0.31790,0.18165,0.11883,0.00000,-0.00000,-0.00000
0.31924,0.18242,0.11921,-0.00000,-0.00000,-0.00000
0.32058,0.18319,0.11960,0.00000,-0.00000,-0.00000
0.32193,0.18396,0.11998,-0.00000,0.00000,0.00000
0.32328,0.18473,0.12037,-0.00000,0.00000,-0.00000
0.32463,0.18551,0.12075,-0.00000,0.00000,0.00000
0.32599,0.18628,0.12114,-0.00000,0.00000,0.00000
0.32735,0.18706,0.12153,0.00000,-0.00000,-0.00000
0.32871,0.18783,0.12192,-0.00000,0.00000,0.00000
0.33007,0.18861,0.12231,0.00000,0.00000,-0.00000
0.33144,0.18939,0.12270,0.00000,-0.00000,-0.00000
0.33281,0.19018,0.12309,0.00000,-0.00000,-0.00000
0.33418,0.19096,0.12348,-0.00000,0.00000,0.00000
0.33556,0.19175,0.12387,0.00000,-0.00000,-0.00000
0.33693,0.19253,0.12427,0.00000,0.00000,0.00000
0.33831,0.19332,0.12466,0.00000,-0.00000,-0.00000
0.33969,0.19411,0.12506,0.00000,-0.00000,-0.00000
0.34108,0.19490,0.12545,0.00000,-0.00000,-0.00000
0.34247,0.19570,0.12585,0.00000,-0.00000,-0.00000
0.34386,0.19649,0.12625,-0.00000,0.00000,0.00000
0.34525,0.19729,0.12664,0.00000,0.00000,-0.00000
0.34665,0.19808,0.12704,-0.00000,0.00000,0.00000
0.34805,0.19888,0.12744,0.00000,-0.00000,-0.00000
0.34945,0.19968,0.12784,-0.00000,0.00000,0.00000
0.35085,0.20049,0.12824,0.00000,-0.00000,-0.00000
0.35226,0.20129,0.12864,-0.00000,0.00000,0.00000
0.35367,0.20209,0.12905,0.00000,-0.00000,-0.00000
0.35508,0.20290,0.12945,0.00000,-0.00000,-0.00000
0.35649,0.20371,0.12985,-0.00000,-0.00000,0.00000
0.35791,0.20452,0.13026,-0.00000,0.00000,0.00000
0.35933,0.20533,0.13066,0.00000,-0.00000,-0.00000
0.36075,0.20614,0.13107,0.00000,-0.00000,-0.00000
0.36217,0.20696,0.13148,-0.00000,-0.00000,-0.00000
0.36360,0.20777,0.13189,0.00000,-0.00000,-0.00000
0.36503,0.20859,0.13229,-0.00000,0.00000,0.00000
0.36646,0.20941,0.13270,0.00000,-0.00000,-0.00000
0.36790,0.21023,0.13311,-0.00000,0.00000,0.00000
0.36933,0.21105,0.13352,-0.00000,0.00000,0.00000
0.37077,0.21187,0.13394,-0.00000,0.00000,0.00000
0.37222,0.21270,0.13435,-0.00000,0.00000,0.00000
0.37366,0.21352,0.13476,-0.00000,0.00000,-0.00000
0.37511,0.21435,0.13517,-0.00000,0.00000,0.00000
0.37656,0.21518,0.13559,-0.00000,0.00000,0.00000
0.37801,0.21601,0.13600,0.00000,-0.00000,-0.00000
0.37947,0.21684,0.13642,-0.00000,0.00000,0.00000
0.38093,0.21767,0.13684,-0.00000,0.00000,0.00000
0.38239,0.21851,0.13725,-0.00000,0.00000,0.00000
0.38385,0.21934,0.13767,0.00000,-0.00000,-0.00000
0.38531,0.22018,0.13809,0.00000,-0.00000,-0.00000
0.38678,0.22102,0.13851,-0.00000,0.00000,0.00000
0.38825,0.22186,0.13893,-0.00000,-0.00000,-0.00000
0.38973,0.22270,0.13935,-0.00000,0.00000,0.00000
0.39120,0.22354,0.13977,0.00000,-0.00000,-0.00000
0.39268,0.22439,0.14019,0.00000,-0.00000,-0.00000
0.39416,0.22523,0.14062,0.00000,0.00000,0.00000
0.39564,0.22608,0.14104,0.00000,-0.00000,-0.00000
0.39713,0.22693,0.14146,0.00000,-0.00000,-0.00000
0.39861,0.22778,0.14189,0.00000,0.00000,0.00000
0.40011,0.22863,0.14232,-0.00000,-0.00000,-0.00000
0.40160,0.22948,0.14274,-0.00000,0.00000,0.00000
0.40309,0.23034,0.14317,0.00000,-0.00000,-0.00000
0.40459,0.23119,0.14360,0.00000,-0.00000,-0.00000
0.40609,0.23205,0.14403,0.00000,-0.00000,-0.00000
0.40759,0.23291,0.14446,-0.00000,0.00000,0.00000
0.40910,0.23377,0.14489,-0.00000,-0.00000,-0.00000
0.41061,0.23463,0.14532,0.00000,-0.00000,-0.00000
0.41212,0.23549,0.14575,-0.00000,-0.00000,-0.00000
0.41363,0.23636,0.14618,-0.00000,-0.00000,-0.00000
0.41514,0.23722,0.14661,-0.00000,0.00000,0.00000
0.41666,0.23809,0.14705,-0.00000,0.00000,0.00000
0.41818,0.23896,0.14748,-0.00000,0.00000,0.00000
0.41970,0.23983,0.14791,-0.00000,0.00000,0.00000
0.42123,0.24070,0.14835,-0.00000,0.00000,0.00000
0.42275,0.24157,0.14879,0.00000,-0.00000,-0.00000
0.42428,0.24245,0.14922,0.00000,-0.00000,-0.00000
0.42581,0.24332,0.14966,0.00000,-0.00000,-0.00000
0.42735,0.24420,0.15010,0.00000,-0.00000,-0.00000
0.42888,0.24508,0.15054,-0.00000,-0.00000,-0.00000
0.43042,0.24596,0.15098,0.00000,-0.00000,-0.00000
0.43196,0.24684,0.15142,-0.00000,0.00000,0.00000
0.43351,0.24772,0.15186,-0.00000,0.00000,0.00000
0.43505,0.24860,0.15230,-0.00000,0.00000,0.00000
0.43660,0.24949,0.15274,0.00000,0.00000,0.00000
0.43815,0.25037,0.15319,0.00000,-0.00000,-0.00000
0.43970,0.25126,0.15363,0.00000,0.00000,0.00000
0.44126,0.25215,0.15407,0.00000,0.00000,-0.00000
0.44282,0.25304,0.15452,0.00000,0.00000,0.00000
0.44438,0.25393,0.15496,0.00000,0.00000,0.00000
0.44594,0.25482,0.15541,-0.00000,-0.00000,-0.00000
0.44750,0.25572,0.15586,-0.00000,-0.00000,-0.00000
0.44907,0.25661,0.15631,0.00000,-0.00000,-0.00000
0.45064,0.25751,0.15675,0.00000,0.00000,0.00000
0.45221,0.25841,0.15720,0.00000,0.00000,0.00000
0.45378,0.25931,0.15765,-0.00000,-0.00000,-0.00000
0.45536,0.26021,0.15810,-0.00000,-0.00000,-0.00000
0.45694,0.26111,0.15855,0.00000,0.00000,0.00000
0.45852,0.26201,0.15901,0.00000,0.00000,0.00000
0.46010,0.26292,0.15946,0.00000,0.00000,0.00000
0.46169,0.26382,0.15991,0.00000,0.00000,0.00000
0.46327,0.26473,0.16036,0.00000,0.00000,0.00000
0.46486,0.26564,0.16082,0.00000,0.00000,0.00000
0.46646,0.26655,0.16127,0.00000,0.00000,0.00000
0.46805,0.26746,0.16173,-0.00000,-0.00000,-0.00000
0.46965,0.26837,0.16218,0.00000,0.00000,0.00000
0.47124,0.26928,0.16264,0.00000,0.00000,0.00000
0.47285,0.27020,0.16310,-0.00000,-0.00000,-0.00000
0.47445,0.27111,0.16356,0.00000,0.00000,0.00000
0.47605,0.27203,0.16402,0.00000,0.00000,0.00000
0.47766,0.27295,0.16447,-0.00000,-0.00000,-0.00000
0.47927,0.27387,0.16493,0.00000,0.00000,0.00000
0.48088,0.27479,0.16539,-0.00000,-0.00000,-0.00000
0.48250,0.27571,0.16586,-0.00000,-0.00000,-0.00000
0.48411,0.27664,0.16632,-0.00000,-0.00000,-0.00000
0.48573,0.27756,0.16678,-0.00000,-0.00000,-0.00000
0.48735,0.27849,0.16724,-0.00000,-0.00000,-0.00000
0.48897,0.27941,0.16771,-0.00000,-0.00000,-0.00000
0.49060,0.28034,0.16817,-0.00000,-0.00000,-0.00000
0.49223,0.28127,0.16864,-0.00000,-0.00000,-0.00000
0.49386,0.28220,0.16910,0.00000,0.00000,0.00000
0.49549,0.28314,0.16957,-0.00000,-0.00000,-0.00000
0.49712,0.28407,0.17003,0.00000,0.00000,0.00000
0.49876,0.28500,0.17050,0.00000,0.00000,0.00000
0.50039,0.28594,0.17097,0.00000,0.00000,0.00000
0.50203,0.28688,0.17144,-0.00000,-0.00000,-0.00000
0.50368,0.28781,0.17191,0.00000,0.00000,0.00000
0.50532,0.28875,0.17238,0.00000,0.00000,0.00000
0.50697,0.28970,0.17285,-0.00000,-0.00000,-0.00000
0.50861,0.29064,0.17332,-0.00000,-0.00000,-0.00000
0.51027,0.29158,0.17379,-0.00000,-0.00000,-0.00000
0.51192,0.29252,0.17426,-0.00000,-0.00000,-0.00000
0.51357,0.29347,0.17474,0.00000,0.00000,0.00000
0.51523,0.29442,0.17521,0.00000,0.00000,0.00000
0.51689,0.29536,0.17568,0.00000,0.00000,0.00000
0.51855,0.29631,0.17616,0.00000,0.00000,0.00000
0.52021,0.29726,0.17663,0.00000,0.00000,0.00000
0.52188,0.29822,0.17711,0.00000,0.00000,0.00000
0.52354,0.29917,0.17758,-0.00000,-0.00000,-0.00000
0.52521,0.30012,0.17806,0.00000,0.00000,0.00000
0.52688,0.30108,0.17854,-0.00000,0.00000,-0.00000
0.52856,0.30203,0.17902,0.00000,0.00000,0.00000
0.53023,0.30299,0.17950,-0.00000,0.00000,-0.00000
0.53191,0.30395,0.17997,-0.00000,-0.00000,-0.00000
0.53359,0.30491,0.18045,-0.00000,0.00000,-0.00000
0.53527,0.30587,0.18093,0.00000,0.00000,0.00000
0.53695,0.30683,0.18142,-0.00000,-0.00000,-0.00000
0.53864,0.30779,0.18190,-0.00000,-0.00000,-0.00000
0.54033,0.30876,0.18238,-0.00000,-0.00000,-0.00000
0.54202,0.30972,0.18286,0.00000,0.00000,0.00000
0.54371,0.31069,0.18334,0.00000,0.00000,0.00000
0.54540,0.31166,0.18383,-0.00000,-0.00000,-0.00000
0.54709,0.31263,0.18431,-0.00000,-0.00000,-0.00000
0.54879,0.31360,0.18480,-0.00000,-0.00000,-0.00000
0.55049,0.31457,0.18528,-0.00000,-0.00000,-0.00000
0.55219,0.31554,0.18577,-0.00000,-0.00000,-0.00000
0.55389,0.31651,0.18626,0.00000,-0.00000,0.00000
0.55560,0.31749,0.18674,-0.00000,-0.00000,-0.00000
0.55731,0.31846,0.18723,0.00000,0.00000,0.00000
0.55902,0.31944,0.18772,0.00000,0.00000,0.00000
0.56073,0.32041,0.18821,0.00000,0.00000,0.00000
0.56244,0.32139,0.18870,0.00000,0.00000,0.00000
0.56415,0.32237,0.18919,-0.00000,-0.00000,-0.00000
0.56587,0.32335,0.18968,0.00000,0.00000,0.00000
0.56759,0.32434,0.19017,-0.00000,-0.00000,-0.00000
0.56931,0.32532,0.19066,0.00000,0.00000,0.00000
0.57103,0.32630,0.19115,0.00000,0.00000,0.00000
0.57275,0.32729,0.19164,-0.00000,-0.00000,-0.00000
0.57448,0.32827,0.19214,0.00000,0.00000,0.00000
0.57621,0.32926,0.19263,0.00000,0.00000,0.00000
0.57794,0.33025,0.19312,0.00000,0.00000,0.00000
0.57967,0.33124,0.19362,-0.00000,0.00000,-0.00000
0.58140,0.33223,0.19411,0.00000,0.00000,0.00000
0.58314,0.33322,0.19461,-0.00000,-0.00000,-0.00000
0.58487,0.33421,0.19511,-0.00000,0.00000,-0.00000
0.58661,0.33521,0.19560,-0.00000,0.00000,-0.00000
0.58835,0.33620,0.19610,-0.00000,-0.00000,-0.00000
0.59009,0.33720,0.19660,-0.00000,-0.00000,-0.00000
0.59184,0.33819,0.19710,-0.00000,-0.00000,-0.00000
0.59358,0.33919,0.19760,-0.00000,-0.00000,-0.00000
0.59533,0.34019,0.19809,-0.00000,-0.00000,-0.00000
0.59708,0.34119,0.19859,-0.00000,-0.00000,-0.00000
0.59883,0.34219,0.19909,-0.00000,-0.00000,-0.00000
0.60058,0.34319,0.19960,-0.00000,-0.00000,-0.00000
0.60234,0.34419,0.20010,0.00000,0.00000,0.00000
0.60410,0.34520,0.20060,-0.00000,-0.00000,-0.00000
0.60585,0.34620,0.20110,0.00000,0.00000,0.00000
0.60761,0.34721,0.20160,-0.00000,-0.00000,-0.00000
0.60937,0.34821,0.20211,-0.00000,-0.00000,-0.00000
0.61114,0.34922,0.20261,-0.00000,-0.00000,-0.00000
0.61290,0.35023,0.20312,0.00000,0.00000,0.00000
0.61467,0.35124,0.20362,0.00000,0.00000,0.00000
0.61644,0.35225,0.20413,-0.00000,-0.00000,-0.00000
0.61821,0.35326,0.20463,-0.00000,-0.00000,0.00000
0.61998,0.35427,0.20514,-0.00000,-0.00000,-0.00000
0.62175,0.35529,0.20564,0.00000,0.00000,0.00000
0.62353,0.35630,0.20615,-0.00000,-0.00000,-0.00000
0.62531,0.35732,0.20666,0.00000,0.00000,0.00000
0.62709,0.35833,0.20717,-0.00000,-0.00000,0.00000
0.62887,0.35935,0.20768,0.00000,0.00000,0.00000
0.63065,0.36037,0.20819,0.00000,0.00000,0.00000
0.63243,0.36139,0.20869,0.00000,0.00000,0.00000
0.63422,0.36241,0.20920,0.00000,0.00000,0.00000
0.63600,0.36343,0.20972,-0.00000,-0.00000,-0.00000
0.63779,0.36445,0.21023,-0.00000,-0.00000,-0.00000
0.63958,0.36548,0.21074,0.00000,0.00000,0.00000
0.64137,0.36650,0.21125,0.00000,-0.00000,0.00000
0.64317,0.36752,0.21176,-0.00000,-0.00000,-0.00000
0.64496,0.36855,0.21227,-0.00000,-0.00000,-0.00000
0.64676,0.36958,0.21279,-0.00000,-0.00000,0.00000
0.64856,0.37060,0.21330,-0.00000,-0.00000,-0.00000
0.65036,0.37163,0.21382,0.00000,-0.00000,0.00000
0.65216,0.37266,0.21433,-0.00000,-0.00000,-0.00000
0.65396,0.37369,0.21485,-0.00000,-0.00000,-0.00000
0.65577,0.37472,0.21536,-0.00000,-0.00000,-0.00000
0.65757,0.37575,0.21588,0.00000,0.00000,0.00000
0.65938,0.37679,0.21639,-0.00000,-0.00000,-0.00000
0.66119,0.37782,0.21691,-0.00000,-0.00000,-0.00000
0.66300,0.37886,0.21743,-0.00000,-0.00000,-0.00000
0.66481,0.37989,0.21795,-0.00000,-0.00000,-0.00000
0.66662,0.38093,0.21846,-0.00000,-0.00000,-0.00000
0.66844,0.38197,0.21898,0.00000,-0.00000,-0.00000
0.67026,0.38300,0.21950,-0.00000,-0.00000,-0.00000
0.67207,0.38404,0.22002,0.00000,0.00000,0.00000
0.67389,0.38508,0.22054,0.00000,0.00000,0.00000
0.67571,0.38612,0.22106,0.00000,0.00000,0.00000
0.67754,0.38716,0.22158,0.00000,0.00000,0.00000
0.67936,0.38821,0.22210,0.00000,-0.00000,0.00000
0.68119,0.38925,0.22262,-0.00000,-0.00000,-0.00000
0.68301,0.39029,0.22315,-0.00000,0.00000,-0.00000
0.68484,0.39134,0.22367,0.00000,0.00000,0.00000
0.68667,0.39238,0.22419,0.00000,-0.00000,0.00000
0.68850,0.39343,0.22472,-0.00000,-0.00000,-0.00000
0.69034,0.39448,0.22524,-0.00000,-0.00000,-0.00000
0.69217,0.39553,0.22576,-0.00000,-0.00000,-0.00000
0.69401,0.39657,0.22629,0.00000,0.00000,0.00000
0.69584,0.39762,0.22681,-0.00000,0.00000,-0.00000
0.69768,0.39868,0.22734,0.00000,0.00000,0.00000
0.69952,0.39973,0.22786,0.00000,0.00000,0.00000
0.70136,0.40078,0.22839,0.00000,0.00000,0.00000
0.70321,0.40183,0.22892,-0.00000,-0.00000,-0.00000
0.70505,0.40289,0.22944,-0.00000,-0.00000,-0.00000
0.70689,0.40394,0.22997,0.00000,0.00000,0.00000
0.70874,0.40499,0.23050,-0.00000,-0.00000,0.00000
0.71059,0.40605,0.23103,-0.00000,-0.00000,-0.00000
0.71244,0.40711,0.23155,-0.00000,-0.00000,-0.00000
0.71429,0.40817,0.23208,0.00000,0.00000,0.00000
0.71614,0.40922,0.23261,-0.00000,0.00000,-0.00000
0.71799,0.41028,0.23314,-0.00000,-0.00000,-0.00000
0.71985,0.41134,0.23367,-0.00000,0.00000,-0.00000
0.72170,0.41240,0.23420,0.00000,0.00000,0.00000
0.72356,0.41346,0.23473,0.00000,0.00000,0.00000
0.72542,0.41453,0.23526,-0.00000,-0.00000,-0.00000
0.72728,0.41559,0.23579,-0.00000,0.00000,-0.00000
0.72914,0.41665,0.23633,0.00000,0.00000,0.00000
0.73100,0.41772,0.23686,-0.00000,-0.00000,-0.00000
0.73287,0.41878,0.23739,-0.00000,0.00000,-0.00000
0.73473,0.41985,0.23792,0.00000,0.00000,0.00000
0.73660,0.42091,0.23846,-0.00000,-0.00000,-0.00000
0.73847,0.42198,0.23899,-0.00000,0.00000,0.00000
0.74033,0.42305,0.23952,-0.00000,-0.00000,-0.00000
0.74220,0.42412,0.24006,0.00000,0.00000,0.00000
0.74408,0.42519,0.24059,0.00000,0.00000,0.00000
0.74595,0.42626,0.24113,0.00000,0.00000,0.00000
0.74782,0.42733,0.24166,0.00000,0.00000,0.00000
0.74970,0.42840,0.24220,0.00000,0.00000,0.00000
0.75157,0.42947,0.24273,0.00000,-0.00000,-0.00000
0.75345,0.43054,0.24327,0.00000,-0.00000,0.00000
0.75533,0.43162,0.24381,0.00000,-0.00000,0.00000
0.75721,0.43269,0.24434,-0.00000,0.00000,-0.00000
0.75909,0.43376,0.24488,-0.00000,0.00000,-0.00000
0.76097,0.43484,0.24542,-0.00000,0.00000,-0.00000
0.76285,0.43592,0.24596,-0.00000,0.00000,0.00000
0.76474,0.43699,0.24650,-0.00000,0.00000,-0.00000
0.76662,0.43807,0.24703,0.00000,-0.00000,0.00000
0.76851,0.43915,0.24757,-0.00000,0.00000,-0.00000
0.77039,0.44023,0.24811,0.00000,-0.00000,0.00000
0.77228,0.44130,0.24865,0.00000,-0.00000,0.00000
0.77417,0.44238,0.24919,0.00000,0.00000,-0.00000
0.77606,0.44346,0.24973,0.00000,0.00000,0.00000
0.77796,0.44455,0.25027,0.00000,-0.00000,0.00000
0.77985,0.44563,0.25081,0.00000,-0.00000,0.00000
0.78174,0.44671,0.25135,0.00000,-0.00000,-0.00000
0.78364,0.44779,0.25190,0.00000,-0.00000,0.00000
0.78553,0.44888,0.25244,0.00000,-0.00000,0.00000
0.78743,0.44996,0.25298,0.00000,0.00000,0.00000
0.78933,0.45104,0.25352,0.00000,-0.00000,0.00000
0.79123,0.45213,0.25407,0.00000,-0.00000,0.00000
0.79313,0.45322,0.25461,0.00000,-0.00000,0.00000
0.79503,0.45430,0.25515,0.00000,-0.00000,0.00000
0.79693,0.45539,0.25569,0.00000,-0.00000,-0.00000
0.79883,0.45648,0.25624,-0.00000,0.00000,0.00000
0.80074,0.45757,0.25678,-0.00000,0.00000,-0.00000
0.80264,0.45865,0.25733,0.00000,-0.00000,0.00000
0.80455,0.45974,0.25787,0.00000,-0.00000,0.00000
0.80646,0.46083,0.25842,0.00000,-0.00000,0.00000
0.80837,0.46192,0.25896,0.00000,0.00000,-0.00000
0.81028,0.46301,0.25951,-0.00000,0.00000,-0.00000
0.81219,0.46411,0.26005,-0.00000,0.00000,-0.00000
0.81410,0.46520,0.26060,-0.00000,0.00000,-0.00000
0.81601,0.46629,0.26115,0.00000,-0.00000,0.00000
0.81792,0.46738,0.26169,-0.00000,-0.00000,-0.00000
0.81983,0.46848,0.26224,0.00000,-0.00000,0.00000
0.82175,0.46957,0.26279,0.00000,-0.00000,0.00000
0.82367,0.47067,0.26333,-0.00000,-0.00000,0.00000
0.82558,0.47176,0.26388,0.00000,-0.00000,0.00000
0.82750,0.47286,0.26443,0.00000,0.00000,0.00000
0.82942,0.47395,0.26498,0.00000,-0.00000,0.00000
0.83134,0.47505,0.26552,0.00000,-0.00000,0.00000
0.83326,0.47615,0.26607,0.00000,-0.00000,0.00000
0.83518,0.47724,0.26662,-0.00000,0.00000,-0.00000
0.83710,0.47834,0.26717,0.00000,-0.00000,0.00000
0.83902,0.47944,0.26772,-0.00000,0.00000,-0.00000
0.84095,0.48054,0.26827,0.00000,-0.00000,0.00000
0.84287,0.48164,0.26882,0.00000,-0.00000,0.00000
0.84480,0.48274,0.26937,0.00000,0.00000,-0.00000
0.84672,0.48384,0.26992,-0.00000,-0.00000,0.00000
0.84865,0.48494,0.27047,-0.00000,-0.00000,0.00000
0.85058,0.48604,0.27102,0.00000,-0.00000,0.00000
0.85250,0.48715,0.27157,-0.00000,0.00000,-0.00000
0.85443,0.48825,0.27212,-0.00000,0.00000,-0.00000
0.85636,0.48935,0.27268,0.00000,0.00000,-0.00000
0.85829,0.49045,0.27323,-0.00000,0.00000,0.00000
0.86023,0.49156,0.27378,-0.00000,-0.00000,-0.00000
0.86216,0.49266,0.27433,-0.00000,-0.00000,-0.00000
0.86409,0.49377,0.27488,-0.00000,0.00000,-0.00000
0.86602,0.49487,0.27544,-0.00000,-0.00000,-0.00000
0.86796,0.49598,0.27599,0.00000,-0.00000,0.00000
0.86989,0.49708,0.27654,-0.00000,-0.00000,0.00000
0.87183,0.49819,0.27709,0.00000,-0.00000,0.00000
0.87377,0.49930,0.27765,-0.00000,-0.00000,-0.00000
0.87570,0.50040,0.27820,-0.00000,0.00000,-0.00000
0.87764,0.50151,0.27875,0.00000,-0.00000,0.00000
0.87958,0.50262,0.27931,-0.00000,-0.00000,-0.00000
0.88152,0.50373,0.27986,0.00000,-0.00000,0.00000
0.88346,0.50483,0.28042,-0.00000,-0.00000,-0.00000
0.88540,0.50594,0.28097,-0.00000,-0.00000,0.00000
0.88734,0.50705,0.28153,0.00000,-0.00000,0.00000
0.88928,0.50816,0.28208,0.00000,-0.00000,0.00000
0.89123,0.50927,0.28264,0.00000,-0.00000,0.00000
0.89317,0.51038,0.28319,0.00000,-0.00000,0.00000
0.89511,0.51149,0.28375,0.00000,-0.00000,0.00000
0.89706,0.51261,0.28430,0.00000,-0.00000,0.00000
0.89900,0.51372,0.28486,-0.00000,-0.00000,0.00000
0.90095,0.51483,0.28541,-0.00000,-0.00000,-0.00000
0.90290,0.51594,0.28597,0.00000,-0.00000,0.00000
0.90484,0.51705,0.28653,0.00000,-0.00000,0.00000
0.90679,0.51817,0.28708,0.00000,-0.00000,0.00000
0.90874,0.51928,0.28764,-0.00000,0.00000,-0.00000
0.91069,0.52039,0.28820,0.00000,-0.00000,0.00000
0.91264,0.52151,0.28875,0.00000,-0.00000,0.00000
0.91459,0.52262,0.28931,0.00000,-0.00000,0.00000
0.91654,0.52374,0.28987,0.00000,-0.00000,0.00000
0.91849,0.52485,0.29043,-0.00000,0.00000,-0.00000
0.92044,0.52597,0.29098,-0.00000,0.00000,-0.00000
0.92239,0.52708,0.29154,-0.00000,0.00000,0.00000
0.92434,0.52820,0.29210,-0.00000,0.00000,-0.00000
0.92630,0.52931,0.29266,-0.00000,-0.00000,0.00000
0.92825,0.53043,0.29321,-0.00000,0.00000,-0.00000
0.93020,0.53155,0.29377,-0.00000,-0.00000,0.00000
0.93216,0.53266,0.29433,0.00000,-0.00000,0.00000
0.93411,0.53378,0.29489,0.00000,-0.00000,0.00000
0.93607,0.53490,0.29545,-0.00000,0.00000,0.00000
0.93802,0.53601,0.29601,-0.00000,0.00000,-0.00000
0.93998,0.53713,0.29657,0.00000,-0.00000,0.00000
0.94194,0.53825,0.29712,0.00000,-0.00000,0.00000
0.94389,0.53937,0.29768,-0.00000,0.00000,0.00000
0.94585,0.54049,0.29824,0.00000,-0.00000,0.00000
0.94781,0.54161,0.29880,0.00000,-0.00000,0.00000
0.94977,0.54272,0.29936,-0.00000,0.00000,-0.00000
0.95173,0.54384,0.29992,0.00000,-0.00000,0.00000
0.95369,0.54496,0.30048,-0.00000,0.00000,-0.00000
0.95565,0.54608,0.30104,0.00000,-0.00000,0.00000
0.95760,0.54720,0.30160,0.00000,-0.00000,0.00000
0.95957,0.54832,0.30216,0.00000,-0.00000,0.00000
0.96153,0.54944,0.30272,-0.00000,0.00000,-0.00000
0.96349,0.55056,0.30328,-0.00000,-0.00000,-0.00000
0.96545,0.55168,0.30384,0.00000,0.00000,0.00000
0.96741,0.55281,0.30440,0.00000,-0.00000,0.00000
0.96937,0.55393,0.30496,0.00000,-0.00000,0.00000
0.97133,0.55505,0.30552,0.00000,-0.00000,0.00000
0.97330,0.55617,0.30608,-0.00000,-0.00000,-0.00000
0.97526,0.55729,0.30665,0.00000,-0.00000,0.00000
0.97722,0.55841,0.30721,-0.00000,0.00000,-0.00000
0.97919,0.55953,0.30777,-0.00000,-0.00000,-0.00000
0.98115,0.56066,0.30833,0.00000,0.00000,0.00000
0.98311,0.56178,0.30889,-0.00000,0.00000,-0.00000
0.98508,0.56290,0.30945,0.00000,-0.00000,0.00000
0.98704,0.56402,0.31001,0.00000,0.00000,0.00000
0.98901,0.56515,0.31057,0.00000,-0.00000,0.00000
0.99097,0.56627,0.31114,0.00000,-0.00000,0.00000
0.99294,0.56739,0.31170,0.00000,-0.00000,0.00000
0.99490,0.56852,0.31226,0.00000,0.00000,0.00000
0.99687,0.56964,0.31282,0.00000,-0.00000,0.00000
0.99884,0.57076,0.31338,0.00000,0.00000,0.00000
1.00080,0.57189,0.31394,-0.00000,0.00000,-0.00000
1.00277,0.57301,0.31451,-0.00000,0.00000,-0.00000
1.00473,0.57413,0.31507,-0.00000,-0.00000,-0.00000
1.00670,0.57526,0.31563,0.00000,0.00000,0.00000
1.00867,0.57638,0.31619,-0.00000,-0.00000,0.00000
1.01064,0.57751,0.31675,-0.00000,-0.00000,-0.00000
1.01260,0.57863,0.31732,0.00000,-0.00000,0.00000
1.01457,0.57975,0.31788,0.00000,-0.00000,0.00000
1.01654,0.58088,0.31844,-0.00000,-0.00000,-0.00000
1.01851,0.58200,0.31900,-0.00000,-0.00000,-0.00000
1.02047,0.58313,0.31956,0.00000,-0.00000,0.00000
1.02244,0.58425,0.32013,-0.00000,0.00000,-0.00000
1.02441,0.58538,0.32069,0.00000,-0.00000,0.00000
1.02638,0.58650,0.32125,-0.00000,-0.00000,-0.00000
1.02835,0.58763,0.32181,-0.00000,-0.00000,-0.00000
1.03031,0.58875,0.32238,-0.00000,0.00000,-0.00000
1.03228,0.58988,0.32294,-0.00000,-0.00000,-0.00000
1.03425,0.59100,0.32350,-0.00000,0.00000,-0.00000
1.03622,0.59213,0.32406,-0.00000,0.00000,-0.00000
1.03819,0.59325,0.32463,-0.00000,0.00000,-0.00000
1.04016,0.59438,0.32519,0.00000,-0.00000,0.00000
1.04213,0.59550,0.32575,0.00000,-0.00000,0.00000
1.04409,0.59663,0.32631,-0.00000,-0.00000,-0.00000
1.04606,0.59775,0.32688,-0.00000,-0.00000,-0.00000
1.04803,0.59888,0.32744,0.00000,0.00000,0.00000
1.05000,0.60000,0.32800,0.00000,0.00000,0.00000
1.05197,0.60112,0.32856,0.00000,0.00000,0.00000
1.05394,0.60225,0.32912,-0.00000,-0.00000,-0.00000
1.05591,0.60337,0.32969,0.00000,0.00000,0.00000
1.05787,0.60450,0.33025,0.00000,0.00000,0.00000
1.05984,0.60562,0.33081,0.00000,0.00000,0.00000
1.06181,0.60675,0.33137,-0.00000,-0.00000,-0.00000
1.06378,0.60787,0.33194,-0.00000,-0.00000,-0.00000
1.06575,0.60900,0.33250,0.00000,-0.00000,0.00000
1.06772,0.61012,0.33306,0.00000,0.00000,0.00000
1.06969,0.61125,0.33362,-0.00000,-0.00000,-0.00000
1.07165,0.61237,0.33419,0.00000,0.00000,0.00000
1.07362,0.61350,0.33475,0.00000,0.00000,0.00000
1.07559,0.61462,0.33531,0.00000,0.00000,-0.00000
1.07756,0.61575,0.33587,0.00000,-0.00000,0.00000
1.07953,0.61687,0.33644,0.00000,0.00000,0.00000
1.08149,0.61800,0.33700,-0.00000,0.00000,0.00000
1.08346,0.61912,0.33756,0.00000,-0.00000,0.00000
1.08543,0.62025,0.33812,-0.00000,-0.00000,-0.00000
1.08740,0.62137,0.33868,0.00000,0.00000,0.00000
1.08936,0.62249,0.33925,0.00000,0.00000,0.00000
1.09133,0.62362,0.33981,0.00000,0.00000,0.00000
1.09330,0.62474,0.34037,0.00000,0.00000,0.00000
1.09527,0.62587,0.34093,-0.00000,-0.00000,-0.00000
1.09723,0.62699,0.34149,-0.00000,-0.00000,-0.00000
1.09920,0.62811,0.34206,-0.00000,-0.00000,-0.00000
1.10116,0.62924,0.34262,0.00000,0.00000,0.00000
1.10313,0.63036,0.34318,-0.00000,-0.00000,-0.00000
1.10510,0.63148,0.34374,0.00000,0.00000,0.00000
1.10706,0.63261,0.34430,-0.00000,-0.00000,-0.00000
1.10903,0.63373,0.34486,-0.00000,-0.00000,-0.00000
1.11099,0.63485,0.34543,0.00000,0.00000,0.00000
1.11296,0.63598,0.34599,0.00000,0.00000,0.00000
1.11492,0.63710,0.34655,0.00000,0.00000,0.00000
1.11689,0.63822,0.34711,-0.00000,-0.00000,-0.00000
1.11885,0.63934,0.34767,-0.00000,-0.00000,-0.00000
1.12081,0.64047,0.34823,-0.00000,-0.00000,-0.00000
1.12278,0.64159,0.34879,0.00000,0.00000,0.00000
1.12474,0.64271,0.34935,0.00000,0.00000,0.00000
1.12670,0.64383,0.34992,-0.00000,-0.00000,-0.00000
1.12867,0.64495,0.35048,-0.00000,-0.00000,-0.00000
1.13063,0.64607,0.35104,0.00000,0.00000,0.00000
1.13259,0.64719,0.35160,0.00000,0.00000,0.00000
1.13455,0.64832,0.35216,-0.00000,-0.00000,-0.00000
1.13651,0.64944,0.35272,0.00000,0.00000,0.00000
1.13847,0.65056,0.35328,-0.00000,-0.00000,-0.00000
1.14043,0.65168,0.35384,-0.00000,-0.00000,-0.00000
1.14240,0.65280,0.35440,-0.00000,-0.00000,-0.00000
1.14435,0.65392,0.35496,0.00000,0.00000,0.00000
1.14631,0.65504,0.35552,0.00000,0.00000,0.00000
1.14827,0.65616,0.35608,0.00000,0.00000,0.00000
1.15023,0.65728,0.35664,-0.00000,-0.00000,-0.00000
1.15219,0.65839,0.35720,-0.00000,-0.00000,-0.00000
1.15415,0.65951,0.35776,0.00000,0.00000,0.00000
1.15611,0.66063,0.35832,0.00000,0.00000,0.00000
1.15806,0.66175,0.35888,0.00000,0.00000,0.00000
1.16002,0.66287,0.35943,-0.00000,-0.00000,-0.00000
1.16198,0.66399,0.35999,-0.00000,-0.00000,-0.00000
1.16393,0.66510,0.36055,0.00000,0.00000,0.00000
1.16589,0.66622,0.36111,0.00000,0.00000,0.00000
1.16784,0.66734,0.36167,-0.00000,-0.00000,-0.00000
1.16980,0.66845,0.36223,-0.00000,-0.00000,-0.00000
1.17175,0.66957,0.36279,-0.00000,-0.00000,-0.00000
1.17370,0.67069,0.36334,-0.00000,-0.00000,-0.00000
1.17566,0.67180,0.36390,-0.00000,0.00000,-0.00000
1.17761,0.67292,0.36446,0.00000,0.00000,0.00000
1.17956,0.67403,0.36502,-0.00000,0.00000,-0.00000
1.18151,0.67515,0.36557,-0.00000,-0.00000,-0.00000
1.18346,0.67626,0.36613,-0.00000,-0.00000,-0.00000
1.18541,0.67738,0.36669,0.00000,0.00000,0.00000
1.18736,0.67849,0.36725,0.00000,0.00000,0.00000
1.18931,0.67961,0.36780,-0.00000,-0.00000,-0.00000
1.19126,0.68072,0.36836,-0.00000,-0.00000,-0.00000
1.19321,0.68183,0.36892,0.00000,0.00000,0.00000
1.19516,0.68295,0.36947,-0.00000,-0.00000,-0.00000
1.19710,0.68406,0.37003,-0.00000,-0.00000,-0.00000
1.19905,0.68517,0.37059,0.00000,0.00000,0.00000
1.20100,0.68628,0.37114,-0.00000,-0.00000,-0.00000
1.20294,0.68739,0.37170,-0.00000,-0.00000,-0.00000
1.20489,0.68851,0.37225,0.00000,-0.00000,0.00000
1.20683,0.68962,0.37281,0.00000,0.00000,0.00000
1.20877,0.69073,0.37336,-0.00000,-0.00000,-0.00000
1.21072,0.69184,0.37392,0.00000,0.00000,0.00000
1.21266,0.69295,0.37447,0.00000,0.00000,0.00000
1.21460,0.69406,0.37503,0.00000,0.00000,0.00000
1.21654,0.69517,0.37558,0.00000,0.00000,0.00000
1.21848,0.69627,0.37614,0.00000,0.00000,0.00000
1.22042,0.69738,0.37669,-0.00000,-0.00000,-0.00000
1.22236,0.69849,0.37725,-0.00000,-0.00000,-0.00000
1.22430,0.69960,0.37780,0.00000,0.00000,0.00000
1.22623,0.70070,0.37835,0.00000,0.00000,0.00000
1.22817,0.70181,0.37891,0.00000,0.00000,0.00000
1.23011,0.70292,0.37946,0.00000,0.00000,0.00000
1.23204,0.70402,0.38001,-0.00000,-0.00000,-0.00000
1.23398,0.70513,0.38056,-0.00000,-0.00000,-0.00000
1.23591,0.70623,0.38112,0.00000,0.00000,0.00000
1.23784,0.70734,0.38167,0.00000,0.00000,0.00000
1.23977,0.70844,0.38222,-0.00000,-0.00000,-0.00000
1.24171,0.70955,0.38277,-0.00000,-0.00000,-0.00000
1.24364,0.71065,0.38332,0.00000,0.00000,0.00000
1.24557,0.71175,0.38388,0.00000,0.00000,0.00000
1.24750,0.71285,0.38443,-0.00000,-0.00000,-0.00000
1.24942,0.71396,0.38498,-0.00000,-0.00000,-0.00000
1.25135,0.71506,0.38553,0.00000,0.00000,0.00000
1.25328,0.71616,0.38608,-0.00000,-0.00000,-0.00000
1.25520,0.71726,0.38663,0.00000,0.00000,0.00000
1.25713,0.71836,0.38718,0.00000,0.00000,0.00000
1.25905,0.71946,0.38773,0.00000,0.00000,0.00000
1.26098,0.72056,0.38828,0.00000,0.00000,0.00000
1.26290,0.72166,0.38883,0.00000,0.00000,0.00000
1.26482,0.72276,0.38938,-0.00000,-0.00000,-0.00000
1.26674,0.72385,0.38993,-0.00000,-0.00000,-0.00000
1.26866,0.72495,0.39048,0.00000,0.00000,0.00000
1.27058,0.72605,0.39102,0.00000,0.00000,0.00000
1.27250,0.72714,0.39157,-0.00000,-0.00000,-0.00000
1.27442,0.72824,0.39212,-0.00000,-0.00000,-0.00000
1.27633,0.72933,0.39267,0.00000,0.00000,0.00000
1.27825,0.73043,0.39321,0.00000,0.00000,0.00000
1.28017,0.73152,0.39376,0.00000,0.00000,0.00000
1.28208,0.73262,0.39431,-0.00000,-0.00000,-0.00000
1.28399,0.73371,0.39485,0.00000,0.00000,0.00000
1.28590,0.73480,0.39540,0.00000,0.00000,0.00000
1.28781,0.73589,0.39595,0.00000,0.00000,0.00000
1.28972,0.73699,0.39649,-0.00000,-0.00000,-0.00000
1.29163,0.73808,0.39704,0.00000,0.00000,0.00000
1.29354,0.73917,0.39758,-0.00000,-0.00000,-0.00000
1.29545,0.74026,0.39813,-0.00000,-0.00000,-0.00000
1.29736,0.74135,0.39867,0.00000,0.00000,0.00000
1.29926,0.74243,0.39922,-0.00000,-0.00000,-0.00000
1.30117,0.74352,0.39976,0.00000,0.00000,0.00000
1.30307,0.74461,0.40031,-0.00000,-0.00000,-0.00000
1.30497,0.74570,0.40085,0.00000,0.00000,0.00000
1.30687,0.74678,0.40139,0.00000,0.00000,0.00000
1.30877,0.74787,0.40193,0.00000,0.00000,0.00000
1.31067,0.74896,0.40248,-0.00000,-0.00000,-0.00000
1.31257,0.75004,0.40302,-0.00000,-0.00000,-0.00000
1.31447,0.75112,0.40356,0.00000,0.00000,0.00000
1.31636,0.75221,0.40410,0.00000,0.00000,0.00000
1.31826,0.75329,0.40465,-0.00000,0.00000,-0.00000
1.32015,0.75437,0.40519,0.00000,0.00000,0.00000
1.32204,0.75545,0.40573,-0.00000,-0.00000,-0.00000
1.32394,0.75654,0.40627,0.00000,0.00000,0.00000
1.32583,0.75762,0.40681,0.00000,0.00000,0.00000
1.32772,0.75870,0.40735,0.00000,0.00000,0.00000
1.32961,0.75977,0.40789,0.00000,0.00000,0.00000
1.33149,0.76085,0.40843,0.00000,0.00000,0.00000
1.33338,0.76193,0.40897,0.00000,0.00000,0.00000
1.33526,0.76301,0.40950,0.00000,0.00000,0.00000
1.33715,0.76408,0.41004,0.00000,0.00000,0.00000
1.33903,0.76516,0.41058,0.00000,0.00000,0.00000
1.34091,0.76624,0.41112,0.00000,0.00000,0.00000
1.34279,0.76731,0.41166,0.00000,0.00000,0.00000
1.34467,0.76838,0.41219,0.00000,0.00000,0.00000
1.34655,0.76946,0.41273,0.00000,0.00000,0.00000
1.34843,0.77053,0.41327,0.00000,0.00000,0.00000
1.35030,0.77160,0.41380,-0.00000,-0.00000,-0.00000
1.35218,0.77267,0.41434,0.00000,0.00000,0.00000
1.35405,0.77374,0.41487,0.00000,0.00000,0.00000
1.35592,0.77481,0.41541,-0.00000,-0.00000,-0.00000
1.35780,0.77588,0.41594,0.00000,0.00000,0.00000
1.35967,0.77695,0.41648,0.00000,0.00000,0.00000
1.36153,0.77802,0.41701,0.00000,0.00000,0.00000
1.36340,0.77909,0.41754,-0.00000,-0.00000,-0.00000
1.36527,0.78015,0.41808,0.00000,0.00000,0.00000
1.36713,0.78122,0.41861,0.00000,0.00000,0.00000
1.36900,0.78228,0.41914,0.00000,0.00000,0.00000
1.37086,0.78335,0.41967,-0.00000,-0.00000,-0.00000
1.37272,0.78441,0.42021,0.00000,0.00000,0.00000
1.37458,0.78547,0.42074,0.00000,0.00000,0.00000
1.37644,0.78654,0.42127,0.00000,0.00000,0.00000
1.37830,0.78760,0.42180,0.00000,0.00000,0.00000
1.38015,0.78866,0.42233,0.00000,0.00000,0.00000
1.38201,0.78972,0.42286,0.00000,0.00000,0.00000
1.38386,0.79078,0.42339,0.00000,0.00000,0.00000
1.38571,0.79183,0.42392,0.00000,0.00000,0.00000
1.38756,0.79289,0.42445,0.00000,0.00000,0.00000
1.38941,0.79395,0.42497,0.00000,0.00000,0.00000
1.39126,0.79501,0.42550,0.00000,0.00000,0.00000
1.39311,0.79606,0.42603,0.00000,0.00000,0.00000
1.39495,0.79711,0.42656,0.00000,0.00000,0.00000
1.39679,0.79817,0.42708,0.00000,0.00000,0.00000
1.39864,0.79922,0.42761,0.00000,0.00000,0.00000
1.40048,0.80027,0.42814,0.00000,0.00000,0.00000
1.40232,0.80132,0.42866,0.00000,0.00000,0.00000
1.40416,0.80238,0.42919,0.00000,0.00000,0.00000
1.40599,0.80343,0.42971,0.00000,0.00000,0.00000
1.40783,0.80447,0.43024,-0.00000,-0.00000,-0.00000
1.40966,0.80552,0.43076,0.00000,0.00000,0.00000
1.41150,0.80657,0.43128,0.00000,0.00000,0.00000
1.41333,0.80762,0.43181,0.00000,0.00000,0.00000
1.41516,0.80866,0.43233,-0.00000,-0.00000,-0.00000
1.41699,0.80971,0.43285,0.00000,0.00000,0.00000
1.41881,0.81075,0.43338,0.00000,0.00000,0.00000
1.42064,0.81179,0.43390,-0.00000,-0.00000,-0.00000
1.42246,0.81284,0.43442,0.00000,0.00000,0.00000
1.42429,0.81388,0.43494,0.00000,0.00000,0.00000
1.42611,0.81492,0.43546,0.00000,0.00000,0.00000
1.42793,0.81596,0.43598,0.00000,0.00000,0.00000
1.42974,0.81700,0.43650,0.00000,0.00000,0.00000
1.43156,0.81803,0.43702,-0.00000,-0.00000,-0.00000
1.43338,0.81907,0.43754,0.00000,0.00000,0.00000
1.43519,0.82011,0.43805,0.00000,0.00000,0.00000
1.43700,0.82114,0.43857,0.00000,0.00000,0.00000
1.43881,0.82218,0.43909,0.00000,0.00000,0.00000
1.44062,0.82321,0.43961,0.00000,0.00000,0.00000
1.44243,0.82425,0.44012,0.00000,0.00000,0.00000
1.44423,0.82528,0.44064,0.00000,0.00000,0.00000
1.44604,0.82631,0.44115,0.00000,0.00000,0.00000
1.44784,0.82734,0.44167,0.00000,0.00000,0.00000
1.44964,0.82837,0.44218,0.00000,0.00000,0.00000
1.45144,0.82940,0.44270,-0.00000,-0.00000,-0.00000
1.45324,0.83042,0.44321,0.00000,0.00000,0.00000
1.45504,0.83145,0.44373,0.00000,0.00000,0.00000
1.45683,0.83248,0.44424,0.00000,0.00000,0.00000
1.45863,0.83350,0.44475,0.00000,0.00000,0.00000
1.46042,0.83452,0.44526,0.00000,0.00000,0.00000
1.46221,0.83555,0.44577,0.00000,0.00000,0.00000
1.46400,0.83657,0.44628,-0.00000,-0.00000,-0.00000
1.46578,0.83759,0.44680,0.00000,0.00000,0.00000
1.46757,0.83861,0.44731,0.00000,0.00000,0.00000
1.46935,0.83963,0.44781,0.00000,0.00000,0.00000
1.47113,0.84065,0.44832,-0.00000,-0.00000,-0.00000
1.47291,0.84167,0.44883,-0.00000,-0.00000,-0.00000
1.47469,0.84268,0.44934,0.00000,0.00000,0.00000
1.47647,0.84370,0.44985,0.00000,0.00000,0.00000
1.47825,0.84471,0.45036,0.00000,0.00000,0.00000
1.48002,0.84573,0.45086,-0.00000,-0.00000,-0.00000
1.48179,0.84674,0.45137,-0.00000,-0.00000,-0.00000
1.48356,0.84775,0.45187,0.00000,0.00000,0.00000
1.48533,0.84876,0.45238,0.00000,0.00000,0.00000
1.48710,0.84977,0.45288,0.00000,0.00000,0.00000
1.48886,0.85078,0.45339,0.00000,0.00000,0.00000
1.49063,0.85179,0.45389,0.00000,0.00000,0.00000
1.49239,0.85279,0.45440,0.00000,0.00000,0.00000
1.49415,0.85380,0.45490,-0.00000,-0.00000,-0.00000
1.49590,0.85480,0.45540,-0.00000,-0.00000,-0.00000
1.49766,0.85581,0.45590,0.00000,0.00000,0.00000
1.49942,0.85681,0.45640,0.00000,0.00000,0.00000
1.50117,0.85781,0.45691,0.00000,0.00000,0.00000
1.50292,0.85881,0.45741,0.00000,0.00000,0.00000
1.50467,0.85981,0.45791,0.00000,0.00000,0.00000
1.50642,0.86081,0.45840,0.00000,0.00000,0.00000
1.50816,0.86181,0.45890,0.00000,0.00000,0.00000
1.50991,0.86280,0.45940,0.00000,0.00000,0.00000
1.51165,0.86380,0.45990,0.00000,0.00000,0.00000
1.51339,0.86479,0.46040,0.00000,0.00000,0.00000
1.51513,0.86579,0.46089,0.00000,0.00000,0.00000
1.51686,0.86678,0.46139,0.00000,0.00000,0.00000
1.51860,0.86777,0.46189,0.00000,0.00000,0.00000
1.52033,0.86876,0.46238,0.00000,0.00000,0.00000
1.52206,0.86975,0.46288,0.00000,0.00000,0.00000
1.52379,0.87074,0.46337,0.00000,0.00000,0.00000
1.52552,0.87173,0.46386,0.00000,0.00000,0.00000
1.52725,0.87271,0.46436,0.00000,0.00000,0.00000
1.52897,0.87370,0.46485,0.00000,0.00000,0.00000
1.53069,0.87468,0.46534,0.00000,0.00000,0.00000
1.53241,0.87566,0.46583,0.00000,0.00000,0.00000
1.53413,0.87665,0.46632,0.00000,0.00000,0.00000
1.53585,0.87763,0.46681,0.00000,0.00000,0.00000
1.53756,0.87861,0.46730,0.00000,0.00000,0.00000
1.53927,0.87959,0.46779,-0.00000,-0.00000,-0.00000
1.54098,0.88056,0.46828,0.00000,0.00000,0.00000
1.54269,0.88154,0.46877,0.00000,0.00000,0.00000
1.54440,0.88251,0.46926,0.00000,0.00000,0.00000
1.54611,0.88349,0.46974,0.00000,0.00000,0.00000
1.54781,0.88446,0.47023,0.00000,0.00000,0.00000
1.54951,0.88543,0.47072,0.00000,0.00000,0.00000
1.55121,0.88640,0.47120,0.00000,0.00000,0.00000
1.55291,0.88737,0.47169,0.00000,0.00000,0.00000
1.55460,0.88834,0.47217,0.00000,0.00000,0.00000
1.55629,0.88931,0.47266,0.00000,0.00000,0.00000
1.55798,0.89028,0.47314,0.00000,0.00000,0.00000
1.55967,0.89124,0.47362,0.00000,0.00000,0.00000
1.56136,0.89221,0.47410,0.00000,0.00000,0.00000
1.56305,0.89317,0.47458,0.00000,0.00000,0.00000
1.56473,0.89413,0.47507,0.00000,0.00000,0.00000
1.56641,0.89509,0.47555,0.00000,0.00000,0.00000
1.56809,0.89605,0.47603,0.00000,0.00000,0.00000
1.56977,0.89701,0.47650,0.00000,0.00000,0.00000
1.57144,0.89797,0.47698,0.00000,0.00000,0.00000
1.57312,0.89892,0.47746,0.00000,0.00000,0.00000
1.57479,0.89988,0.47794,0.00000,0.00000,0.00000
1.57646,0.90083,0.47842,0.00000,0.00000,0.00000
1.57812,0.90178,0.47889,0.00000,0.00000,0.00000
1.57979,0.90274,0.47937,-0.00000,-0.00000,-0.00000
1.58145,0.90369,0.47984,-0.00000,-0.00000,-0.00000
1.58311,0.90464,0.48032,-0.00000,-0.00000,-0.00000
1.58477,0.90558,0.48079,0.00000,0.00000,0.00000
1.58643,0.90653,0.48126,0.00000,0.00000,0.00000
1.58808,0.90748,0.48174,0.00000,0.00000,0.00000
1.58973,0.90842,0.48221,0.00000,0.00000,0.00000
1.59139,0.90936,0.48268,0.00000,0.00000,0.00000
1.59303,0.91030,0.48315,0.00000,0.00000,0.00000
1.59468,0.91125,0.48362,0.00000,0.00000,0.00000
1.59632,0.91219,0.48409,-0.00000,-0.00000,-0.00000
1.59797,0.91312,0.48456,-0.00000,-0.00000,-0.00000
1.59961,0.91406,0.48503,0.00000,0.00000,0.00000
1.60124,0.91500,0.48550,0.00000,0.00000,0.00000
1.60288,0.91593,0.48597,0.00000,0.00000,0.00000
1.60451,0.91686,0.48643,0.00000,0.00000,0.00000
1.60614,0.91780,0.48690,0.00000,0.00000,0.00000
1.60777,0.91873,0.48736,0.00000,0.00000,0.00000
1.60940,0.91966,0.48783,0.00000,0.00000,0.00000
1.61103,0.92059,0.48829,0.00000,0.00000,0.00000
1.61265,0.92151,0.48876,-0.00000,-0.00000,-0.00000
1.61427,0.92244,0.48922,-0.00000,-0.00000,-0.00000
1.61589,0.92336,0.48968,-0.00000,-0.00000,-0.00000
1.61750,0.92429,0.49014,-0.00000,-0.00000,-0.00000
1.61912,0.92521,0.49061,-0.00000,-0.00000,-0.00000
1.62073,0.92613,0.49107,-0.00000,-0.00000,-0.00000
1.62234,0.92705,0.49153,-0.00000,-0.00000,-0.00000
1.62395,0.92797,0.49198,-0.00000,-0.00000,-0.00001
1.62555,0.92889,0.49244,-0.00000,-0.00000,-0.00000
1.62715,0.92980,0.49290,-0.00000,-0.00000,-0.00000
1.62876,0.93072,0.49336,-0.00000,-0.00000,-0.00000
1.63035,0.93163,0.49382,-0.00000,-0.00000,-0.00000
1.63195,0.93254,0.49427,0.00000,0.00000,0.00000
1.63354,0.93345,0.49473,0.00000,0.00000,0.00000
1.63514,0.93436,0.49518,0.00000,0.00000,0.00000
1.63673,0.93527,0.49564,0.00000,0.00000,0.00000
1.63831,0.93618,0.49609,0.00000,0.00000,0.00000
1.63990,0.93708,0.49654,0.00000,0.00000,0.00000
1.64148,0.93799,0.49699,0.00000,0.00000,0.00000
1.64306,0.93889,0.49745,-0.00000,-0.00000,-0.00000
1.64464,0.93979,0.49790,0.00000,0.00000,0.00000
1.64622,0.94069,0.49835,0.00000,0.00000,0.00000
1.64779,0.94159,0.49880,-0.00000,-0.00000,-0.00000
1.64936,0.94249,0.49925,-0.00000,-0.00000,-0.00000
1.65093,0.94339,0.49969,-0.00000,-0.00000,-0.00000
1.65250,0.94428,0.50014,0.00000,0.00000,0.00000
1.65406,0.94518,0.50059,-0.00000,-0.00000,-0.00000
1.65562,0.94607,0.50104,-0.00000,-0.00000,-0.00000
1.65718,0.94696,0.50148,0.00000,0.00000,0.00000
1.65874,0.94785,0.50193,0.00000,0.00000,0.00000
1.66030,0.94874,0.50237,-0.00000,-0.00000,-0.00000
1.66185,0.94963,0.50281,0.00000,0.00000,0.00000
1.66340,0.95051,0.50326,0.00000,0.00000,0.00000
1.66495,0.95140,0.50370,0.00000,0.00000,0.00000
1.66649,0.95228,0.50414,0.00000,0.00000,0.00000
1.66804,0.95316,0.50458,-0.00000,-0.00000,-0.00000
1.66958,0.95404,0.50502,-0.00000,-0.00000,-0.00000
1.67112,0.95492,0.50546,-0.00000,-0.00000,-0.00000
1.67265,0.95580,0.50590,0.00000,0.00000,0.00000
1.67419,0.95668,0.50634,-0.00000,-0.00000,-0.00000
1.67572,0.95755,0.50678,0.00000,0.00000,0.00000
1.67725,0.95843,0.50721,0.00000,0.00000,0.00000
1.67877,0.95930,0.50765,-0.00000,-0.00000,-0.00000
1.68030,0.96017,0.50809,0.00000,0.00000,0.00000
1.68182,0.96104,0.50852,0.00000,0.00000,0.00000
1.68334,0.96191,0.50895,-0.00000,-0.00000,-0.00000
1.68486,0.96278,0.50939,-0.00000,-0.00000,-0.00000
1.68637,0.96364,0.50982,-0.00000,-0.00000,-0.00000
1.68788,0.96451,0.51025,-0.00000,-0.00000,-0.00000
1.68939,0.96537,0.51068,0.00000,0.00000,0.00000
1.69090,0.96623,0.51111,-0.00000,-0.00000,-0.00000
1.69241,0.96709,0.51154,-0.00000,-0.00000,-0.00000
1.69391,0.96795,0.51197,-0.00000,-0.00000,-0.00000
1.69541,0.96881,0.51240,-0.00000,-0.00000,-0.00000
1.69691,0.96966,0.51283,-0.00000,-0.00000,-0.00000
1.69840,0.97052,0.51326,-0.00000,-0.00000,-0.00000
1.69989,0.97137,0.51368,0.00000,0.00000,0.00000
1.70139,0.97222,0.51411,0.00000,0.00000,0.00000
1.70287,0.97307,0.51454,0.00000,0.00000,0.00000
1.70436,0.97392,0.51496,0.00000,0.00000,0.00000
1.70584,0.97477,0.51538,-0.00000,-0.00000,-0.00000
1.70732,0.97561,0.51581,-0.00000,-0.00000,-0.00000
1.70880,0.97646,0.51623,-0.00000,-0.00000,-0.00000
1.71027,0.97730,0.51665,0.00000,0.00000,0.00000
1.71175,0.97814,0.51707,-0.00000,-0.00000,-0.00000
1.71322,0.97898,0.51749,0.00000,0.00000,0.00000
1.71469,0.97982,0.51791,-0.00000,-0.00000,-0.00000
1.71615,0.98066,0.51833,-0.00000,-0.00000,-0.00000
1.71761,0.98149,0.51875,-0.00000,-0.00000,-0.00000
1.71907,0.98233,0.51916,-0.00000,-0.00000,-0.00000
1.72053,0.98316,0.51958,-0.00000,-0.00000,-0.00000
1.72199,0.98399,0.52000,-0.00000,-0.00000,-0.00000
1.72344,0.98482,0.52041,0.00000,0.00000,0.00000
1.72489,0.98565,0.52083,0.00000,0.00000,0.00000
1.72634,0.98648,0.52124,0.00000,0.00000,0.00000
1.72778,0.98730,0.52165,0.00000,0.00000,0.00000
1.72923,0.98813,0.52206,0.00000,0.00000,0.00000
1.73067,0.98895,0.52248,-0.00000,-0.00000,-0.00000
1.73210,0.98977,0.52289,-0.00000,-0.00000,-0.00000
1.73354,0.99059,0.52330,-0.00000,-0.00000,-0.00000
1.73497,0.99141,0.52371,-0.00000,-0.00000,-0.00000
1.73640,0.99223,0.52411,0.00000,0.00000,0.00000
1.73783,0.99304,0.52452,0.00000,0.00000,0.00000
1.73925,0.99386,0.52493,-0.00000,-0.00000,-0.00000
1.74067,0.99467,0.52534,0.00000,0.00000,0.00000
1.74209,0.99548,0.52574,-0.00000,-0.00000,-0.00000
1.74351,0.99629,0.52615,-0.00000,-0.00000,-0.00000
1.74492,0.99710,0.52655,-0.00000,-0.00000,-0.00000
1.74633,0.99791,0.52695,0.00000,0.00000,0.00000
1.74774,0.99871,0.52736,-0.00000,-0.00000,-0.00000
1.74915,0.99951,0.52776,0.00000,0.00000,0.00000
1.75055,1.00032,0.52816,-0.00000,-0.00000,-0.00000
1.75195,1.00112,0.52856,-0.00000,-0.00000,-0.00000
1.75335,1.00192,0.52896,0.00000,0.00000,0.00000
1.75475,1.00271,0.52936,0.00000,0.00000,0.00000
1.75614,1.00351,0.52975,0.00000,-0.00000,-0.00000
1.75753,1.00430,0.53015,0.00000,0.00000,0.00000
1.75892,1.00510,0.53055,0.00000,0.00000,0.00000
1.76031,1.00589,0.53094,-0.00000,-0.00000,-0.00000
1.76169,1.00668,0.53134,0.00000,0.00000,0.00000
1.76307,1.00747,0.53173,-0.00000,-0.00000,-0.00000
1.76444,1.00825,0.53213,0.00000,0.00000,0.00000
1.76582,1.00904,0.53252,-0.00000,-0.00000,-0.00000
1.76719,1.00982,0.53291,0.00000,0.00000,0.00000
1.76856,1.01061,0.53330,0.00000,0.00000,0.00000
1.76993,1.01139,0.53369,-0.00000,-0.00000,-0.00000
1.77129,1.01217,0.53408,0.00000,0.00000,0.00000
1.77265,1.01294,0.53447,-0.00000,-0.00000,-0.00000
1.77401,1.01372,0.53486,0.00000,0.00000,0.00000
1.77537,1.01449,0.53525,-0.00000,-0.00000,-0.00000
1.77672,1.01527,0.53563,0.00000,0.00000,0.00000
1.77807,1.01604,0.53602,0.00000,0.00000,0.00000
1.77942,1.01681,0.53640,0.00000,0.00000,0.00000
1.78076,1.01758,0.53679,0.00000,0.00000,0.00000
1.78210,1.01835,0.53717,-0.00000,-0.00000,-0.00000
1.78344,1.01911,0.53756,0.00000,0.00000,0.00000
1.78478,1.01987,0.53794,-0.00000,-0.00000,-0.00000
1.78611,1.02064,0.53832,0.00000,0.00000,0.00000
1.78745,1.02140,0.53870,-0.00000,-0.00000,-0.00000
1.78877,1.02216,0.53908,0.00000,0.00000,0.00000
1.79010,1.02291,0.53946,-0.00000,-0.00000,-0.00000
1.79142,1.02367,0.53984,-0.00000,-0.00000,-0.00000
1.79274,1.02443,0.54021,-0.00000,-0.00000,-0.00000
1.79406,1.02518,0.54059,-0.00000,-0.00000,-0.00000
1.79538,1.02593,0.54096,0.00000,0.00000,0.00000
1.79669,1.02668,0.54134,-0.00000,-0.00000,-0.00000
1.79800,1.02743,0.54171,-0.00000,-0.00000,-0.00000
1.79930,1.02817,0.54209,-0.00000,-0.00000,-0.00000
1.80061,1.02892,0.54246,-0.00000,-0.00000,-0.00000
1.80191,1.02966,0.54283,0.00000,0.00000,0.00000
1.80321,1.03040,0.54320,0.00000,0.00000,0.00000
1.80450,1.03114,0.54357,0.00000,0.00000,0.00000
1.80580,1.03188,0.54394,-0.00000,-0.00000,-0.00000
1.80709,1.03262,0.54431,-0.00000,-0.00000,-0.00000
1.80837,1.03336,0.54468,0.00000,0.00000,0.00000
1.80966,1.03409,0.54505,-0.00000,-0.00000,-0.00000
1.81094,1.03482,0.54541,0.00000,0.00000,0.00000
1.81222,1.03555,0.54578,-0.00000,-0.00000,-0.00000
1.81349,1.03628,0.54614,-0.00000,-0.00000,-0.00000
1.81477,1.03701,0.54651,-0.00000,-0.00000,-0.00000
1.81604,1.03774,0.54687,-0.00000,-0.00000,-0.00000
1.81731,1.03846,0.54723,0.00000,0.00000,0.00000
1.81857,1.03918,0.54759,-0.00000,-0.00000,-0.00000
1.81983,1.03990,0.54795,0.00000,0.00000,0.00000
1.82109,1.04062,0.54831,0.00000,0.00000,0.00000
1.82235,1.04134,0.54867,0.00000,0.00000,0.00000
1.82360,1.04206,0.54903,0.00000,0.00000,0.00000
1.82485,1.04277,0.54939,0.00000,0.00000,0.00000
1.82610,1.04349,0.54974,0.00000,0.00000,0.00000
1.82735,1.04420,0.55010,-0.00000,-0.00000,-0.00000
1.82859,1.04491,0.55045,0.00000,0.00000,0.00000
1.82983,1.04562,0.55081,-0.00000,-0.00000,-0.00000
1.83106,1.04632,0.55116,-0.00000,-0.00000,-0.00000
1.83230,1.04703,0.55151,0.00000,0.00000,0.00000
1.83353,1.04773,0.55187,0.00000,0.00000,0.00000
1.83476,1.04843,0.55222,0.00000,0.00000,0.00000
1.83598,1.04913,0.55257,0.00000,0.00000,0.00000
1.83720,1.04983,0.55292,-0.00000,-0.00000,-0.00000
1.83842,1.05053,0.55326,0.00000,0.00000,0.00000
1.83964,1.05122,0.55361,0.00000,0.00000,0.00000
1.84085,1.05192,0.55396,-0.00000,-0.00000,-0.00000
1.84206,1.05261,0.55430,0.00000,0.00000,0.00000
1.84327,1.05330,0.55465,0.00000,0.00000,0.00000
1.84448,1.05399,0.55499,0.00000,0.00000,0.00000
1.84568,1.05467,0.55534,0.00000,0.00000,0.00000
1.84688,1.05536,0.55568,-0.00000,-0.00000,-0.00000
1.84808,1.05604,0.55602,-0.00000,-0.00000,-0.00000
1.84927,1.05673,0.55636,-0.00000,-0.00000,-0.00000
1.85046,1.05741,0.55670,0.00000,0.00000,0.00000
1.85165,1.05808,0.55704,0.00000,0.00000,0.00000
1.85283,1.05876,0.55738,0.00000,0.00000,0.00000
1.85401,1.05944,0.55772,0.00000,0.00000,0.00000
1.85519,1.06011,0.55806,-0.00000,-0.00000,-0.00000
1.85637,1.06078,0.55839,0.00000,0.00000,0.00000
1.85754,1.06145,0.55873,0.00000,0.00000,0.00000
1.85871,1.06212,0.55906,0.00000,0.00000,0.00000
1.85988,1.06279,0.55939,-0.00000,-0.00000,-0.00000
1.86105,1.06345,0.55973,-0.00000,-0.00000,-0.00000
1.86221,1.06412,0.56006,-0.00000,-0.00000,-0.00000
1.86337,1.06478,0.56039,-0.00000,-0.00000,-0.00000
1.86452,1.06544,0.56072,0.00000,0.00000,0.00000
1.86567,1.06610,0.56105,0.00000,0.00000,0.00000
1.86682,1.06676,0.56138,-0.00000,-0.00000,-0.00000
1.86797,1.06741,0.56171,-0.00000,-0.00000,-0.00000
1.86912,1.06807,0.56203,0.00000,0.00000,0.00000
1.87026,1.06872,0.56236,-0.00000,-0.00000,-0.00000
1.87140,1.06937,0.56268,-0.00000,-0.00000,-0.00000
1.87253,1.07002,0.56301,-0.00000,-0.00000,-0.00000
1.87366,1.07066,0.56333,-0.00000,-0.00000,-0.00000
1.87479,1.07131,0.56366,-0.00000,-0.00000,-0.00000
1.87592,1.07195,0.56398,-0.00000,-0.00000,-0.00000
1.87704,1.07260,0.56430,-0.00000,-0.00000,-0.00000
1.87816,1.07324,0.56462,-0.00000,-0.00000,-0.00000
1.87928,1.07388,0.56494,-0.00000,-0.00000,-0.00000
1.88040,1.07451,0.56526,0.00000,0.00000,0.00000
1.88151,1.07515,0.56557,0.00000,0.00000,0.00000
1.88262,1.07578,0.56589,0.00000,0.00000,0.00000
1.88372,1.07641,0.56621,-0.00000,-0.00000,0.00000
1.88483,1.07704,0.56652,0.00000,0.00000,0.00000
1.88593,1.07767,0.56684,-0.00000,-0.00000,-0.00000
1.88702,1.07830,0.56715,-0.00000,-0.00000,-0.00000
1.88812,1.07892,0.56746,0.00000,0.00000,0.00000
1.88921,1.07955,0.56777,0.00000,0.00000,0.00000
1.89030,1.08017,0.56808,0.00000,0.00000,0.00000
1.89138,1.08079,0.56839,-0.00000,-0.00000,-0.00000
1.89246,1.08141,0.56870,-0.00000,-0.00000,-0.00000
1.89354,1.08202,0.56901,0.00000,0.00000,0.00000
1.89462,1.08264,0.56932,0.00000,0.00000,0.00000
1.89569,1.08325,0.56963,0.00000,0.00000,0.00000
1.89676,1.08386,0.56993,-0.00000,-0.00000,-0.00000
1.89783,1.08447,0.57024,0.00000,0.00000,0.00000
1.89890,1.08508,0.57054,-0.00000,-0.00000,-0.00000
1.89996,1.08569,0.57084,-0.00000,-0.00000,-0.00000
1.90102,1.08629,0.57115,-0.00000,-0.00000,0.00000
1.90207,1.08690,0.57145,-0.00000,-0.00000,-0.00000
1.90312,1.08750,0.57175,0.00000,0.00000,0.00000
1.90417,1.08810,0.57205,0.00000,0.00000,0.00000
1.90522,1.08870,0.57235,0.00000,0.00000,0.00000
1.90626,1.08929,0.57265,0.00000,0.00000,0.00000
1.90730,1.08989,0.57294,-0.00000,-0.00000,-0.00000
1.90834,1.09048,0.57324,0.00000,0.00000,0.00000
1.90938,1.09107,0.57354,0.00000,0.00000,0.00000
1.91041,1.09166,0.57383,0.00000,0.00000,0.00000
1.91144,1.09225,0.57412,-0.00000,-0.00000,-0.00000
1.91246,1.09283,0.57442,0.00000,0.00000,0.00000
1.91348,1.09342,0.57471,-0.00000,-0.00000,-0.00000
1.91450,1.09400,0.57500,-0.00000,-0.00000,-0.00000
1.91552,1.09458,0.57529,-0.00000,-0.00000,-0.00000
1.91653,1.09516,0.57558,-0.00000,-0.00000,-0.00000
1.91754,1.09574,0.57587,-0.00000,-0.00000,-0.00000
1.91855,1.09631,0.57616,0.00000,0.00000,0.00000
1.91956,1.09689,0.57644,0.00000,0.00000,0.00000
1.92056,1.09746,0.57673,-0.00000,-0.00000,-0.00000
1.92156,1.09803,0.57702,-0.00000,-0.00000,-0.00000
1.92255,1.09860,0.57730,0.00000,0.00000,0.00000
1.92354,1.09917,0.57758,0.00000,0.00000,0.00000
1.92453,1.09973,0.57787,0.00000,0.00000,0.00000
1.92552,1.10030,0.57815,-0.00000,-0.00000,-0.00000
1.92650,1.10086,0.57843,-0.00000,-0.00000,-0.00000
1.92748,1.10142,0.57871,0.00000,0.00000,0.00000
1.92846,1.10198,0.57899,0.00000,0.00000,0.00000
1.92944,1.10253,0.57927,0.00000,0.00000,0.00000
1.93041,1.10309,0.57954,-0.00000,-0.00000,-0.00000
1.93138,1.10364,0.57982,0.00000,0.00000,0.00000
1.93234,1.10419,0.58010,0.00000,0.00000,0.00000
1.93330,1.10474,0.58037,0.00000,0.00000,0.00000
1.93426,1.10529,0.58065,-0.00000,-0.00000,-0.00000
1.93522,1.10584,0.58092,-0.00000,-0.00000,-0.00000
1.93617,1.10638,0.58119,-0.00000,-0.00000,-0.00000
1.93712,1.10693,0.58146,-0.00000,-0.00000,-0.00000
1.93807,1.10747,0.58173,0.00000,0.00000,0.00000
1.93901,1.10801,0.58200,0.00000,0.00000,0.00000
1.93995,1.10855,0.58227,-0.00000,-0.00000,-0.00000
1.94089,1.10908,0.58254,0.00000,0.00000,0.00000
1.94183,1.10962,0.58281,-0.00000,-0.00000,-0.00000
1.94276,1.11015,0.58307,0.00000,0.00000,0.00000
1.94369,1.11068,0.58334,-0.00000,-0.00000,-0.00000
1.94462,1.11121,0.58360,0.00000,0.00000,0.00000
1.94554,1.11174,0.58387,-0.00000,-0.00000,-0.00000
1.94646,1.11226,0.58413,0.00000,0.00000,-0.00000
1.94738,1.11279,0.58439,0.00000,0.00000,0.00000
1.94829,1.11331,0.58465,0.00000,0.00000,0.00000
1.94920,1.11383,0.58491,0.00000,0.00000,-0.00000
1.95011,1.11435,0.58517,0.00000,0.00000,0.00000
1.95101,1.11486,0.58543,-0.00000,-0.00000,-0.00000
1.95191,1.11538,0.58569,0.00000,0.00000,0.00000
1.95281,1.11589,0.58595,0.00000,0.00000,0.00000
1.95371,1.11641,0.58620,-0.00000,-0.00000,-0.00000
1.95460,1.11692,0.58646,-0.00000,-0.00000,0.00000
1.95549,1.11742,0.58671,-0.00000,-0.00000,-0.00000
1.95638,1.11793,0.58697,0.00000,0.00000,0.00000
1.95726,1.11844,0.58722,0.00000,0.00000,0.00000
1.95814,1.11894,0.58747,-0.00000,-0.00000,-0.00000
1.95902,1.11944,0.58772,-0.00000,-0.00000,-0.00000
1.95989,1.11994,0.58797,-0.00000,-0.00000,-0.00000
1.96077,1.12044,0.58822,-0.00000,-0.00000,-0.00000
1.96163,1.12093,0.58847,0.00000,-0.00000,-0.00000
1.96250,1.12143,0.58871,0.00000,-0.00000,-0.00000
1.96336,1.12192,0.58896,0.00000,-0.00000,-0.00000
1.96422,1.12241,0.58921,0.00000,-0.00000,-0.00000
1.96508,1.12290,0.58945,-0.00000,-0.00000,-0.00000
1.96593,1.12339,0.58969,0.00000,0.00000,0.00000
1.96678,1.12388,0.58994,0.00000,-0.00000,0.00000
1.96763,1.12436,0.59018,0.00000,-0.00000,-0.00000
1.96847,1.12484,0.59042,-0.00000,-0.00000,-0.00000
1.96931,1.12532,0.59066,0.00000,-0.00000,0.00000
1.97015,1.12580,0.59090,0.00000,-0.00000,0.00000
1.97099,1.12628,0.59114,0.00000,-0.00000,0.00000
1.97182,1.12675,0.59138,0.00000,-0.00000,0.00000
1.97265,1.12723,0.59161,0.00000,-0.00000,0.00000
1.97348,1.12770,0.59185,0.00000,-0.00000,0.00000
1.97430,1.12817,0.59209,0.00000,-0.00000,0.00000
1.97512,1.12864,0.59232,0.00000,-0.00000,-0.00000
1.97594,1.12911,0.59255,0.00000,-0.00000,0.00000
1.97675,1.12957,0.59279,0.00000,-0.00000,-0.00000
1.97756,1.13003,0.59302,0.00000,-0.00000,0.00000
1.97837,1.13050,0.59325,0.00000,-0.00000,0.00000
1.97917,1.13096,0.59348,-0.00000,-0.00000,0.00000
1.97997,1.13141,0.59371,0.00000,0.00000,-0.00000
1.98077,1.13187,0.59394,-0.00000,-0.00000,-0.00000
1.98157,1.13233,0.59416,-0.00000,-0.00000,-0.00000
1.98236,1.13278,0.59439,-0.00000,-0.00000,-0.00000
1.98315,1.13323,0.59461,0.00000,0.00000,0.00000
1.98394,1.13368,0.59484,0.00000,0.00000,0.00000
1.98472,1.13413,0.59506,-0.00000,0.00000,-0.00000
1.98550,1.13457,0.59529,0.00000,-0.00000,0.00000
1.98628,1.13502,0.59551,-0.00000,-0.00000,-0.00000
1.98706,1.13546,0.59573,0.00000,-0.00000,-0.00000
1.98783,1.13590,0.59595,0.00000,0.00000,0.00000
1.98860,1.13634,0.59617,0.00000,-0.00000,0.00000
1.98936,1.13678,0.59639,0.00000,0.00000,0.00000
1.99012,1.13721,0.59661,-0.00000,0.00000,-0.00000
1.99088,1.13765,0.59682,-0.00000,0.00000,0.00000
1.99164,1.13808,0.59704,-0.00000,-0.00000,-0.00000
1.99239,1.13851,0.59726,-0.00000,0.00000,0.00000
1.99314,1.13894,0.59747,-0.00000,0.00000,-0.00000
1.99389,1.13937,0.59768,0.00000,0.00000,0.00000
1.99464,1.13979,0.59790,0.00000,-0.00000,-0.00000
1.99538,1.14022,0.59811,0.00000,-0.00000,0.00000
1.99612,1.14064,0.59832,0.00000,-0.00000,0.00000
1.99685,1.14106,0.59853,-0.00000,-0.00000,0.00000
1.99759,1.14148,0.59874,0.00000,-0.00000,0.00000
1.99831,1.14189,0.59895,-0.00000,0.00000,-0.00000
1.99904,1.14231,0.59915,-0.00000,-0.00000,0.00000
1.99976,1.14272,0.59936,0.00000,0.00000,0.00000
2.00049,1.14313,0.59957,-0.00000,-0.00000,0.00000
2.00120,1.14354,0.59977,0.00000,0.00000,0.00000
2.00192,1.14395,0.59998,-0.00000,0.00000,0.00000
2.00263,1.14436,0.60018,-0.00000,-0.00000,0.00000
2.00334,1.14476,0.60038,-0.00000,-0.00000,0.00000
2.00404,1.14517,0.60058,0.00000,0.00000,0.00000
2.00475,1.14557,0.60078,-0.00000,0.00000,0.00000
2.00545,1.14597,0.60098,-0.00000,-0.00000,0.00000
2.00614,1.14637,0.60118,0.00000,0.00000,0.00000
2.00684,1.14676,0.60138,-0.00000,-0.00000,0.00000
2.00753,1.14716,0.60158,0.00000,0.00000,0.00000
2.00821,1.14755,0.60178,-0.00000,-0.00000,-0.00000
2.00890,1.14794,0.60197,-0.00000,-0.00000,-0.00000
2.00958,1.14833,0.60217,0.00000,0.00000,0.00000
2.01026,1.14872,0.60236,-0.00000,0.00000,-0.00000
2.01094,1.14911,0.60255,-0.00000,-0.00000,-0.00000
2.01161,1.14949,0.60275,-0.00000,-0.00000,-0.00000
2.01228,1.14987,0.60294,-0.00000,0.00000,0.00000
2.01295,1.15025,0.60313,-0.00000,-0.00000,0.00000
2.01361,1.15063,0.60332,0.00000,-0.00000,0.00000
2.01427,1.15101,0.60351,-0.00000,-0.00000,0.00000
2.01493,1.15139,0.60369,0.00000,-0.00000,0.00000
2.01558,1.15176,0.60388,-0.00000,0.00000,0.00000
2.01624,1.15213,0.60407,-0.00000,0.00000,0.00000
2.01689,1.15251,0.60425,0.00000,0.00000,-0.00000
2.01753,1.15288,0.60444,0.00000,0.00000,0.00000
2.01817,1.15324,0.60462,0.00000,0.00000,0.00000
2.01882,1.15361,0.60480,-0.00000,0.00000,-0.00000
2.01945,1.15397,0.60499,-0.00000,0.00000,-0.00000
2.02009,1.15434,0.60517,-0.00000,-0.00000,0.00000
2.02072,1.15470,0.60535,0.00000,-0.00000,-0.00000
2.02135,1.15506,0.60553,0.00000,-0.00000,0.00000
2.02197,1.15541,0.60571,0.00000,-0.00000,0.00000
2.02260,1.15577,0.60588,-0.00000,-0.00000,0.00000
2.02322,1.15612,0.60606,-0.00000,0.00000,0.00000
2.02383,1.15648,0.60624,0.00000,0.00000,0.00000
2.02445,1.15683,0.60641,-0.00000,0.00000,0.00000
2.02506,1.15718,0.60659,0.00000,-0.00000,0.00000
2.02567,1.15752,0.60676,0.00000,-0.00000,-0.00000
2.02627,1.15787,0.60693,0.00000,0.00000,0.00000
2.02687,1.15821,0.60711,-0.00000,-0.00000,0.00000
2.02747,1.15856,0.60728,0.00000,0.00000,0.00000
2.02807,1.15890,0.60745,-0.00000,0.00000,0.00000
2.02866,1.15924,0.60762,-0.00000,-0.00000,0.00000
2.02925,1.15957,0.60779,0.00000,0.00000,0.00000
2.02984,1.15991,0.60795,0.00000,0.00000,0.00000
2.03043,1.16024,0.60812,0.00000,-0.00000,0.00000
2.03101,1.16058,0.60829,0.00000,-0.00000,0.00000
2.03159,1.16091,0.60845,-0.00000,-0.00000,-0.00000
2.03216,1.16124,0.60862,0.00000,0.00000,0.00000
2.03274,1.16156,0.60878,-0.00000,0.00000,0.00000
2.03331,1.16189,0.60894,-0.00000,0.00000,0.00000
2.03387,1.16221,0.60911,0.00000,0.00000,-0.00000
2.03444,1.16254,0.60927,0.00000,-0.00000,0.00000
2.03500,1.16286,0.60943,-0.00000,0.00000,0.00000
2.03556,1.16318,0.60959,0.00000,0.00000,0.00000
2.03612,1.16349,0.60975,0.00000,-0.00000,0.00000
2.03667,1.16381,0.60991,0.00000,-0.00000,0.00000
2.03722,1.16413,0.61006,0.00000,0.00000,0.00000
2.03777,1.16444,0.61022,0.00000,0.00000,0.00000
2.03831,1.16475,0.61037,0.00000,0.00000,0.00000
2.03885,1.16506,0.61053,-0.00000,-0.00000,-0.00000
2.03939,1.16537,0.61068,0.00000,-0.00000,0.00000
2.03993,1.16567,0.61084,-0.00000,0.00000,-0.00000
2.04046,1.16598,0.61099,-0.00000,0.00000,-0.00000
2.04099,1.16628,0.61114,-0.00000,0.00000,0.00000
2.04152,1.16658,0.61129,0.00000,0.00000,0.00000
2.04204,1.16688,0.61144,0.00000,-0.00000,0.00000
2.04257,1.16718,0.61159,0.00000,0.00000,0.00000
2.04309,1.16748,0.61174,0.00000,0.00000,0.00000
2.04360,1.16777,0.61189,0.00000,0.00000,-0.00000
2.04412,1.16807,0.61203,0.00000,-0.00000,0.00000
2.04463,1.16836,0.61218,-0.00000,0.00000,-0.00000
2.04513,1.16865,0.61232,-0.00000,-0.00000,0.00000
2.04564,1.16894,0.61247,-0.00000,0.00000,0.00000
2.04614,1.16922,0.61261,0.00000,-0.00000,-0.00000
2.04664,1.16951,0.61275,-0.00000,-0.00000,-0.00000
2.04714,1.16979,0.61290,-0.00000,0.00000,0.00000
2.04763,1.17007,0.61304,0.00000,-0.00000,0.00000
2.04812,1.17036,0.61318,-0.00000,-0.00000,-0.00000
2.04861,1.17063,0.61332,0.00000,-0.00000,0.00000
2.04910,1.17091,0.61346,0.00000,-0.00000,-0.00000
2.04958,1.17119,0.61359,0.00000,0.00000,0.00000
2.05006,1.17146,0.61373,-0.00000,-0.00000,-0.00000
2.05054,1.17173,0.61387,-0.00000,-0.00000,-0.00000
2.05101,1.17201,0.61400,0.00000,-0.00000,0.00000
2.05148,1.17228,0.61414,0.00000,0.00000,0.00000
2.05195,1.17254,0.61427,0.00000,-0.00000,0.00000
2.05242,1.17281,0.61440,0.00000,-0.00000,0.00000
2.05288,1.17307,0.61454,-0.00000,-0.00000,-0.00000
2.05334,1.17334,0.61467,-0.00000,-0.00000,-0.00000
2.05380,1.17360,0.61480,0.00000,0.00000,0.00000
2.05425,1.17386,0.61493,0.00000,0.00000,0.00000
2.05471,1.17412,0.61506,-0.00000,0.00000,-0.00000
2.05516,1.17438,0.61519,-0.00000,0.00000,0.00000
2.05560,1.17463,0.61532,0.00000,0.00000,0.00000
2.05605,1.17488,0.61544,-0.00000,-0.00000,-0.00000
2.05649,1.17514,0.61557,0.00000,0.00000,0.00000
2.05693,1.17539,0.61569,0.00000,0.00000,0.00000
2.05737,1.17564,0.61582,-0.00000,-0.00000,-0.00000
2.05780,1.17589,0.61594,-0.00000,-0.00000,0.00000
2.05823,1.17613,0.61607,-0.00000,-0.00000,-0.00000
2.05866,1.17638,0.61619,0.00000,-0.00000,-0.00000
2.05908,1.17662,0.61631,0.00000,0.00000,0.00000
2.05951,1.17686,0.61643,-0.00000,0.00000,-0.00000
2.05993,1.17710,0.61655,0.00000,0.00000,-0.00000
2.06034,1.17734,0.61667,0.00000,0.00000,0.00000
2.06076,1.17758,0.61679,-0.00000,-0.00000,-0.00000
2.06117,1.17781,0.61691,0.00000,0.00000,0.00000
2.06158,1.17805,0.61702,0.00000,0.00000,0.00000
2.06199,1.17828,0.61714,0.00000,0.00000,0.00000
2.06239,1.17851,0.61725,-0.00000,-0.00000,-0.00000
2.06279,1.17874,0.61737,-0.00000,-0.00000,-0.00000
2.06319,1.17897,0.61748,-0.00000,-0.00000,-0.00000
2.06359,1.17919,0.61760,-0.00000,0.00000,-0.00000
2.06398,1.17942,0.61771,-0.00000,-0.00000,-0.00000
2.06437,1.17964,0.61782,0.00000,0.00000,0.00000
2.06476,1.17986,0.61793,-0.00000,-0.00000,-0.00000
2.06515,1.18008,0.61804,-0.00000,-0.00000,-0.00000
2.06553,1.18030,0.61815,0.00000,0.00000,0.00000
2.06591,1.18052,0.61826,0.00000,0.00000,0.00000
2.06629,1.18074,0.61837,0.00000,0.00000,0.00000
2.06667,1.18095,0.61848,0.00000,0.00000,0.00000
2.06704,1.18117,0.61858,0.00000,0.00000,0.00000
2.06741,1.18138,0.61869,0.00000,0.00000,0.00000
2.06778,1.18159,0.61879,0.00000,0.00000,0.00000
2.06814,1.18180,0.61890,0.00000,0.00000,0.00000
2.06850,1.18200,0.61900,0.00000,0.00000,0.00000
2.06887,1.18221,0.61910,0.00000,0.00000,0.00000
2.06922,1.18241,0.61921,-0.00000,-0.00000,-0.00000
2.06958,1.18262,0.61931,0.00000,0.00000,0.00000
2.06993,1.18282,0.61941,-0.00000,-0.00000,-0.00000
2.07028,1.18302,0.61951,-0.00000,-0.00000,-0.00000
2.07063,1.18322,0.61961,0.00000,0.00000,0.00000
2.07097,1.18341,0.61971,-0.00000,-0.00000,-0.00000
2.07132,1.18361,0.61980,0.00000,0.00000,0.00000
2.07166,1.18380,0.61990,0.00000,0.00000,0.00000
2.07199,1.18400,0.62000,0.00000,0.00000,0.00000
2.07233,1.18419,0.62009,-0.00000,-0.00000,-0.00000
2.07266,1.18438,0.62019,0.00000,0.00000,0.00000
2.07299,1.18457,0.62028,-0.00000,-0.00000,-0.00000
2.07332,1.18475,0.62038,0.00000,0.00000,0.00000
2.07364,1.18494,0.62047,-0.00000,-0.00000,-0.00000
2.07397,1.18512,0.62056,0.00000,0.00000,0.00000
2.07429,1.18531,0.62065,-0.00000,-0.00000,-0.00000
2.07460,1.18549,0.62074,0.00000,0.00000,0.00000
2.07492,1.18567,0.62083,0.00000,0.00000,0.00000
2.07523,1.18585,0.62092,0.00000,0.00000,0.00000
2.07554,1.18602,0.62101,-0.00000,-0.00000,-0.00000
2.07585,1.18620,0.62110,0.00000,0.00000,0.00000
2.07615,1.18637,0.62119,-0.00000,-0.00000,-0.00000
2.07646,1.18655,0.62127,0.00000,0.00000,0.00000
2.07676,1.18672,0.62136,0.00000,0.00000,0.00000
2.07706,1.18689,0.62144,-0.00000,-0.00000,-0.00000
2.07735,1.18706,0.62153,-0.00000,-0.00000,-0.00000
2.07765,1.18723,0.62161,-0.00000,-0.00000,-0.00000
2.07794,1.18739,0.62170,0.00000,0.00000,0.00000
2.07823,1.18756,0.62178,-0.00000,-0.00000,-0.00000
2.07851,1.18772,0.62186,-0.00000,-0.00000,-0.00000
2.07880,1.18788,0.62194,0.00000,0.00000,0.00000
2.07908,1.18804,0.62202,0.00000,0.00000,0.00000
2.07936,1.18820,0.62210,-0.00000,-0.00000,-0.00000
2.07963,1.18836,0.62218,0.00000,0.00000,0.00000
2.07991,1.18852,0.62226,-0.00000,-0.00000,-0.00000
2.08018,1.18868,0.62234,-0.00000,-0.00000,-0.00000
2.08045,1.18883,0.62241,0.00000,0.00000,0.00000
2.08072,1.18898,0.62249,0.00000,0.00000,0.00000
2.08099,1.18913,0.62257,0.00000,0.00000,0.00000
2.08125,1.18928,0.62264,0.00000,0.00000,0.00000
2.08151,1.18943,0.62272,0.00000,0.00000,0.00000
2.08177,1.18958,0.62279,0.00000,0.00000,0.00000
2.08202,1.18973,0.62286,0.00000,0.00000,0.00000
2.08228,1.18987,0.62294,0.00000,0.00000,0.00000
2.08253,1.19002,0.62301,0.00000,0.00000,0.00000
2.08278,1.19016,0.62308,0.00000,0.00000,0.00000
2.08303,1.19030,0.62315,0.00000,0.00000,0.00000
2.08327,1.19044,0.62322,0.00000,0.00000,0.00000
2.08351,1.19058,0.62329,0.00000,0.00000,0.00000
2.08375,1.19072,0.62336,0.00000,0.00000,0.00000
2.08399,1.19085,0.62343,0.00000,0.00000,0.00000
2.08423,1.19099,0.62349,0.00000,0.00000,0.00000
2.08446,1.19112,0.62356,0.00000,0.00000,0.00000
2.08470,1.19125,0.62363,0.00000,0.00000,0.00000
2.08492,1.19139,0.62369,0.00000,0.00000,0.00000
2.08515,1.19152,0.62376,0.00000,0.00000,0.00000
2.08538,1.19164,0.62382,0.00000,0.00000,0.00000
2.08560,1.19177,0.62389,0.00000,0.00000,0.00000
2.08582,1.19190,0.62395,0.00000,0.00000,0.00000
2.08604,1.19202,0.62401,0.00000,0.00000,0.00000
2.08626,1.19215,0.62407,0.00000,0.00000,0.00000
2.08647,1.19227,0.62413,0.00000,0.00000,0.00000
2.08668,1.19239,0.62420,0.00000,0.00000,0.00000
2.08689,1.19251,0.62426,0.00000,0.00000,0.00000
2.08710,1.19263,0.62431,0.00000,0.00000,0.00000
2.08731,1.19275,0.62437,0.00000,0.00000,0.00000
2.08751,1.19286,0.62443,0.00000,0.00000,0.00000
2.08771,1.19298,0.62449,0.00000,0.00000,0.00000
2.08791,1.19309,0.62455,0.00000,0.00000,0.00000
2.08811,1.19321,0.62460,0.00000,0.00000,0.00000
2.08831,1.19332,0.62466,0.00000,0.00000,0.00000
2.08850,1.19343,0.62471,0.00000,0.00000,0.00000
2.08869,1.19354,0.62477,0.00000,0.00000,0.00000
2.08888,1.19365,0.62482,0.00000,0.00000,0.00000
2.08907,1.19375,0.62488,0.00000,0.00000,0.00000
2.08925,1.19386,0.62493,0.00000,0.00000,0.00000
2.08944,1.19396,0.62498,0.00000,0.00000,0.00000
2.08962,1.19407,0.62503,0.00000,0.00000,0.00000
2.08980,1.19417,0.62509,0.00000,0.00000,0.00000
2.08998,1.19427,0.62514,0.00000,0.00000,0.00000
2.09015,1.19437,0.62519,0.00000,0.00000,0.00000
2.09033,1.19447,0.62524,0.00000,0.00000,0.00000
2.09050,1.19457,0.62528,0.00000,0.00000,0.00000
2.09067,1.19467,0.62533,0.00000,0.00000,0.00000
2.09083,1.19476,0.62538,0.00000,0.00000,0.00000
2.09100,1.19486,0.62543,0.00000,0.00000,0.00000
2.09116,1.19495,0.62548,0.00000,0.00000,0.00000
2.09133,1.19504,0.62552,0.00000,0.00000,0.00000
2.09149,1.19513,0.62557,0.00000,0.00000,0.00000
2.09164,1.19523,0.62561,0.00000,0.00000,0.00000
2.09180,1.19531,0.62566,0.00000,0.00000,0.00000
2.09195,1.19540,0.62570,0.00000,0.00000,0.00000
2.09211,1.19549,0.62574,0.00000,0.00000,0.00000
2.09226,1.19558,0.62579,0.00000,0.00000,0.00000
2.09241,1.19566,0.62583,0.00000,0.00000,0.00000
2.09255,1.19575,0.62587,0.00000,0.00000,0.00000
2.09270,1.19583,0.62591,0.00000,0.00000,0.00000
2.09284,1.19591,0.62595,0.00000,0.00000,0.00000
2.09298,1.19599,0.62600,0.00000,0.00000,0.00000
2.09312,1.19607,0.62604,0.00000,0.00000,0.00000
2.09326,1.19615,0.62607,0.00000,0.00000,0.00000
2.09340,1.19623,0.62611,0.00000,0.00000,0.00000
2.09353,1.19630,0.62615,0.00000,0.00000,0.00000
2.09366,1.19638,0.62619,0.00000,0.00000,0.00000
2.09380,1.19645,0.62623,0.00000,0.00000,0.00000
2.09392,1.19653,0.62626,0.00000,0.00000,0.00000
2.09405,1.19660,0.62630,0.00000,0.00000,0.00000
2.09418,1.19667,0.62634,0.00000,0.00000,0.00000
2.09430,1.19674,0.62637,0.00000,0.00000,0.00000
2.09442,1.19681,0.62641,0.00000,0.00000,0.00000
2.09454,1.19688,0.62644,0.00000,0.00000,0.00000
2.09466,1.19695,0.62648,0.00000,0.00000,0.00000
2.09478,1.19702,0.62651,0.00000,0.00000,0.00000
2.09490,1.19708,0.62654,0.00000,0.00000,0.00000
2.09501,1.19715,0.62657,0.00000,0.00000,0.00000
2.09512,1.19721,0.62661,0.00000,0.00000,0.00000
2.09523,1.19728,0.62664,0.00000,0.00000,0.00000
2.09534,1.19734,0.62667,0.00000,0.00000,0.00000
2.09545,1.19740,0.62670,0.00000,0.00000,0.00000
2.09555,1.19746,0.62673,0.00000,0.00000,0.00000
2.09566,1.19752,0.62676,0.00000,0.00000,0.00000
2.09576,1.19758,0.62679,0.00000,0.00000,0.00000
2.09586,1.19764,0.62682,0.00000,0.00000,0.00000
2.09596,1.19769,0.62685,0.00000,0.00000,0.00000
2.09606,1.19775,0.62687,0.00000,0.00000,0.00000
2.09616,1.19780,0.62690,0.00000,0.00000,0.00000
2.09625,1.19786,0.62693,0.00000,0.00000,0.00000
2.09634,1.19791,0.62696,0.00000,0.00000,0.00000
2.09644,1.19796,0.62698,0.00000,0.00000,0.00000
2.09653,1.19801,0.62701,0.00000,0.00000,0.00000
2.09661,1.19807,0.62703,0.00000,0.00000,0.00000
2.09670,1.19812,0.62706,0.00000,0.00000,0.00000
2.09679,1.19816,0.62708,0.00000,0.00000,0.00000
2.09687,1.19821,0.62711,0.00000,0.00000,0.00000
2.09696,1.19826,0.62713,0.00000,0.00000,0.00000
2.09704,1.19831,0.62715,0.00000,0.00000,0.00000
2.09712,1.19835,0.62718,0.00000,0.00000,0.00000
2.09720,1.19840,0.62720,0.00000,0.00000,0.00000
2.09727,1.19844,0.62722,0.00000,0.00000,0.00000
2.09735,1.19848,0.62724,0.00000,0.00000,0.00000
2.09742,1.19853,0.62726,0.00000,0.00000,0.00000
2.09750,1.19857,0.62728,0.00000,0.00000,0.00000
2.09757,1.19861,0.62731,0.00000,0.00000,0.00000
2.09764,1.19865,0.62733,0.00000,0.00000,0.00000
2.09771,1.19869,0.62734,0.00000,0.00000,0.00000
2.09778,1.19873,0.62736,0.00000,0.00000,0.00000
2.09784,1.19877,0.62738,0.00000,0.00000,0.00000
2.09791,1.19880,0.62740,0.00000,0.00000,0.00000
2.09797,1.19884,0.62742,-0.00000,-0.00000,-0.00000
2.09803,1.19888,0.62744,0.00000,0.00000,0.00000
2.09809,1.19891,0.62746,0.00000,0.00000,0.00000
2.09815,1.19895,0.62747,0.00000,0.00000,0.00000
2.09821,1.19898,0.62749,0.00000,0.00000,0.00000
2.09827,1.19901,0.62751,0.00000,0.00000,0.00000
2.09833,1.19904,0.62752,-0.00000,0.00000,-0.00000
2.09838,1.19908,0.62754,-0.00000,-0.00000,-0.00000
2.09844,1.19911,0.62755,-0.00000,-0.00000,-0.00000
2.09849,1.19914,0.62757,0.00000,0.00000,0.00000
2.09854,1.19917,0.62758,-0.00000,-0.00000,-0.00000
2.09859,1.19919,0.62760,0.00000,0.00000,0.00000
2.09864,1.19922,0.62761,0.00000,0.00000,0.00000
2.09869,1.19925,0.62763,-0.00000,-0.00000,-0.00000
2.09874,1.19928,0.62764,0.00000,0.00000,0.00000
2.09878,1.19930,0.62765,-0.00000,-0.00000,-0.00000
2.09883,1.19933,0.62766,0.00000,0.00000,0.00000
2.09887,1.19935,0.62768,0.00000,0.00000,0.00000
2.09891,1.19938,0.62769,-0.00000,-0.00000,-0.00000
2.09895,1.19940,0.62770,-0.00000,-0.00000,-0.00000
2.09899,1.19943,0.62771,0.00000,0.00000,0.00000
2.09903,1.19945,0.62772,-0.00000,-0.00000,-0.00000
2.09907,1.19947,0.62773,-0.00000,-0.00000,-0.00000
2.09911,1.19949,0.62775,0.00000,0.00000,0.00000
2.09915,1.19951,0.62776,0.00000,0.00000,0.00000
2.09918,1.19953,0.62777,0.00000,0.00000,0.00000
2.09922,1.19955,0.62778,-0.00000,-0.00000,-0.00000
2.09925,1.19957,0.62779,0.00000,0.00000,0.00000
2.09928,1.19959,0.62779,0.00000,0.00000,0.00000
2.09931,1.19961,0.62780,-0.00000,-0.00000,-0.00000
2.09934,1.19963,0.62781,0.00000,0.00000,0.00000
2.09937,1.19964,0.62782,-0.00000,-0.00000,-0.00000
2.09940,1.19966,0.62783,0.00000,0.00000,0.00000
2.09943,1.19967,0.62784,-0.00000,-0.00000,-0.00000
2.09946,1.19969,0.62785,0.00000,0.00000,0.00000
2.09948,1.19971,0.62785,0.00000,0.00000,0.00000
2.09951,1.19972,0.62786,-0.00000,-0.00000,-0.00000
2.09953,1.19973,0.62787,-0.00000,-0.00000,-0.00000
2.09956,1.19975,0.62787,0.00000,0.00000,0.00000
2.09958,1.19976,0.62788,0.00000,0.00000,0.00000
2.09960,1.19977,0.62789,-0.00000,-0.00000,-0.00000
2.09962,1.19979,0.62789,0.00000,0.00000,0.00000
2.09965,1.19980,0.62790,-0.00000,-0.00000,-0.00000
2.09966,1.19981,0.62790,0.00000,0.00000,0.00000
2.09968,1.19982,0.62791,-0.00000,-0.00000,-0.00000
2.09970,1.19983,0.62791,-0.00000,-0.00000,-0.00000
2.09972,1.19984,0.62792,0.00000,0.00000,0.00000
2.09974,1.19985,0.62792,0.00000,0.00000,0.00000
2.09975,1.19986,0.62793,-0.00000,-0.00000,-0.00000
2.09977,1.19987,0.62793,-0.00000,-0.00000,-0.00000
2.09978,1.19988,0.62794,-0.00000,-0.00000,-0.00000
2.09980,1.19988,0.62794,0.00000,0.00000,0.00000
2.09981,1.19989,0.62795,-0.00000,-0.00000,-0.00000
2.09982,1.19990,0.62795,0.00000,0.00000,0.00000
2.09984,1.19991,0.62795,-0.00000,-0.00000,-0.00000
2.09985,1.19991,0.62796,0.00000,0.00000,0.00000
2.09986,1.19992,0.62796,0.00000,0.00000,0.00000
2.09987,1.19993,0.62796,0.00000,0.00000,0.00000
2.09988,1.19993,0.62797,0.00000,0.00000,0.00000
2.09989,1.19994,0.62797,0.00000,0.00000,0.00000
2.09990,1.19994,0.62797,0.00000,0.00000,0.00000
2.09991,1.19995,0.62797,0.00000,0.00000,0.00000
2.09992,1.19995,0.62798,0.00000,0.00000,0.00000
2.09992,1.19996,0.62798,0.00000,0.00000,0.00000
2.09993,1.19996,0.62798,0.00000,0.00000,0.00000
2.09994,1.19996,0.62798,0.00000,0.00000,0.00000
2.09994,1.19997,0.62798,0.00000,0.00000,0.00000
2.09995,1.19997,0.62799,0.00000,0.00000,0.00000
2.09995,1.19997,0.62799,0.00000,0.00000,0.00000
2.09996,1.19998,0.62799,0.00000,0.00000,0.00000
2.09996,1.19998,0.62799,0.00000,0.00000,0.00000
2.09997,1.19998,0.62799,0.00000,0.00000,0.00000
2.09997,1.19998,0.62799,0.00000,0.00000,0.00000
2.09998,1.19999,0.62799,0.00000,0.00000,0.00000
2.09998,1.19999,0.62799,0.00000,0.00000,0.00000
2.09998,1.19999,0.62799,0.00000,0.00000,0.00000
2.09998,1.19999,0.62800,0.00000,0.00000,0.00000
2.09999,1.19999,0.62800,0.00000,0.00000,0.00000
2.09999,1.19999,0.62800,0.00000,0.00000,0.00000
2.09999,1.19999,0.62800,0.00000,0.00000,0.00000
2.09999,1.20000,0.62800,0.00000,0.00000,0.00000
2.09999,1.20000,0.62800,0.00000,0.00000,0.00000
2.10000,1.20000,0.62800,0.00000,0.00000,0.00000
2.10000,1.20000,0.62800,0.00000,0.00000,0.00000
2.10000,1.20000,0.62800,0.00000,0.00000,0.00000
2.10000,1.20000,0.62800,0.00000,0.00000,0.00000
2.10000,1.20000,0.62800,0.00000,0.00000,0.00000
2.10000,1.20000,0.62800,0.00000,0.00000,0.00000
2.10000,1.20000,0.62800,0.00000,0.00000,0.00000
2.10000,1.20000,0.62800,0.00000,0.00000,0.00000
2.10000,1.20000,0.62800,0.00000,0.00000,0.00000
2.10000,1.20000,0.62800,0.00000,0.00000,0.00000
2.10000,1.20000,0.62800,0.00000,0.00000,0.00000
2.10000,1.20000,0.62800,0.00000,0.00000,0.00000
2.10000,1.20000,0.62800,0.00000,0.00000,0.00000
