0.0577525552435762,0.0577525552435762,0,0,0.660504592339915,0.660504592339915,0.659403388948339,0.659403388948339
0.0622565950474259,0.0622565950474259,0,0,0.65366452096041,0.65366452096041,0.65239816625284,0.65239816625284
0.0666357589007521,0.0666357589007521,0,0,0.646932297459936,0.646932297459936,0.645496534227887,0.645496534227887
0.0708954916022465,0.0708954916022465,0,0,0.640305637189953,0.640305637189953,0.638697168336753,0.638697168336753
0.0750400382996415,0.0750400382996415,0,0,0.633781498382645,0.633781498382645,0.631997921425706,0.631997921425706
0.0790728743080923,0.0790728743080923,0,0,0.627356566432277,0.627356566432277,0.625396308563597,0.625396308563597
0.0829971069672817,0.0829971069672817,0,0,0.621027639572266,0.621027639572266,0.618889886572981,0.618889886572981
0.0868157102556228,0.0868157102556228,0,0,0.614791807422394,0.614791807422394,0.612476429264347,0.612476429264347
0.0905315809371423,0.0905315809371423,0,0,0.608646440506935,0.608646440506935,0.606153920473895,0.606153920473895
0.0941474857957499,0.0941474857957499,0,0,0.602589080605254,0.602589080605254,0.599920453444371,0.599920453444371
0.0976659884233547,0.0976659884233547,0,0,0.596617329514209,0.596617329514209,0.593774130073618,0.593774130073618
0.101089416485983,0.101089416485983,0,0,0.590728796777311,0.590728796777311,0.587713016795967,0.587713016795967
0.104419885337573,0.104419885337573,0,0,0.584921116089903,0.584921116089903,0.581735165169821,0.581735165169821
0.107659357460433,0.107659357460433,0,0,0.57919200175918,0.57919200175918,0.575838669312169,0.575838669312169
0.11080970303233,0.11080970303233,0,0,0.573539303482211,0.573539303482211,0.57002172058412,0.57002172058412
0.113872734360614,0.113872734360614,0,0,0.567961027950548,0.567961027950548,0.564282630124356,0.564282630124356
0.116850206027871,0.116850206027871,0,0,0.562455318229726,0.562455318229726,0.558619811165979,0.558619811165979
0.119743791151742,0.119743791151742,0,0,0.557020403396069,0.557020403396069,0.553031733242271,0.553031733242271
0.122555053684035,0.122555053684035,0,0,0.551654542388632,0.551654542388632,0.54751687095172,0.54751687095172
0.125285434880363,0.125285434880363,0,0,0.546355984898204,0.546355984898204,0.542073668703172,0.542073668703172
0.127936262281239,0.127936262281239,0,0,0.541122961632248,0.541122961632248,0.536700532961322,0.536700532961322
0.130508777722055,0.130508777722055,0,0,0.535953702757489,0.535953702757489,0.531395850862381,0.531395850862381
0.133004172602813,0.133004172602813,0,0,0.530846472710122,0.530846472710122,0.526158024196196,0.526158024196196
0.135423616731048,0.135423616731048,0,0,0.525799605409624,0.525799605409624,0.520985503888958,0.520985503888958
0.137768271185022,0.137768271185022,0,0,0.520811526429148,0.520811526429148,0.5158768124274,0.5158768124274
0.140039283088263,0.140039283088263,0,0,0.51588075558733,0.51588075558733,0.510830548031152,0.510830548031152
0.142237767433717,0.142237767433717,0,0,0.511005891343867,0.511005891343867,0.505845371688326,0.505845371688326
0.144364785353697,0.144364785353697,0,0,0.506185584337509,0.506185584337509,0.500919983705329,0.500919983705329
0.146421328380101,0.146421328380101,0,0,0.501418509752835,0.501418509752835,0.496053098670957,0.496053098670957
0.148408314875587,0.148408314875587,0,0,0.496703346935474,0.496703346935474,0.491243426679223,0.491243426679223
0.150326599721586,0.150326599721586,0,0,0.492038770960787,0.492038770960787,0.486489665335196,0.486489665335196
0.152176993611966,0.152176993611966,0,0,0.487423456413793,0.487423456413793,0.481790503026632,0.481790503026632
0.153960285487212,0.153960285487212,0,0,0.482856090010382,0.482856090010382,0.47714463058925,0.47714463058925
0.15567726140944,0.15567726140944,0,0,0.478335386796382,0.478335386796382,0.472550756665637,0.472550756665637
0.157328715156753,0.157328715156753,0,0,0.473860104677782,0.473860104677782,0.46800762194615,0.46800762194615
0.158915449006784,0.158915449006784,0,0,0.469429053500363,0.469429053500363,0.463514008696969,0.463514008696969
0.160438266340935,0.160438266340935,0,0,0.465041097061501,0.465041097061501,0.459068743879582,0.459068743879582
0.161897959866436,0.161897959866436,0,0,0.460695148539688,0.460695148539688,0.454670696072235,0.454670696072235
0.163295299905626,0.163295299905626,0,0,0.4563901613296,0.4563901613296,0.450318767829475,0.450318767829475
0.164631026431982,0.164631026431982,0,0,0.452125117982485,0.452125117982485,0.446011885870099,0.446011885870099
0.165905846807884,0.165905846807884,0,0,0.447899019878734,0.447899019878734,0.441748991538403,0.441748991538403
0.167120439196939,0.167120439196939,0,0,0.44371087967041,0.44371087967041,0.43752903355063,0.43752903355063
0.168275460005191,0.168275460005191,0,0,0.439559717638513,0.439559717638513,0.433350964279271,0.433350964279271
0.169371552853324,0.169371552853324,0,0,0.435444562182053,0.435444562182053,0.429213739976618,0.429213739976618
0.170409356612135,0.170409356612135,0,0,0.431364453837368,0.431364453837368,0.425116324528534,0.425116324528534
0.171389510762318,0.171389510762318,0,0,0.427318451627791,0.427318451627791,0.421057695683733,0.421057695683733
0.172312657442364,0.172312657442364,0,0,0.423305640222135,0.423305640222135,0.417036852304023,0.417036852304023
0.173179440635981,0.173179440635981,0,0,0.419325136351755,0.419325136351755,0.413052821072491,0.413052821072491
0.173990503699742,0.173990503699742,0,0,0.415376093194394,0.415376093194394,0.409104661297944,0.409104661297944
0.17474648670034,0.17474648670034,0,0,0.411457701931725,0.411457701931725,0.405191466928548,0.405191466928548
0.175448024789693,0.175448024789693,0,0,0.407569190320237,0.407569190320237,0.401312365531667,0.401312365531667
0.17609574826792,0.17609574826792,0,0,0.403709818773309,0.403709818773309,0.397466514689267,0.397466514689267
0.176690284281377,0.176690284281377,0,0,0.399878874976904,0.399878874976904,0.393653096825878,0.393653096825878
0.177232259514643,0.177232259514643,0,0,0.396075668338372,0.396075668338372,0.389871313799278,0.389871313799278
0.177722302932734,0.177722302932734,0,0,0.392299525527678,0.392299525527678,0.386120382562651,0.386120382562651
0.178161047680539,0.178161047680539,0,0,0.388549788025891,0.388549788025891,0.382399532860256,0.382399532860256
0.178549131602325,0.178549131602325,0,0,0.384825812028709,0.384825812028709,0.378708007332345,0.378708007332345
0.178887196352653,0.178887196352653,0,0,0.381126970438877,0.381126970438877,0.375045063763901,0.375045063763901
0.179175885571545,0.179175885571545,0,0,0.377452656159365,0.377452656159365,0.371409978664287,0.371409978664287
0.179415842901066,0.179415842901066,0,0,0.37380228563211,0.37380228563211,0.367802051084024,0.367802051084024
0.179607710657169,0.179607710657169,0,0,0.370175301611521,0.370175301611521,0.364220605619992,0.364220605619992
0.179752129727236,0.179752129727236,0,0,0.36657117448456,0.36657117448456,0.360664993897799,0.360664993897799
0.179849740839076,0.179849740839076,0,0,0.362989401946907,0.362989401946907,0.357134594340269,0.357134594340269
0.179901186889191,0.179901186889191,0,0,0.359429507357352,0.359429507357352,0.353628810565657,0.353628810565657
0.179907115675722,0.179907115675722,0,0,0.355891037462711,0.355891037462711,0.350147069143716,0.350147069143716
0.179868182270249,0.179868182270249,0,0,0.352373560306358,0.352373560306358,0.346688817560206,0.346688817560206
0.179785050405543,0.179785050405543,0,0,0.348876663988148,0.348876663988148,0.343253523084558,0.343253523084558
0.179658392598264,0.179658392598264,0,0,0.345399956588465,0.345399956588465,0.339840672861648,0.339840672861648
0.179488889152929,0.179488889152929,0,0,0.341943067132978,0.341943067132978,0.336449775091701,0.336449775091701
0.179277226549608,0.179277226549608,0,0,0.3385056471075,0.3385056471075,0.333080360780292,0.333080360780292
0.179024095903508,0.179024095903508,0,0,0.335087371843661,0.335087371843661,0.329731985346087,0.329731985346087
0.178730192127109,0.178730192127109,0,0,0.331687941153148,0.331687941153148,0.326404229437097,0.326404229437097
0.178396214163575,0.178396214163575,0,0,0.32830707884875,0.32830707884875,0.323096698581143,0.323096698581143
0.178022866273612,0.178022866273612,0,0,0.324944531178685,0.324944531178685,0.319809021702465,0.319809021702465
0.17761085998734,0.17761085998734,0,0,0.321600064568674,0.321600064568674,0.316540848919628,0.316540848919628
0.177160916084593,0.177160916084593,0,0,0.318273463309492,0.318273463309492,0.313291849291165,0.313291849291165
0.176673765937255,0.176673765937255,0,0,0.314964527854126,0.314964527854126,0.310061709199715,0.310061709199715
0.176150151723011,0.176150151723011,0,0,0.311673074204481,0.311673074204481,0.306850131870931,0.306850131870931
0.175590825359138,0.175590825359138,0,0,0.30839893452813,0.30839893452813,0.303656838168411,0.303656838168411
0.174996546386669,0.174996546386669,0,0,0.305141958762922,0.305141958762922,0.300481568408018,0.300481568408018
0.174368079344201,0.174368079344201,0,0,0.301902016660514,0.301902016660514,0.297324084617889,0.297324084617889
0.173706191313156,0.173706191313156,0,0,0.298678999585082,0.298678999585082,0.294184172533159,0.294184172533159
0.173011650254352,0.173011650254352,0,0,0.295472821448931,0.295472821448931,0.291061642685606,0.291061642685606
0.172285224513791,0.172285224513791,0,0,0.292283418418121,0.292283418418121,0.287956330211344,0.287956330211344
0.171527683537248,0.171527683537248,0,0,0.289110747356555,0.289110747356555,0.284868093348714,0.284868093348714
0.170739799688063,0.170739799688063,0,0,0.285954782905823,0.285954782905823,0.281796810535548,0.281796810535548
0.16992234949112,0.16992234949112,0,0,0.282815515796099,0.282815515796099,0.2787423787484,0.2787423787484
0.169076116124404,0.169076116124404,0,0,0.279692949387523,0.279692949387523,0.275704710038211,0.275704710038211
0.168201890992573,0.168201890992573,0,0,0.276587096682178,0.276587096682178,0.272683728575888,0.272683728575888
0.16730047342492,0.16730047342492,0,0,0.273497979860498,0.273497979860498,0.269679370271894,0.269679370271894
0.166372669402922,0.166372669402922,0,0,0.270425630518035,0.270425630518035,0.266691583122946,0.266691583122946
0.165419289347424,0.165419289347424,0,0,0.267370090797034,0.267370090797034,0.263720328471907,0.263720328471907
0.164441145502769,0.164441145502769,0,0,0.264331414875833,0.264331414875833,0.260765582624009,0.260765582624009
0.163439049535343,0.163439049535343,0,0,0.261309670196944,0.261309670196944,0.257827338180789,0.257827338180789
0.162413810864727,0.162413810864727,0,0,0.258304937925852,0.258304937925852,0.254905604569932,0.254905604569932
0.161366235996812,0.161366235996812,0,0,0.255317312379775,0.255317312379775,0.252000407505857,0.252000407505857
0.160297128814401,0.160297128814401,0,0,0.252346899482435,0.252346899482435,0.249111787442412,0.249111787442412
0.159207291488752,0.159207291488752,0,0,0.249393814594348,0.249393814594348,0.246239797380006,0.246239797380006
0.158097525491998,0.158097525491998,0,0,0.246458180244701,0.246458180244701,0.243384500569354,0.243384500569354
0.156968632175798,0.156968632175798,0,0,0.243540124304925,0.243540124304925,0.240545968666041,0.240545968666041
0.155821412527244,0.155821412527244,0,0,0.240639778993734,0.240639778993734,0.237724280733782,0.237724280733782
0.154656665987101,0.154656665987101,0,0,0.237757280826714,0.237757280826714,0.234919523209277,0.234919523209277
0.153475188526387,0.153475188526387,0,0,0.234892771312548,0.234892771312548,0.232131790622675,0.232131790622675
0.152277770431863,0.152277770431863,0,0,0.232046397944587,0.232046397944587,0.229361186609319,0.229361186609319
0.151065194378715,0.151065194378715,0,0,0.229218314912095,0.229218314912095,0.226607824623062,0.226607824623062
0.149838234303876,0.149838234303876,0,0,0.226408683022551,0.226408683022551,0.223871827832426,0.223871827832426
0.14859765537627,0.14859765537627,0,0,0.223617668545468,0.223617668545468,0.221153327906782,0.221153327906782
0.147344215019784,0.147344215019784,0,0,0.220845441031177,0.220845441031177,0.218452462751041,0.218452462751041
0.146078664603663,0.146078664603663,0,0,0.218092170495406,0.218092170495406,0.215769373591663,0.215769373591663
0.144801751158544,0.144801751158544,0,0,0.215358024616947,0.215358024616947,0.213104202076775,0.213104202076775
0.14351421840803,0.14351421840803,0,0,0.212643166658927,0.212643166658927,0.210457088115315,0.210457088115315
0.142216806543771,0.142216806543771,0,0,0.209947754682724,0.209947754682724,0.207828169033225,0.207828169033225
0.140910250520425,0.140910250520425,0,0,0.207271942277079,0.207271942277079,0.205217580269613,0.205217580269613
0.139595277085458,0.139595277085458,0,0,0.204615880580458,0.204615880580458,0.202625457382495,0.202625457382495
0.138272601200836,0.138272601200836,0,0,0.201979720940829,0.201979720940829,0.200051938692829,0.200051938692829
0.136942922785585,0.136942922785585,0,0,0.199363617283618,0.199363617283618,0.197497167619824,0.197497167619824
0.135606924729913,0.135606924729913,0,0,0.196767727243907,0.196767727243907,0.194961293748771,0.194961293748771
0.134265272843559,0.134265272843559,0,0,0.194192211406989,0.194192211406989,0.192444471968711,0.192444471968711
0.132918617847975,0.132918617847975,0,0,0.191637230555345,0.191637230555345,0.189946859582377,0.189946859582377
0.131567598843673,0.131567598843673,0,0,0.189102941498911,0.189102941498911,0.187468611980525,0.187468611980525
0.13021284705484,0.13021284705484,0,0,0.186589492686788,0.186589492686788,0.1850098781018,0.1850098781018
0.128854988306881,0.128854988306881,0,0,0.184097021145577,0.184097021145577,0.182570797247534,0.182570797247534
0.127494642792309,0.127494642792309,0,0,0.181625652180897,0.181625652180897,0.180151498705912,0.180151498705912
0.126132421307146,0.126132421307146,0,0,0.179175502653256,0.179175502653256,0.177752105001316,0.177752105001316
0.124768903854611,0.124768903854611,0,0,0.176746702993164,0.176746702993164,0.175372754117005,0.175372754117005
0.123404631492,0.123404631492,0,0,0.174339402158781,0.174339402158781,0.173013604460878,0.173013604460878
0.122040198248352,0.122040198248352,0,0,0.171953676404105,0.171953676404105,0.170674742245491,0.170674742245491
0.120676141135541,0.120676141135541,0,0,0.169589641825228,0.169589641825228,0.168356295486127,0.168356295486127
0.119312997271064,0.119312997271064,0,0,0.167247393667706,0.167247393667706,0.166058372434681,0.166058372434681
0.117951289644966,0.117951289644966,0,0,0.164927021328818,0.164927021328818,0.163781076686726,0.163781076686726
0.116591526645716,0.116591526645716,0,0,0.162628608605465,0.162628608605465,0.161524507347556,0.161524507347556
0.115234201719315,0.115234201719315,0,0,0.160352233850558,0.160352233850558,0.159288759106309,0.159288759106309
0.113879793196201,0.113879793196201,0,0,0.158097970001067,0.158097970001067,0.157073922181418,0.157073922181418
0.112528764297459,0.112528764297459,0,0,0.155865884467734,0.155865884467734,0.154880082127776,0.154880082127776
0.111181563306019,0.111181563306019,0,0,0.153656038897243,0.153656038897243,0.152707319517068,0.152707319517068
0.109838623870811,0.109838623870811,0,0,0.15146848883916,0.15146848883916,0.150555709524332,0.150555709524332
0.108500365393831,0.108500365393831,0,0,0.149303283365543,0.149303283365543,0.148425321469497,0.148425321469497
0.107167193444443,0.107167193444443,0,0,0.147160464696556,0.147160464696556,0.146316218367947,0.146316218367947
0.105839500145915,0.105839500145915,0,0,0.145040067884925,0.145040067884925,0.144228456543564,0.144228456543564
0.104517664489654,0.104517664489654,0,0,0.142942120601455,0.142942120601455,0.142162085346797,0.142162085346797
0.103202052546665,0.103202052546665,0,0,0.140866643049603,0.140866643049603,0.140117147005891,0.140117147005891
0.10189301756965,0.10189301756965,0,0,0.13881364801376,0.13881364801376,0.138093676615766,0.138093676615766
0.100590899995626,0.100590899995626,0,0,0.136783141028983,0.136783141028983,0.13609170225201,0.13609170225201
0.0992960273819407,0.0992960273819407,0,0,0.134775120638864,0.134775120638864,0.13411124517618,0.13411124517618
0.0980087143179933,0.0980087143179933,0,0,0.132789578696741,0.132789578696741,0.132152320087184,0.132152320087184
0.0967292623618895,0.0967292623618895,0,0,0.130826500661626,0.130826500661626,0.130214935369628,0.130214935369628
0.0954579600460731,0.0954579600460731,0,0,0.128885865842466,0.128885865842466,0.128299093292479,0.128299093292479
0.0941950829857694,0.0941950829857694,0,0,0.126967647557322,0.126967647557322,0.126404790124405,0.126404790124405
0.0929408941047947,0.0929408941047947,0,0,0.125071813191497,0.125071813191497,0.124532016149882,0.124532016149882
0.0916956439691367,0.0916956439691367,0,0,0.123198324163637,0.123198324163637,0.122680755595241,0.122680755595241
0.0904595712025571,0.0904595712025571,0,0,0.121347135822848,0.121347135822848,0.120850986487985,0.120850986487985
0.0892329029330448,0.0892329029330448,0,0,0.119518197328849,0.119518197328849,0.119042680501745,0.119042680501745
0.0880158552176778,0.0880158552176778,0,0,0.117711451563866,0.117711451563866,0.117255802835886,0.117255802835886
0.086808633384841,0.086808633384841,0,0,0.115926835135915,0.115926835135915,0.115490312189648,0.115490312189648
0.0856114322536034,0.0856114322536034,0,0,0.114164278514311,0.114164278514311,0.113746160871698,0.113746160871698
0.0844244362018891,0.0844244362018891,0,0,0.112423706321261,0.112423706321261,0.112023295068871,0.112023295068871
0.083247819093787,0.083247819093787,0,0,0.110705037770481,0.110705037770481,0.110321655264715,0.110321655264715
0.0820817441019702,0.0820817441019702,0,0,0.109008187216274,0.109008187216274,0.108641176770826,0.108641176770826
0.080926363494591,0.080926363494591,0,0,0.107333064743326,0.107333064743326,0.106981790300667,0.106981790300667
0.0797818184725188,0.0797818184725188,0,0,0.105679576710869,0.105679576710869,0.10534342249901,0.10534342249901
0.0786482391531789,0.0786482391531789,0,0,0.104047626156629,0.104047626156629,0.103725996331891,0.103725996331891
0.077525744781298,0.077525744781298,0,0,0.102437112979255,0.102437112979255,0.102129431255525,0.102129431255525
0.0764144442165093,0.0764144442165093,0,0,0.100847933849685,0.100847933849685,0.10055364311453,0.10055364311453
0.0753144367020294,0.0753144367020294,0,0,0.0992799818455663,0.0992799818455663,0.0989985437637815,0.0989985437637815
0.0742258128550091,0.0742258128550091,0,0,0.0977331458670979,0.0977331458670979,0.0974640404726983,0.0974640404726983
0.0731486557687311,0.0731486557687311,0,0,0.0962073099420704,0.0962073099420704,0.0959500352202873,0.0959500352202873
0.0720830420613862,0.0720830420613862,0,0,0.0947023525818748,0.0947023525818748,0.0944564240434017,0.0944564240434017
0.0710290426908183,0.0710290426908183,0,0,0.0932181463674196,0.0932181463674196,0.0929830966176868,0.0929830966176868
0.0699867233639616,0.0699867233639616,0,0,0.0917545579334881,0.0917545579334881,0.0915299362400897,0.0915299362400897
0.0689561444244238,0.0689561444244238,0,0,0.0903114484663344,0.0903114484663344,0.0900968203277161,0.0900968203277161
0.0679373601977903,0.0679373601977903,0,0,0.0888886747355438,0.0888886747355438,0.0886836214536241,0.0886836214536241
0.0669304178953648,0.0669304178953648,0,0,0.0874860905596243,0.0874860905596243,0.0872902088181716,0.0872902088181716
0.0659353563141636,0.0659353563141636,0,0,0.0861035484716165,0.0861035484716165,0.0859164499210228,0.0859164499210228
0.0649522046782841,0.0649522046782841,0,0,0.0847409012404234,0.0847409012404234,0.0845622120882115,0.0845622120882115
0.0639809820208758,0.0639809820208758,0,0,0.0833980028544466,0.0833980028544466,0.0832273634596726,0.0832273634596726
0.0630216974728782,0.0630216974728782,0,0,0.082074708602742,0.082074708602742,0.0819117730716981,0.0819117730716981
0.0620743516617581,0.0620743516617581,0,0,0.0807708740501529,0.0807708740501529,0.0806153098307731,0.0806153098307731
0.0611389391529795,0.0611389391529795,0,0,0.0794863529729462,0.0794863529729462,0.0793378404462011,0.0793378404462011
0.0602154515055995,0.0602154515055995,0,0,0.078220994678023,0.078220994678023,0.0780792267463904,0.0780792267463904
0.0593038801256907,0.0593038801256907,0,0,0.0769746415151786,0.0769746415151786,0.07683932319078,0.07683932319078
0.0584042178323938,0.0584042178323938,0,0,0.075747127661392,0.075747127661392,0.0756179756590061,0.0756179756590061
0.0575164580275592,0.0575164580275592,0,0,0.0745382802813921,0.0745382802813921,0.0744150226235225,0.0744150226235225
0.0566405907681862,0.0566405907681862,0,0,0.0733479237661242,0.0733479237661242,0.0732302994075916,0.0732302994075916
0.0557765960005675,0.0557765960005675,0,0,0.0721758867982279,0.0721758867982279,0.0720636452753917,0.0720636452753917
0.0549244357411688,0.0549244357411688,0,0,0.0710220104744371,0.0710220104744371,0.07091491157851,0.07091491157851
0.0540840489184912,0.0540840489184912,0,0,0.0698861537877762,0.0698861537877762,0.0697839672528328,0.0697839672528328
0.0532553543963187,0.0532553543963187,0,0,0.0687681909610086,0.0687681909610086,0.0686706961466061,0.0686706961466061
0.052438268571115,0.052438268571115,0,0,0.0676679942307926,0.0676679942307926,0.067574979769491,0.067574979769491
0.0516330322282896,0.0516330322282896,0,0,0.0665850943734697,0.0665850943734697,0.0664963571577353,0.0664963571577353
0.050839202520895,0.050839202520895,0,0,0.0655197403248666,0.0655197403248666,0.065435086596935,0.065435086596935
0.0500569663776215,0.0500569663776215,0,0,0.0644715091351111,0.0644715091351111,0.0643907528733574,0.0643907528733574
0.0492862474718701,0.0492862474718701,0,0,0.0634402506639123,0.0634402506639123,0.0633632138192589,0.0633632138192589
0.0485269718197541,0.0485269718197541,0,0,0.062425809203262,0.062425809203262,0.0623523213872964,0.0623523213872964
0.0477790682070505,0.0477790682070505,0,0,0.0614280233602051,0.0614280233602051,0.0613579215429317,0.0613579215429317
0.0470424675425522,0.0470424675425522,0,0,0.0604467269905999,0.0604467269905999,0.0603798552096063,0.0603798552096063
0.046317101712044,0.046317101712044,0,0,0.0594817506127955,0.0594817506127955,0.0594179596942164,0.0594179596942164
0.0456029023247921,0.0456029023247921,0,0,0.0585329229107499,0.0585329229107499,0.0584720702016091,0.0584720702016091
0.0448997996022205,0.0448997996022205,0,0,0.0576000720816932,0.0576000720816932,0.0575420211928045,0.0575420211928045
0.0442077215533935,0.0442077215533935,0,0,0.0566830268873085,0.0566830268873085,0.0566276474457831,0.0566276474457831
0.0435265934956701,0.0435265934956701,0,0,0.0557816173529938,0.0557816173529938,0.0557287847634428,0.0557287847634428
0.0428563379270728,0.0428563379270728,0,0,0.0548956751107176,0.0548956751107176,0.0548452703243633,0.0548452703243633
0.0421968747061037,0.0421968747061037,0,0,0.0540250334309036,0.0540250334309036,0.0539769427219933,0.0539769427219933
0.0415481214718006,0.0415481214718006,0,0,0.0531695270108033,0.0531695270108033,0.0531236417599053,0.0531236417599053
0.0409099942180634,0.0409099942180634,0,0,0.0523289916044067,0.0523289916044067,0.0522852080883405,0.0522852080883405
0.0402824079280061,0.0402824079280061,0,0,0.0515032635877842,0.0515032635877842,0.0514614827760865,0.0514614827760865
0.039665277180344,0.039665277180344,0,0,0.0506921795454569,0.0506921795454569,0.0506523069033922,0.0506523069033922
0.039058516642721,0.039058516642721,0,0,0.0498955759630451,0.0498955759630451,0.0498575212612447,0.0498575212612447
0.0384620413964144,0.0384620413964144,0,0,0.0491132890797148,0.0491132890797148,0.0490769662105496,0.0490769662105496
0.0378757670471628,0.0378757670471628,0,0,0.0483451549448429,0.0483451549448429,0.0483104817456312,0.0483104817456312
0.0372996096195154,0.0372996096195154,0,0,0.0475910096828509,0.0475910096828509,0.0475579077659488,0.0475579077659488
0.036733485250636,0.036733485250636,0,0,0.0468506899492169,0.0468506899492169,0.0468190845389714,0.0468190845389714
0.0361773097381311,0.0361773097381311,0,0,0.0461240335254331,0.0461240335254331,0.0460938533018829,0.0460938533018829
0.035630998016722,0.035630998016722,0,0,0.045410879978644,0.045410879978644,0.0453820569277566,0.0453820569277566
0.0350944636598058,0.0350944636598058,0,0,0.0447110712926612,0.0447110712926612,0.0446835405628011,0.0446835405628011
0.0345676185045559,0.0345676185045559,0,0,0.0440244523722955,0.0440244523722955,0.0439981521365452,0.0439981521365452
0.0340503724942193,0.0340503724942193,0,0,0.0433508713300074,0.0433508713300074,0.0433257426539162,0.0433257426539162
0.0335426338040687,0.0335426338040687,0,0,0.042690179487971,0.042690179487971,0.0426661662022979,0.0426661662022979
0.0330443092811818,0.0330443092811818,0,0,0.0420422310668317,0.0420422310668317,0.0420192796448831,0.0420192796448831
0.0325553051735993,0.0325553051735993,0,0,0.0414068825835421,0.0414068825835421,0.0413849420227783,0.0413849420227783
0.0320755280697691,0.0320755280697691,0,0,0.0407839920369817,0.0407839920369817,0.0407630137446751,0.0407630137446751
0.0316048859132896,0.0316048859132896,0,0,0.040173418013372,0.040173418013372,0.0401533556962295,0.0401533556962295
0.0311432889163833,0.0311432889163833,0,0,0.0395750188859102,0.0395750188859102,0.0395558284437051,0.0395558284437051
0.030690650180702,0.030690650180702,0,0,0.03898865229802,0.03898865229802,0.0389702917213897,0.0389702917213897
0.0302468858545762,0.0302468858545762,0,0,0.0384141750991677,0.0384141750991677,0.0383966043718022,0.0383966043718022
0.0298119147125181,0.0298119147125181,0,0,0.037851443847522,0.037851443847522,0.0378346248529763,0.0378346248529763
0.0293856571538809,0.0293856571538809,0,0,0.0373003158837218,0.0373003158837218,0.0372842123170101,0.0372842123170101
0.0289680337463889,0.0289680337463889,0,0,0.0367606508525867,0.0367606508525867,0.0367452281365688,0.0367452281365688
0.0285589635890668,0.0285589635890668,0,0,0.0362323124024865,0.0362323124024865,0.036217537608845,0.036217537608845
0.0281583628946137,0.0281583628946137,0,0,0.0357151696673688,0.0357151696673688,0.0357010114417321,0.0357010114417321
0.0277661442510513,0.0277661442510513,0,0,0.0352090980747369,0.0352090980747369,0.0351955265652815,0.0351955265652815
0.0273822169806082,0.0273822169806082,0,0,0.0347139790653727,0.0347139790653727,0.0347009658540967,0.0347009658540967
0.0270064888290655,0.0270064888290655,0,0,0.0342296984897107,0.0342296984897107,0.0342172165255742,0.0342172165255742
0.0266388688868804,0.0266388688868804,0,0,0.0337561437772125,0.0337561437772125,0.0337441673105352,0.0337441673105352
0.0262792711918887,0.0262792711918887,0,0,0.033293200419581,0.033293200419581,0.033281704937493,0.033281704937493
0.0259276179958567,0.0259276179958567,0,0,0.0328407487779672,0.0328407487779672,0.0328297109412726,0.0328297109412726
0.0255838413401083,0.0255838413401083,0,0,0.0323986625593047,0.0323986625593047,0.0323880601417347,0.0323880601417347
0.0252478816150017,0.0252478816150017,0,0,0.0319668102829431,0.0319668102829431,0.0319566221142366,0.0319566221142366
0.0249196824013573,0.0249196824013573,0,0,0.0315450604423679,0.0315450604423679,0.031535266356672,0.031535266356672
0.0245991822531494,0.0245991822531494,0,0,0.0311332897173641,0.0311332897173641,0.0311238705078396,0.0311238705078396
0.0242863060918603,0.0242863060918603,0,0,0.0307313915863286,0.0307313915863286,0.0307223289654362,0.0307223289654362
0.0239809609559457,0.0239809609559457,0,0,0.0303392806191192,0.0303392806191192,0.0303305571820166,0.0303305571820166
0.023683041701942,0.023683041701942,0,0,0.0299568868657579,0.0299568868657579,0.0299484860522503,0.0299484860522503
0.0233924498549812,0.0233924498549812,0,0,0.0295841371293309,0.0295841371293309,0.029576043179253,0.029576043179253
0.0231091208552562,0.0231091208552562,0,0,0.0292209278280718,0.0292209278280718,0.0292131257278218,0.0292131257278218
0.0228330408351908,0.0228330408351908,0,0,0.0288671082414732,0.0288671082414732,0.0288595836673718,0.0288595836673718
0.0225642194093165,0.0225642194093165,0,0,0.0285225076145313,0.0285225076145313,0.0285152468908284,0.0285152468908284
0.0223025917640649,0.0223025917640649,0,0,0.0281870329012122,0.0281870329012122,0.0281800229977855,0.0281800229977855
0.0220479146642884,0.0220479146642884,0,0,0.0278607727715871,0.0278607727715871,0.0278540013382362,0.0278540013382362
0.0218000887193587,0.0218000887193587,0,0,0.0275436757492147,0.0275436757492147,0.0275371310269124,0.0275371310269124
0.0215594168902948,0.0215594168902948,0,0,0.027235292724253,0.027235292724253,0.0272289633722313,0.0272289633722313
0.0213254270684187,0.0213254270684187,0,0,0.0269359532168868,0.0269359532168868,0.0269298285655685,0.0269298285655685
0.0210983759732656,0.0210983759732656,0,0,0.0266452597009833,0.0266452597009833,0.0266393294659523,0.0266393294659523
0.0208780936584692,0.0208780936584692,0,0,0.0263632450430367,0.0263632450430367,0.0263574994511031,0.0263574994511031
0.0206643644756664,0.0206643644756664,0,0,0.0260899921748094,0.0260899921748094,0.0260844219515114,0.0260844219515114
0.0204572844307662,0.0204572844307662,0,0,0.025825276339523,0.025825276339523,0.02581987258263,0.02581987258263
0.0202568658083053,0.0202568658083053,0,0,0.0255689602027758,0.0255689602027758,0.0255637143907666,0.0255637143907666
0.020063035149866,0.020063035149866,0,0,0.0253209957105824,0.0253209957105824,0.025315899709822,0.025315899709822
0.01987569531159,0.01987569531159,0,0,0.025081362092264,0.025081362092264,0.0250764081437778,0.0250764081437778
0.0196947668907145,0.0196947668907145,0,0,0.0248500245723117,0.0248500245723117,0.0248452052665789,0.0248452052665789
0.0195201994738874,0.0195201994738874,0,0,0.0246269232256777,0.0246269232256777,0.0246222314755637,0.0246222314755637
0.0193519641858751,0.0193519641858751,0,0,0.0244119804588416,0.0244119804588416,0.0244074094762466,0.0244074094762466
0.0191900403854006,0.0191900403854006,0,0,0.0242051142888589,0.0242051142888589,0.024200657566377,0.024200657566377
0.0190344046901275,0.0190344046901275,0,0,0.0240062492715352,0.0240062492715352,0.0240019005680101,0.0240019005680101
0.0188850254872575,0.0188850254872575,0,0,0.0238153219538702,0.0238153219538702,0.023811075282009,0.023811075282009
0.018741862664208,0.018741862664208,0,0,0.0236322811311755,0.0236322811311755,0.0236281307456619,0.0236281307456619
0.0186048707031044,0.0186048707031044,0,0,0.0234570847672958,0.0234570847672958,0.0234530251525001,0.0234530251525001
0.0184740030183046,0.0184740030183046,0,0,0.0232896956912152,0.0232896956912152,0.0232857215482426,0.0232857215482426
0.0183492158875208,0.0183492158875208,0,0,0.023130077706932,0.023130077706932,0.0231261839401882,0.0231261839401882
0.0182304710401757,0.0182304710401757,0,0,0.0229781930438861,0.0229781930438861,0.0229743747475555,0.0229743747475555
0.0181177366469417,0.0181177366469417,0,0,0.0228340013948346,0.0228340013948346,0.0228302538396831,0.0228302538396831
0.0180109869208187,0.0180109869208187,0,0,0.0226974603302426,0.0226974603302426,0.0226937789510659,0.0226937789510659
0.0179102007942282,0.0179102007942282,0,0,0.0225685266238488,0.0225685266238488,0.0225649070077429,0.0225649070077429
0.0178153602010656,0.0178153602010656,0,0,0.0224471579649816,0.0224471579649816,0.0224435958404717,0.0224435958404717
0.0177264484246787,0.0177264484246787,0,0,0.0223333146010307,0.0223333146010307,0.022329805827981,0.022329805827981
0.0176434488246219,0.0176434488246219,0,0,0.0222269606021012,0.0222269606021012,0.0222235011622641,0.0222235011622641
0.0175663441071661,0.0175663441071661,0,0,0.0221280645857412,0.0221280645857412,0.0221246505737773,0.0221246505737773
0.0174951161556981,0.0174951161556981,0,0,0.0220365998883833,0.0220365998883833,0.0220332275031901,0.0220332275031901
0.0174297463362237,0.0174297463362237,0,0,0.0219525442685397,0.0219525442685397,0.0219492098047587,0.0219492098047587
0.0173702161290046,0.0173702161290046,0,0,0.0218758792898724,0.0218758792898724,0.0218725791294838,0.0218725791294838
0.0173165079195322,0.0173165079195322,0,0,0.0218065895494599,0.0218065895494599,0.0218033201534152,0.0218033201534152
0.0172686057916756,0.0172686057916756,0,0,0.0217446619066371,0.0217446619066371,0.0217414198065155,0.0217414198065155
0.0172264961987877,0.0172264961987877,0,0,0.0216900848335724,0.0216900848335724,0.021686866623273,0.021686866623273
0.0171901684371921,0.0171901684371921,0,0,0.0216428479627151,0.0216428479627151,0.0216396502902107,0.0216396502902107
0.0171596148824682,0.0171596148824682,0,0,0.0216029418682565,0.0216029418682565,0.0215997614274428,0.0215997614274428
0.0171348310006988,0.0171348310006988,0,0,0.0215703580695266,0.0215703580695266,0.021567191592192,0.021567191592192
0.0171158151684485,0.0171158151684485,0,0,0.0215450892224088,0.0215450892224088,0.0215419334703453,0.0215419334703453
0.0171025683561653,0.0171025683561653,0,0,0.0215271294444313,0.0215271294444313,0.0215239812016912,0.0215239812016912
0.0170950937412943,0.0170950937412943,0,0,0.0215164747083508,0.0215164747083508,0.0215133307736422,0.0215133307736422
0.0170933963133814,0.0170933963133814,0,0,0.0215131232429775,0.0215131232429775,0.0215099804221767,0.0215099804221767
0.0170974825169494,0.0170974825169494,0,0,0.0215170758962888,0.0215170758962888,0.0215139309950389,0.0215139309950389
0.0171073599808051,0.0171073599808051,0,0,0.0215283364138624,0.0215283364138624,0.02152518623022,0.02152518623022
0.0171230373467481,0.0171230373467481,0,0,0.0215469116193027,0.0215469116193027,0.0215437529363887,0.0215437529363887
0.0171445242119375,0.0171445242119375,0,0,0.0215728114843824,0.0215728114843824,0.021569641062993,0.021569641062993
0.0171718311710199,0.0171718311710199,0,0,0.0216060491014501,0.0216060491014501,0.0216028636725848,0.0216028636725848
0.017204969947256,0.017204969947256,0,0,0.0216466405698207,0.0216466405698207,0.0216434368270882,0.0216434368270882
0.0172439535844823,0.0172439535844823,0,0,0.0216946048239074,0.0216946048239074,0.0216913794157738,0.0216913794157738
0.0172887966715708,0.0172887966715708,0,0,0.0217499634303504,0.0217499634303504,0.0217467129521991,0.0217467129521991
0.0173395155762657,0.0173395155762657,0,0,0.0218127403770725,0.0218127403770725,0.0218094613630513,0.0218094613630513
0.0173961286602581,0.0173961286602581,0,0,0.0218829618822898,0.0218829618822898,0.0218796507969239,0.0218796507969239
0.017458656458576,0.017458656458576,0,0,0.0219606562386522,0.0219606562386522,0.0219573094682054,0.0219573094682054
0.017527121809158,0.017527121809158,0,0,0.0220458537076716,0.0220458537076716,0.022042467551241,0.022042467551241
0.0176015499279012,0.0176015499279012,0,0,0.0221385864673047,0.0221385864673047,0.0221351571276332,0.0221351571276332
0.017681968427078,0.017681968427078,0,0,0.0222388886159675,0.0222388886159675,0.0222354121899602,0.0222354121899602
0.0177684072836794,0.0177684072836794,0,0,0.0223467962255202,0.0223467962255202,0.0223432686944484,0.0223432686944484
0.017860898766525,0.017860898766525,0,0,0.0224623474348619,0.0224623474348619,0.0224587646542352,0.0224587646542352
0.0179594773343099,0.0179594773343099,0,0,0.0225855825721025,0.0225855825721025,0.022581940261188,0.022581940261188
0.018064179517901,0.018064179517901,0,0,0.0227165442923001,0.0227165442923001,0.0227128380232622,0.0227128380232622
0.018175043800044,0.018175043800044,0,0,0.0228552777179338,0.0228552777179338,0.0228515029045665,0.0228515029045665
0.0182921105044274,0.0182921105044274,0,0,0.0230018305705195,0.0230018305705195,0.0229979824565372,0.0229979824565372
0.0184154217037534,0.0184154217037534,0,0,0.0231562532840185,0.0231562532840185,0.0231523269308687,0.0231523269308687
0.0185450211537569,0.0185450211537569,0,0,0.0233185990933758,0.0233185990933758,0.0233145893675343,0.0233145893675343
0.0186809542569965,0.0186809542569965,0,0,0.0234889240945444,0.0234889240945444,0.0234848256542488,0.0234848256542488
0.0188232680571332,0.0188232680571332,0,0,0.0236672872753976,0.0236672872753976,0.0236630945567754,0.0236630945567754
0.0189720112617205,0.0189720112617205,0,0,0.0238537505195333,0.0238537505195333,0.0238494577220764,0.0238494577220764
0.0191272342891092,0.0191272342891092,0,0,0.0240483785873205,0.0240483785873205,0.0240439796586576,0.0240439796586576
0.0192889893334267,0.0192889893334267,0,0,0.0242512390801067,0.0242512390801067,0.0242467277000245,0.0242467277000245
0.0194573304406677,0.0194573304406677,0,0,0.0244624023943972,0.0244624023943972,0.0244577719580596,0.0244577719580596
0.0196323135886238,0.0196323135886238,0,0,0.0246819416730815,0.0246819416730815,0.0246771852733952,0.0246771852733952
0.0198139967638712,0.0198139967638712,0,0,0.0249099327602821,0.0249099327602821,0.0249050431693572,0.0249050431693572
0.0200024400301283,0.0200024400301283,0,0,0.0251464541653143,0.0251464541653143,0.0251414238149668,0.0251414238149668
0.0201977055837283,0.0201977055837283,0,0,0.0253915870398473,0.0253915870398473,0.02538640800109,0.02538640800109
0.0203998577938236,0.0203998577938236,0,0,0.0256454151704991,0.0256454151704991,0.0256400791319627,0.0256400791319627
0.0206089632268742,0.0206089632268742,0,0,0.0259080249872093,0.0259080249872093,0.0259025232324389,0.0259025232324389
0.0208250906567368,0.0208250906567368,0,0,0.0261795055860215,0.0261795055860215,0.0261738289695834,0.0261738289695834
0.0210483110633335,0.0210483110633335,0,0,0.0264599487632605,0.0264599487632605,0.0264540876855981,0.0264540876855981
0.021278697623981,0.021278697623981,0,0,0.0267494490570333,0.0267494490570333,0.0267433934379992,0.0267433934379992
0.0215163257021484,0.0215163257021484,0,0,0.0270481037912986,0.0270481037912986,0.0270418430422919,0.0270418430422919
0.0217612728383975,0.0217612728383975,0,0,0.0273560131177859,0.0273560131177859,0.0273495361124134,0.0273495361124134
0.022013618747699,0.022013618747699,0,0,0.0276732800515742,0.0276732800515742,0.0276665750947509,0.0276665750947509
0.0222734453261368,0.0222734453261368,0,0,0.0280000104973187,0.0280000104973187,0.0279930652927182,0.0279930652927182
0.0225408366683759,0.0225408366683759,0,0,0.0283363132647216,0.0283363132647216,0.0283291148804779,0.0283291148804779
0.0228158790953213,0.0228158790953213,0,0,0.0286823000737405,0.0286823000737405,0.0286748349063027,0.0286748349063027
0.0230986611893897,0.0230986611893897,0,0,0.0290380855520306,0.0290380855520306,0.0290303392880622,0.0290303392880622
0.0233892738328972,0.0233892738328972,0,0,0.0294037872289863,0.0294037872289863,0.0293957448052013,0.0293957448052013
0.0236878102436082,0.0236878102436082,0,0,0.0297795255322123,0.0297795255322123,0.0297711710930333,0.0297711710930333
0.0239943660007232,0.0239943660007232,0,0,0.0301654237930142,0.0301654237930142,0.0301567406459379,0.0301567406459379
0.0243090390546302,0.0243090390546302,0,0,0.0305616082674819,0.0305616082674819,0.0305525788360324,0.0305525788360324
0.0246319297148664,0.0246319297148664,0,0,0.0309682081786536,0.0309682081786536,0.0309588139528036,0.0309588139528036
0.0249631406128839,0.0249631406128839,0,0,0.0313853557831551,0.0313853557831551,0.0313755772670898,0.0313755772670898
0.0253027766393168,0.0253027766393168,0,0,0.0318131864626756,0.0318131864626756,0.0318030031197724,0.0318030031197724
0.025650944859319,0.025650944859319,0,0,0.0322518388368264,0.0322518388368264,0.0322412290317139,0.0322412290317139
0.0260077544137152,0.0260077544137152,0,0,0.0327014548898172,0.0327014548898172,0.032690395827372,0.032690395827372
0.0263733164176749,0.0263733164176749,0,0,0.0331621800994444,0.0331621800994444,0.0331506477605697,0.0331506477605697
0.0267477438718372,0.0267477438718372,0,0,0.0336341635536765,0.0336341635536765,0.0336221326276931,0.0336221326276931
0.0271311516023889,0.0271311516023889,0,0,0.0341175580385014,0.0341175580385014,0.0341050018519629,0.0341050018519629
0.0275236562461871,0.0275236562461871,0,0,0.0346125200810279,0.0346125200810279,0.0345994105227529,0.0345994105227529
0.0279253762937727,0.0279253762937727,0,0,0.0351192099349583,0.0351192099349583,0.0351055173770497,0.0351055173770497
0.0283364321970023,0.0283364321970023,0,0,0.035637791501494,0.035637791501494,0.0356234847160962,0.0356234847160962
0.02875694653927,0.02875694653927,0,0,0.036168432187325,0.036168432187325,0.0361534782588513,0.0361534782588513
0.0291870442551679,0.0291870442551679,0,0,0.0367113027122966,0.0367113027122966,0.0366956669448487,0.0366956669448487
0.0296268528746292,0.0296268528746292,0,0,0.0372665768910153,0.0372665768910153,0.0372502227107124,0.0372502227107124
0.0300765027556266,0.0300765027556266,0,0,0.0378344314235642,0.0378344314235642,0.0378173202755075,0.0378173202755075
0.0305361272618822,0.0305361272618822,0,0,0.038415045738148,0.038415045738148,0.0383971369777598,0.0383971369777598
0.0310058628402533,0.0310058628402533,0,0,0.0390086019304215,0.0390086019304215,0.0389898527089266,0.0389898527089266
0.0314858489592541,0.0314858489592541,0,0,0.0396152848377382,0.0396152848377382,0.0395956499815823,0.0395956499815823
0.0319762278872825,0.0319762278872825,0,0,0.0402352822698169,0.0402352822698169,0.0402147141538401,0.0402147141538401
0.0324771443171419,0.0324771443171419,0,0,0.0408687853897173,0.0408687853897173,0.0408472338039099,0.0408472338039099
0.0329887448807375,0.0329887448807375,0,0,0.0415159892021351,0.0415159892021351,0.0414934012117831,0.0414934012117831
0.0335111776395516,0.0335111776395516,0,0,0.0421770930645593,0.0421770930645593,0.0421534128635218,0.0421534128635218
0.034044591674365,0.034044591674365,0,0,0.0428523010989848,0.0428523010989848,0.0428274698557404,0.0428274698557404
0.0345891369189694,0.0345891369189694,0,0,0.0435418223602924,0.0435418223602924,0.0435157780562283,0.0435157780562283
0.0351449643720861,0.0351449643720861,0,0,0.0442458706272152,0.0442458706272152,0.0442185478864528,0.0442185478864528
0.0357122267624257,0.0357122267624257,0,0,0.0449646637400517,0.0449646637400517,0.044935993649935,0.044935993649935
0.0362910796205166,0.0362910796205166,0,0,0.0456984225293661,0.0456984225293661,0.0456683324506626,0.0456683324506626
0.0368816825258631,0.0368816825258631,0,0,0.0464473695640146,0.0464473695640146,0.0464157829299931,0.0464157829299931
0.0374842000695137,0.0374842000695137,0,0,0.047211728175016,0.047211728175016,0.0471785642789686,0.0471785642789686
0.0380988018620741,0.0380988018620741,0,0,0.0479917224229026,0.0479917224229026,0.0479568961944343,0.0479568961944343
0.0387256608523465,0.0387256608523465,0,0,0.0487875787439693,0.0487875787439693,0.0487510005154141,0.0487510005154141
0.0393649495263774,0.0393649495263774,0,0,0.0495995297108839,0.0495995297108839,0.0495611049761298,0.0495611049761298
0.0400168345964796,0.0400168345964796,0,0,0.0504278193085776,0.0504278193085776,0.0503874484764462,0.0503874484764462
0.0406814731216717,0.0406814731216717,0,0,0.0512727067963616,0.0512727067963616,0.0512302849374986,0.0512302849374986
0.0413590174387216,0.0413590174387216,0,0,0.0521344617802891,0.0521344617802891,0.0520898783566401,0.0520898783566401
0.042049643965233,0.042049643965233,0,0,0.0530133354024853,0.0530133354024853,0.0529664739456015,0.0529664739456015
0.0427536334035207,0.0427536334035207,0,0,0.0539094800009141,0.0539094800009141,0.0538602176593463,0.0538602176593463
0.0434710593871627,0.0434710593871627,0,0,0.0548232607653351,0.0548232607653351,0.0547714682596389,0.0547714682596389
0.0442020817727837,0.0442020817727837,0,0,0.0557549619412494,0.0557549619412494,0.0557005031167278,0.0557005031167278
0.0449469960035407,0.0449469960035407,0,0,0.0567047369450976,0.0567047369450976,0.0566474682126023,0.0566474682126023
0.0457059186000238,0.0457059186000238,0,0,0.0576729234251936,0.0576729234251936,0.0576126936491388,0.0576126936491388
0.0464789872016867,0.0464789872016867,0,0,0.0586598434641353,0.0586598434641353,0.0585964935499472,0.0585964935499472
0.0472664380478187,0.0472664380478187,0,0,0.0596657257146052,0.0596657257146052,0.0595990880411704,0.0595990880411704
0.048068483707341,0.048068483707341,0,0,0.0606908275613679,0.0606908275613679,0.0606207255812926,0.0606207255812926
0.0488853055978263,0.0488853055978263,0,0,0.0617354424618739,0.0617354424618739,0.0616616903012459,0.0616616903012459
0.0497170755339077,0.0497170755339077,0,0,0.0627998783060707,0.0627998783060707,0.0627222803116316,0.0627222803116316
0.0505639727132799,0.0505639727132799,0,0,0.0638844403583237,0.0638844403583237,0.0638027905925996,0.0638027905925996
0.0514261889976059,0.0514261889976059,0,0,0.064989425888361,0.064989425888361,0.0649035075889013,0.0649035075889013
0.0523039258029037,0.0523039258029037,0,0,0.0661151271625355,0.0661151271625355,0.066024712179394,0.066024712179394
0.0531973879653954,0.0531973879653954,0,0,0.0672618374339239,0.0672618374339239,0.0671666856518629,0.0671666856518629
0.0541067785135613,0.0541067785135613,0,0,0.0684298560126996,0.0684298560126996,0.0683297147574909,0.0683297147574909
0.055032296080319,0.055032296080319,0,0,0.0696194906935609,0.0696194906935609,0.0695140941175228,0.0695140941175228
0.0559741349554938,0.0559741349554938,0,0,0.0708310575451111,0.0708310575451111,0.0707201259857794,0.0707201259857794
0.0569324868473283,0.0569324868473283,0,0,0.0720648789915852,0.0720648789915852,0.0719481182983023,0.0719481182983023
0.0579075431939777,0.0579075431939777,0,0,0.0733212813413126,0.0733212813413126,0.0731983821664387,0.0731983821664387
0.0588994970861246,0.0588994970861246,0,0,0.0746005926949264,0.0746005926949264,0.0744712297484013,0.0744712297484013
0.0599085442743524,0.0599085442743524,0,0,0.0759031417548017,0.0759031417548017,0.0757669730223149,0.0757669730223149
0.0609348831487055,0.0609348831487055,0,0,0.0772292576455592,0.0772292576455592,0.07708592357137,0.07708592357137
0.0619787138854607,0.0619787138854607,0,0,0.0785792705502347,0.0785792705502347,0.0784283931857172,0.0784283931857172
0.0630402371185518,0.0630402371185518,0,0,0.0799535128061472,0.0799535128061472,0.079794694924612,0.079794694924612
0.0641196525214605,0.0641196525214605,0,0,0.0813523200770662,0.0813523200770662,0.0811851442545663,0.0811851442545663
0.0652171576156943,0.0652171576156943,0,0,0.0827760322880805,0.0827760322880805,0.0826000599490097,0.0826000599490097
0.0663329469999595,0.0663329469999595,0,0,0.0842249941308194,0.0842249941308194,0.0840397645563538,0.0840397645563538
0.0674672120602321,0.0674672120602321,0,0,0.0856995550795834,0.0856995550795834,0.0855045843765254,0.0855045843765254
0.0686201411060098,0.0686201411060098,0,0,0.0872000689725998,0.0872000689725998,0.0869948490000176,0.0869948490000176
0.0697919197996852,0.0697919197996852,0,0,0.088726893289993,0.088726893289993,0.0885108905411836,0.0885108905411836
0.0709827317099197,0.0709827317099197,0,0,0.090280388295445,0.090280388295445,0.0900530427331135,0.0900530427331135
0.0721927588229246,0.0721927588229246,0,0,0.0918609162052756,0.0918609162052756,0.0916216400483296,0.0916216400483296
0.0734221818781302,0.0734221818781302,0,0,0.0934688405162428,0.0934688405162428,0.0932170169771422,0.0932170169771422
0.0746711804448877,0.0746711804448877,0,0,0.095104525573674,0.095104525573674,0.0948395075457595,0.0948395075457595
0.0759399327124951,0.0759399327124951,0,0,0.0967683364065014,0.0967683364065014,0.0964894451010836,0.0964894451010836
0.0772286150168675,0.0772286150168675,0,0,0.0984606388054238,0.0984606388054238,0.0981671623386112,0.0981671623386112
0.078537401166229,0.078537401166229,0,0,0.100181799581903,0.100181799581903,0.0998729915111691,0.0998729915111691
0.0798664616512862,0.0798664616512862,0,0,0.101932186923001,0.101932186923001,0.101607264733356,0.101607264733356
0.081215962832007,0.081215962832007,0,0,0.103712170750556,0.103712170750556,0.10337031428996,0.10337031428996
0.0825860661845255,0.0825860661845255,0,0,0.105522123001744,0.105522123001744,0.105162472865071,0.105162472865071
0.0839769276719372,0.0839769276719372,0,0,0.107362417767501,0.107362417767501,0.106984073628101,0.106984073628101
0.0853886972759434,0.0853886972759434,0,0,0.109233431251755,0.109233431251755,0.108835450139389,0.108835450139389
0.086821518697165,0.086821518697165,0,0,0.111135541543041,0.111135541543041,0.110716936066851,0.110716936066851
0.0882755292050044,0.0882755292050044,0,0,0.113069128216537,0.113069128216537,0.112628864731711,0.112628864731711
0.0897508595963085,0.0897508595963085,0,0,0.115034571805894,0.115034571805894,0.114571568522834,0.114571568522834
0.0912476342078093,0.0912476342078093,0,0,0.117032253198139,0.117032253198139,0.116545378233244,0.116545378233244
0.0927659709221196,0.0927659709221196,0,0,0.119062553010101,0.119062553010101,0.11855062237771,0.11855062237771
0.0943059811096864,0.0943059811096864,0,0,0.121125851002205,0.121125851002205,0.12058762654775,0.12058762654775
0.0958677694592029,0.0958677694592029,0,0,0.12322252557557,0.12322252557557,0.122656712850568,0.122656712850568
0.0974514336642041,0.0974514336642041,0,0,0.125352953383382,0.125352953383382,0.124758199463467,0.124758199463467
0.0990570639515128,0.0990570639515128,0,0,0.127517509069943,0.127517509069943,0.126892400317677,0.126892400317677
0.10068474245573,0.10068474245573,0,0,0.129716565132616,0.129716565132616,0.129059624907286,0.129059624907286
0.102334542460357,0.102334542460357,0,0,0.131950491885775,0.131950491885775,0.131260178202765,0.131260178202765
0.104006527538867,0.104006527538867,0,0,0.134219657493435,0.134219657493435,0.133494360636031,0.133494360636031
0.105700750636815,0.105700750636815,0,0,0.136524428029565,0.136524428029565,0.135762468116258,0.135762468116258
0.107417253137932,0.107417253137932,0,0,0.138865167523308,0.138865167523308,0.138064792033749,0.138064792033749
0.109156063953744,0.109156063953744,0,0,0.141242237949686,0.141242237949686,0.140401619212581,0.140401619212581
0.110917198667878,0.110917198667878,0,0,0.143655999134602,0.143655999134602,0.142773231780898,0.142773231780898
0.112700658754076,0.112700658754076,0,0,0.14610680855493,0.14610680855493,0.145179906939841,0.145179906939841
0.114506430872948,0.114506430872948,0,0,0.148595021028337,0.148595021028337,0.147621916626015,0.147621916626015
0.116334486237905,0.116334486237905,0,0,0.151120988301865,0.151120988301865,0.150099527076977,0.150099527076977
0.118184780027423,0.118184780027423,0,0,0.153685058561608,0.153685058561608,0.152612998322667,0.152612998322667
0.120057250810192,0.120057250810192,0,0,0.156287575896391,0.156287575896391,0.155162583636527,0.155162583636527
0.121951879022389,0.121951879022389,0,0,0.15892880827884,0.15892880827884,0.157748456899311,0.157748456899311
0.123868476277587,0.123868476277587,0,0,0.16160920592909,0.16160920592909,0.160370973071659,0.160370973071659
0.125807022424911,0.125807022424911,0,0,0.164328989889767,0.164328989889767,0.163030253322033,0.163030253322033
0.127767379243129,0.127767379243129,0,0,0.167088486132468,0.167088486132468,0.165726522164667,0.165726522164667
0.12974939045598,0.12974939045598,0,0,0.16988801168517,0.16988801168517,0.168459992541872,0.168459992541872
0.131752886724048,0.131752886724048,0,0,0.172727868297089,0.172727868297089,0.171230859443633,0.171230859443633
0.13377768565464,0.13377768565464,0,0,0.175608341043784,0.175608341043784,0.174039298534383,0.174039298534383
0.135823588860179,0.135823588860179,0,0,0.178529699846471,0.178529699846471,0.176885467746272,0.176885467746272
0.137890377931618,0.137890377931618,0,0,0.181492202041439,0.181492202041439,0.179769509956641,0.179769509956641
0.139977810702274,0.139977810702274,0,0,0.184496094626309,0.184496094626309,0.18269155535977,0.18269155535977
0.142085618564377,0.142085618564377,0,0,0.187541615423184,0.187541615423184,0.185651722761151,0.185651722761151
0.144213505035737,0.144213505035737,0,0,0.190628992963685,0.190628992963685,0.188650119593826,0.188650119593826
0.146361145364684,0.146361145364684,0,0,0.193758445310467,0.193758445310467,0.19168684087182,0.19168684087182
0.148528186748399,0.148528186748399,0,0,0.196930178243348,0.196930178243348,0.194761967513591,0.194761967513591
0.150714248706849,0.150714248706849,0,0,0.200144383271874,0.200144383271874,0.197875564504235,0.197875564504235
0.152918923251866,0.152918923251866,0,0,0.20340123583962,0.20340123583962,0.201027679268694,0.201027679268694
0.155141774653358,0.155141774653358,0,0,0.206700893923972,0.206700893923972,0.20421834046508,0.20421834046508
0.157382338772112,0.157382338772112,0,0,0.210043497068353,0.210043497068353,0.20744755723809,0.20744755723809
0.159640122056875,0.159640122056875,0,0,0.21342916575633,0.21342916575633,0.210715318842555,0.210715318842555
0.16191460036934,0.16191460036934,0,0,0.216858000971697,0.216858000971697,0.214021594479998,0.214021594479998
0.164205217803635,0.164205217803635,0,0,0.220330083786495,0.220330083786495,0.217366333188165,0.217366333188165
0.166511385621233,0.166511385621233,0,0,0.223845474865518,0.223845474865518,0.22074946367022,0.22074946367022
0.16883248135273,0.16883248135273,0,0,0.227404213846704,0.227404213846704,0.224170894022024,0.224170894022024
0.171167848050102,0.171167848050102,0,0,0.2310063186262,0.2310063186262,0.2276305113866,0.2276305113866
0.173516793627764,0.173516793627764,0,0,0.234651784623853,0.234651784623853,0.23112818161289,0.23112818161289
0.175878590218767,0.175878590218767,0,0,0.238340584118656,0.238340584118656,0.234663749010176,0.234663749010176
0.178252473494584,0.178252473494584,0,0,0.242072665723017,0.242072665723017,0.2382370362686,0.2382370362686
0.180637641943118,0.180637641943118,0,0,0.245847954019798,0.245847954019798,0.241847844570174,0.241847844570174
0.183033256154331,0.183033256154331,0,0,0.249666349332,0.249666349332,0.245495953858946,0.245495953858946
0.185438438208769,0.185438438208769,0,0,0.253527727549645,0.253527727549645,0.249181123191805,0.249181123191805
0.187852271286463,0.187852271286463,0,0,0.257431939916394,0.257431939916394,0.252903091067908,0.252903091067908
0.190273799604504,0.190273799604504,0,0,0.261378812688003,0.261378812688003,0.256661575643433,0.256661575643433
0.192702028751392,0.192702028751392,0,0,0.265368146615488,0.265368146615488,0.260456274779313,0.260456274779313
0.195135926424361,0.195135926424361,0,0,0.269399716268877,0.269399716268877,0.264286865933733,0.264286865933733
0.197574423507133,0.197574423507133,0,0,0.273473269287701,0.273473269287701,0.268153005983244,0.268153005983244
0.200016415368013,0.200016415368013,0,0,0.277588525703965,0.277588525703965,0.272054331117948,0.272054331117948
0.202460763227726,0.202460763227726,0,0,0.281745177515868,0.281745177515868,0.275990456990283,0.275990456990283
0.204906295453109,0.204906295453109,0,0,0.285942888685784,0.285942888685784,0.279960979292744,0.279960979292744
0.20735180867815,0.20735180867815,0,0,0.290181295691686,0.290181295691686,0.28396547489467,0.28396547489467
0.20979606873046,0.20979606873046,0,0,0.294460008684869,0.294460008684869,0.288003503589488,0.288003503589488
0.212237811432694,0.212237811432694,0,0,0.298778613214138,0.298778613214138,0.292074610407434,0.292074610407434
0.214675743434778,0.214675743434778,0,0,0.303136672387941,0.303136672387941,0.296178328355837,0.296178328355837
0.21710854329252,0.21710854329252,0,0,0.307533729282777,0.307533729282777,0.300314181381737,0.300314181381737
0.219534863026037,0.219534863026037,0,0,0.311969309384251,0.311969309384251,0.304481687326777,0.304481687326777
0.221953330359244,0.221953330359244,0,0,0.316442922875156,0.316442922875156,0.308680360671278,0.308680360671278
0.224362551763821,0.224362551763821,0,0,0.320954066659033,0.320954066659033,0.312909714939725,0.312909714939725
0.226761116321509,0.226761116321509,0,0,0.325502226114026,0.325502226114026,0.317169264749877,0.317169264749877
0.229147600300131,0.229147600300131,0,0,0.330086876688115,0.330086876688115,0.32145852760903,0.32145852760903
0.231520572237164,0.231520572237164,0,0,0.334707485546516,0.334707485546516,0.325777025666394,0.325777025666394
0.233878598263488,0.233878598263488,0,0,0.339363513541591,0.339363513541591,0.330124287695016,0.330124287695016
0.236220247394574,0.236220247394574,0,0,0.3440544177786,0.3440544177786,0.334499851582633,0.334499851582633
0.238544096570467,0.238544096570467,0,0,0.348779654993033,0.348779654993033,0.338903267553356,0.338903267553356
0.240848735329677,0.240848735329677,0,0,0.353538685846108,0.353538685846108,0.343334102229948,0.343334102229948
0.243132770134222,0.243132770134222,0,0,0.35833098010571,0.35833098010571,0.347791943501571,0.347791943501571
0.245394828494932,0.245394828494932,0,0,0.363156022539317,0.363156022539317,0.352276406014132,0.352276406014132
0.247633563147976,0.247633563147976,0,0,0.368013319233903,0.368013319233903,0.356787136981877,0.356787136981877
0.249847656581464,0.249847656581464,0,0,0.37290240400012,0.37290240400012,0.361323821956374,0.361323821956374
0.25203582619153,0.25203582619153,0,0,0.377822844529135,0.377822844529135,0.36588619019853,0.36588619019853
0.25419683026163,0.25419683026163,0,0,0.382774248049836,0.382774248049836,0.37047401938146,0.37047401938146
0.256329474821772,0.256329474821772,0,0,0.387756266368054,0.387756266368054,0.375087139493063,0.375087139493063
0.258432621282798,0.258432621282798,0,0,0.392768600331182,0.392768600331182,0.379725435979283,0.379725435979283
0.260505194591852,0.260505194591852,0,0,0.39781100391404,0.39781100391404,0.384388852333207,0.384388852333207
0.262546191574355,0.262546191574355,0,0,0.402883288207893,0.402883288207893,0.38907739243021,0.38907739243021
0.264554693697307,0.264554693697307,0,0,0.407985320713855,0.407985320713855,0.393791117715687,0.393791117715687
0,0,0,0,0,0,0,0
