-1.67682384321913e-22,-1.67682384321913e-22,0,0,-3.4124260599258e-22,-3.4124260599258e-22,-3.4124260599258e-22,-3.4124260599258e-22
0.00941327677476064,0.00941327677476064,0,0,0.013507533852471,0.013507533852471,0.0135069354070909,0.0135069354070909
0.0188173760779197,0.0188173760779197,0,0,0.0270084410265846,0.0270084410265846,0.027003659409052,0.027003659409052
0.0282031280991981,0.0282031280991981,0,0,0.0405007600517558,0.0405007600517558,0.0404846536343283,0.0404846536343283
0.037561377642024,0.037561377642024,0,0,0.0539824858839496,0.0539824858839496,0.0539444095744689,0.0539444095744689
0.0468829905177099,0.0468829905177099,0,0,0.0674515537334098,0.0674515537334098,0.0673774375539163,0.0673774375539163
0.0561588595357144,0.0561588595357144,0,0,0.0809058223760013,0.0809058223760013,0.0807782748036952,0.0807782748036952
0.0653799103403953,0.0653799103403953,0,0,0.0943430572951096,0.0943430572951096,0.0941414928693482,0.0941414928693482
0.0745371073029102,0.0745371073029102,0,0,0.107760914034212,0.107760914034212,0.107461704616028,0.107461704616028
0.0836214596016028,0.0836214596016028,0,0,0.121156922083358,0.121156922083358,0.120733571034281,0.120733571034281
0.0926240275584048,0.0926240275584048,0,0,0.134528469548948,0.134528469548948,0.133951807972962,0.133951807972962
0.101535929254304,0.101535929254304,0,0,0.147872788794814,0.147872788794814,0.147111192861223,0.147111192861223
0.110348347422458,0.110348347422458,0,0,0.16118694320057,0.16118694320057,0.160206571436766,0.160206571436766
0.119052536606408,0.119052536606408,0,0,0.174467815158174,0.174467815158174,0.173232864470562,0.173232864470562
0.12763983062516,0.12763983062516,0,0,0.187712095443327,0.187712095443327,0.186185074491185,0.186185074491185
0.136101650277365,0.136101650277365,0,0,0.200916274047717,0.200916274047717,0.199058292462564,0.199058292462564
0.144429511269569,0.144429511269569,0,0,0.214076632577519,0.214076632577519,0.211847704388657,0.211847704388657
0.152615032526889,0.152615032526889,0,0,0.227189238402775,0.227189238402775,0.224548597892741,0.224548597892741
0.160649944687292,0.160649944687292,0,0,0.240249940584976,0.240249940584976,0.237156368674465,0.237156368674465
0.168526098785379,0.168526098785379,0,0,0.253254367691654,0.253254367691654,0.2496665268301,0.2496665268301
0.176235475343729,0.176235475343729,0,0,0.266197927699046,0.266197927699046,0.262074703107901,0.262074703107901
0.183770193701954,0.183770193701954,0,0,0.279075810011633,0.279075810011633,0.274376655019823,0.274376655019823
0.191122521527934,0.191122521527934,0,0,0.291882989672066,0.291882989672066,0.286568272783515,0.286568272783515
0.198284884566822,0.198284884566822,0,0,0.304614233870856,0.304614233870856,0.29864558511023,0.29864558511023
0.205249876595446,0.205249876595446,0,0,0.317264110809793,0.317264110809793,0.31060476481652,0.31060476481652
0.212010269546879,0.212010269546879,0,0,0.329827000957087,0.329827000957087,0.322442134238464,0.322442134238464
0.218559023766828,0.218559023766828,0,0,0.342297110713291,0.342297110713291,0.334154170427604,0.334154170427604
0.224889298359739,0.224889298359739,0,0,0.354668488485326,0.354668488485326,0.345737510107634,0.345737510107634
0.230994461578876,0.230994461578876,0,0,0.366935043141989,0.366935043141989,0.357188954370803,0.357188954370803
0.236868101210784,0.236868101210784,0,0,0.379090564798212,0.379090564798212,0.368505473092714,0.368505473092714
0.24250403490116,0.24250403490116,0,0,0.39112874784767,0.39112874784767,0.37968420904411,0.37968420904411
0.247896320365839,0.247896320365839,0,0,0.403043216134553,0.403043216134553,0.390722481678323,0.390722481678323
0.253039265428005,0.253039265428005,0,0,0.414827550125774,0.414827550125774,0.401617790573406,0.401617790573406
0.257927437820478,0.257927437820478,0,0,0.426475315915137,0.426475315915137,0.412367818508431,0.412367818508431
0.262555674690209,0.262555674690209,0,0,0.437980095861698,0.437980095861698,0.422970434154372,0.422970434154372
0.266919091741266,0.266919091741266,0,0,0.449335520636083,0.449335520636083,0.433423694360919,0.433423694360919
0.27101309195212,0.27101309195212,0,0,0.460535302421686,0.460535302421686,0.443725846021877,0.443725846021877
0.274833373803562,0.274833373803562,0,0,0.471573268993025,0.471573268993025,0.453875327503312,0.453875327503312
0.278375938954678,0.278375938954678,0,0,0.482443398371711,0.482443398371711,0.463870769620284,0.463870769620284
0.281637099306357,0.281637099306357,0,0,0.493139853742205,0.493139853742205,0.473710996150005,0.473710996150005
0.284613483394598,0.284613483394598,0,0,0.503657018295136,0.503657018295136,0.48339502387132,0.48339502387132
0.287302042059483,0.287302042059483,0,0,0.513989529656391,0.513989529656391,0.492922062122887,0.492922062122887
0.289700053340104,0.289700053340104,0,0,0.524132313555279,0.524132313555279,0.502291511874862,0.502291511874862
0.291805126550618,0.291805126550618,0,0,0.534080616385593,0.534080616385593,0.511502964311547,0.511502964311547
0.293615205498121,0.293615205498121,0,0,0.543830036319094,0.543830036319094,0.520556198925042,0.520556198925042
0.295128570808377,0.295128570808377,0,0,0.553376552641827,0.553376552641827,0.529451181122355,0.529451181122355
0.296343841330761,0.296343841330761,0,0,0.562716552999512,0.562716552999512,0.538188059350466,0.538188059350466
0.297259974598308,0.297259974598308,0,0,0.571846858258611,0.571846858258611,0.546767161745482,0.546767161745482
0.297876266322544,0.297876266322544,0,0,0.580764744714188,0.580764744714188,0.555188992313081,0.555188992313081
0.298192349076679,0.298192349076679,0,0,0.589467963500977,0.589467963500977,0.563454226711146,0.563454226711146
0.29820818996602,0.29820818996602,0,0,0.597954756903673,0.597954756903673,0.571563707581351,0.571563707581351
0.297924087137675,0.297924087137675,0,0,0.606223871321249,0.606223871321249,0.579518439394981,0.579518439394981
0.297340665739481,0.297340665739481,0,0,0.614274567083939,0.614274567083939,0.587319583032731,0.587319583032731
0.296458873005553,0.296458873005553,0,0,0.622106624861047,0.622106624861047,0.594968450000591,0.594968450000591
0.295279972146428,0.295279972146428,0,0,0.629720348442083,0.629720348442083,0.602466496194835,0.602466496194835
0.2938055356677,0.2938055356677,0,0,0.637116564210575,0.637116564210575,0.609815315433256,0.609815315433256
0.292037438165616,0.292037438165616,0,0,0.644296617361041,0.644296617361041,0.617016632775117,0.617016632775117
0.289977848248752,0.289977848248752,0,0,0.651262364747128,0.651262364747128,0.624072297536651,0.624072297536651
0.287629219654047,0.287629219654047,0,0,0.658016164501761,0.658016164501761,0.630984276041417,0.630984276041417
0.284994282034955,0.284994282034955,0,0,0.664560862802992,0.664560862802992,0.637754644258782,0.637754644258782
0.28207603134073,0.28207603134073,0,0,0.670899777899228,0.670899777899228,0.644385580310429,0.644385580310429
0.278877719657497,0.278877719657497,0,0,0.6770366815174,0.6770366815174,0.650879356819848,0.650879356819848
0.275402844734242,0.275402844734242,0,0,0.682975777976157,0.682975777976157,0.657238333183797,0.657238333183797
0.271655139259652,0.271655139259652,0,0,0.688721681258058,0.688721681258058,0.663464947792611,0.663464947792611
0.267638559957758,0.267638559957758,0,0,0.694279390307168,0.694279390307168,0.669561710226051,0.669561710226051
0.263357276570594,0.263357276570594,0,0,0.699654262825535,0.699654262825535,0.675531193450568,0.675531193450568
0.258815660794445,0.258815660794445,0,0,0.704851987843844,0.704851987843844,0.681376026042464,0.681376026042464
0.25401827523361,0.25401827523361,0,0,0.709878557338766,0.709878557338766,0.687098884459666,0.687098884459666
0.248969862572539,0.248969862572539,0,0,0.714740237228801,0.714740237228801,0.692702485422282,0.692702485422282
0.243675334842272,0.243675334842272,0,0,0.719443537921628,0.719443537921628,0.698189578375336,0.698189578375336
0.23813976271251,0.23813976271251,0,0,0.723995184602799,0.723995184602799,0.703562938020475,0.703562938020475
0.23236836537876,0.23236836537876,0,0,0.728402087721685,0.728402087721685,0.708825357064236,0.708825357064236
0.226366500786893,0.226366500786893,0,0,0.732671313741812,0.732671313741812,0.713979639117622,0.713979639117622
0.220139655943375,0.220139655943375,0,0,0.736810056223696,0.736810056223696,0.719028591690657,0.719028591690657
0.213693437857255,0.213693437857255,0,0,0.740825607624944,0.740825607624944,0.723975019417619,0.723975019417619
0.207033565021835,0.207033565021835,0,0,0.744725331900242,0.744725331900242,0.728821717486325,0.728821717486325
0.200165859291648,0.200165859291648,0,0,0.748516637954904,0.748516637954904,0.733571465240081,0.733571465240081
0.193096238307662,0.193096238307662,0,0,0.752206954107319,0.752206954107319,0.738227019990742,0.738227019990742
0.185830708488004,0.185830708488004,0,0,0.75580370363558,0.75580370363558,0.742791111045497,0.742791111045497
0.178375358598078,0.178375358598078,0,0,0.759314281463174,0.759314281463174,0.74726643394903,0.74726643394903
0.170736353911031,0.170736353911031,0,0,0.762746032019546,0.762746032019546,0.751655644942129,0.751655644942129
0.162919930966908,0.162919930966908,0,0,0.766106228293256,0.766106228293256,0.755961355637052,0.755961355637052
0.154932392936708,0.154932392936708,0,0,0.769402052078857,0.769402052078857,0.760186127909656,0.760186127909656
0.146780105596072,0.146780105596072,0,0,0.772640575403303,0.772640575403303,0.764332469007735,0.764332469007735
0.138469493912841,0.138469493912841,0,0,0.775828743103998,0.775828743103998,0.768402826874878,0.768402826874878
0.130007039253256,0.130007039253256,0,0,0.778973356518168,0.778973356518168,0.772399585688726,0.772399585688726
0.12139927721278,0.12139927721278,0,0,0.782081058231956,0.782081058231956,0.776325061612132,0.776325061612132
0.112652796079134,0.112652796079134,0,0,0.785158317827089,0.785158317827089,0.780181498754692,0.780181498754692
0.103774235935996,0.103774235935996,0,0,0.788211418553006,0.788211418553006,0.783971065340782,0.783971065340782
0.0947702884146234,0.0947702884146234,0,0,0.791246444842544,0.791246444842544,0.787695850078024,0.787695850078024
0.0856476970956561,0.0856476970956561,0,0,0.794269270580239,0.794269270580239,0.791357858717793,0.791357858717793
0.0764132585522917,0.0764132585522917,0,0,0.797285548024527,0.797285548024527,0.794959010797268,0.794959010797268
0.067073824007237,0.067073824007237,0,0,0.800300697280281,0.800300697280281,0.798501136552107,0.798501136552107
0.0576363015479726,0.0576363015479726,0,0,0.803319896218334,0.803319896218334,0.801985973991627,0.801985973991627
0.0481076588096401,0.0481076588096401,0,0,0.806348070746356,0.806348070746356,0.805415166136066,0.805415166136066
0.0384949259982443,0.0384949259982443,0,0,0.80938988535143,0.80938988535143,0.808790258428172,0.808790258428172
0.0288051991042182,0.0288051991042182,0,0,0.812449733855641,0.812449733855641,0.812112696344935,0.812112696344935
0.0190456431786273,0.0190456431786273,0,0,0.815531730337279,0.815531730337279,0.815383823235729,0.815383823235729
0.00922349566820533,0.00922349566820533,0,0,0.818639700135777,0.818639700135777,0.818604878367292,0.818604878367292
-0.000653929869363934,-0.000653929869363934,0,0,0.821777170700016,0.821777170700016,0.821776994994089,0.821776994994089
-0.0105792386549535,-0.0105792386549535,0,0,0.824947361605762,0.824947361605762,0.824901197862133,0.824901197862133
-0.0205449375446368,-0.0205449375446368,0,0,0.828153173474558,0.828153173474558,0.827978400189513,0.827978400189513
-0.030543436292033,-0.030543436292033,0,0,0.831397179982557,0.831397179982557,0.831009404291971,0.831009404291971
-0.0405670486018345,-0.0405670486018345,0,0,0.834681620495983,0.834681620495983,0.833994902988768,0.833994902988768
-0.0506079761347329,-0.0506079761347329,0,0,0.838008387599446,0.838008387599446,0.836935476802648,0.836935476802648
-0.0606583063066734,-0.0606583063066734,0,0,0.841379004451214,0.841379004451214,0.839831581380767,0.839831581380767
-0.0707100056089363,-0.0707100056089363,0,0,0.844794622285775,0.844794622285775,0.842683555717187,0.842683555717187
-0.0807549108881562,-0.0807549108881562,0,0,0.848256016864399,0.848256016864399,0.845491630073443,0.845491630073443
-0.0907847080863591,-0.0907847080863591,0,0,0.851763560979838,0.851763560979838,0.848255911719724,0.848255911719724
-0.100790953847384,-0.100790953847384,0,0,0.855317216802464,0.855317216802464,0.850976388201534,0.850976388201534
-0.110765052035936,-0.110765052035936,0,0,0.85891652307252,0.85891652307252,0.853652928846275,0.853652928846275
-0.120698234217259,-0.120698234217259,0,0,0.862560578361377,0.862560578361377,0.856285283411187,0.856285283411187
-0.130581576224921,-0.130581576224921,0,0,0.866248031735848,0.866248031735848,0.858873085229812,0.858873085229812
-0.1404059710014,-0.1404059710014,0,0,0.869977065283425,0.869977065283425,0.861415850793841,0.861415850793841
-0.150162124960253,-0.150162124960253,0,0,0.873745378912689,0.873745378912689,0.863912979996833,0.863912979996833
-0.15984054979503,-0.15984054979503,0,0,0.877550174073612,0.877550174073612,0.866363756051816,0.866363756051816
-0.169431563491959,-0.169431563491959,0,0,0.881388138419667,0.881388138419667,0.86876734520158,0.86876734520158
-0.178925277264582,-0.178925277264582,0,0,0.885255432978111,0.885255432978111,0.871122800698663,0.871122800698663
-0.188311584769057,-0.188311584769057,0,0,0.889147679193751,0.889147679193751,0.873429066426202,0.873429066426202
-0.197580165093601,-0.197580165093601,0,0,0.893059944430138,0.893059944430138,0.875684976418161,0.875684976418161
-0.206720475316561,-0.206720475316561,0,0,0.896986727483213,0.896986727483213,0.877889255206268,0.877889255206268
-0.21572174158259,-0.21572174158259,0,0,0.900921945867079,0.900921945867079,0.880040519397266,0.880040519397266
-0.224572946103876,-0.224572946103876,0,0,0.90485892524895,0.90485892524895,0.882137281174644,0.882137281174644
-0.233262843680019,-0.233262843680019,0,0,0.908790414013743,0.908790414013743,0.884177968949931,0.884177968949931
-0.241779946455002,-0.241779946455002,0,0,0.912708565006016,0.912708565006016,0.88616091986141,0.88616091986141
-0.250112512400643,-0.250112512400643,0,0,0.916604915325717,0.916604915325717,0.888084368012174,0.888084368012174
-0.25824856556689,-0.25824856556689,0,0,0.920470404825531,0.920470404825531,0.889946460605982,0.889946460605982
-0.266175898342906,-0.266175898342906,0,0,0.924295408197825,0.924295408197825,0.891745287120067,0.891745287120067
-0.27388204579884,-0.27388204579884,0,0,0.928069732166277,0.928069732166277,0.893478877826661,0.893478877826661
-0.281354318371574,-0.281354318371574,0,0,0.931782613670162,0.931782613670162,0.895145185479555,0.895145185479555
-0.288579782871001,-0.288579782871001,0,0,0.935422777969035,0.935422777969035,0.896742132404825,0.896742132404825
-0.295545280121809,-0.295545280121809,0,0,0.938978446855802,0.938978446855802,0.898267595359327,0.898267595359327
-0.30223744298242,-0.30223744298242,0,0,0.942437372773724,0.942437372773724,0.899719409166084,0.899719409166084
-0.308642702514443,-0.308642702514443,0,0,0.945786875296786,0.945786875296786,0.901095369605385,0.901095369605385
-0.314747267166115,-0.314747267166115,0,0,0.949013952053687,0.949013952053687,0.902393308880141,0.902393308880141
-0.320537175821067,-0.320537175821067,0,0,0.952105280929771,0.952105280929771,0.903611039596176,0.903611039596176
-0.325998328220141,-0.325998328220141,0,0,0.955047308235108,0.955047308235108,0.90474637926746,0.90474637926746
-0.331116434163226,-0.331116434163226,0,0,0.957826354218014,0.957826354218014,0.905797208755901,0.905797208755901
-0.335877063400343,-0.335877063400343,0,0,0.960428697166195,0.960428697166195,0.90676147347574,0.90676147347574
-0.340265707018302,-0.340265707018302,0,0,0.962840629000869,0.962840629000869,0.907637145934917,0.907637145934917
-0.344267775794016,-0.344267775794016,0,0,0.965048586549294,0.965048586549294,0.90842227246293,0.90842227246293
-0.347868607950731,-0.347868607950731,0,0,0.967039294620729,0.967039294620729,0.909115022045962,0.909115022045962
-0.351055892938992,-0.351055892938992,0,0,0.968804455610588,0.968804455610588,0.909717193818957,0.909717193818957
-0.353824724327182,-0.353824724327182,0,0,0.970336196540364,0.970336196540364,0.910228095612358,0.910228095612358
-0.356175387537553,-0.356175387537553,0,0,0.971628388626277,0.971628388626277,0.910646355738513,0.910646355738513
-0.358108266497371,-0.358108266497371,0,0,0.972675862702259,0.972675862702259,0.910970821035631,0.910970821035631
-0.359623846751194,-0.359623846751194,0,0,0.97347442867248,0.97347442867248,0.91120055548669,0.91120055548669
-0.360722726307646,-0.360722726307646,0,0,0.9740208757235,0.9740208757235,0.911334822105571,0.911334822105571
-0.361405610529566,-0.361405610529566,0,0,0.974312989998048,0.974312989998048,0.911373090788115,0.911373090788115
-0.361673319772351,-0.361673319772351,0,0,0.9743495596889,0.9743495596889,0.911315034346221,0.911315034346221
-0.361526799976781,-0.361526799976781,0,0,0.974130336217043,0.974130336217043,0.911160486861067,0.911160486861067
-0.360967090421854,-0.360967090421854,0,0,0.973656086692852,0.973656086692852,0.910909506651404,0.910909506651404
-0.359995337218214,-0.359995337218214,0,0,0.972928567033788,0.972928567033788,0.91056235365349,0.91056235365349
-0.358612817482082,-0.358612817482082,0,0,0.97195048355458,0.97195048355458,0.910119456713058,0.910119456713058
-0.356820905599582,-0.356820905599582,0,0,0.97072549514121,0.97072549514121,0.909581442944881,0.909581442944881
-0.354621065566775,-0.354621065566775,0,0,0.969258206764817,0.969258206764817,0.908949153914659,0.908949153914659
-0.352014857217992,-0.352014857217992,0,0,0.96755410616953,0.96755410616953,0.90822360752175,0.90822360752175
-0.34900392849257,-0.34900392849257,0,0,0.965619531707495,0.965619531707495,0.907405997103829,0.907405997103829
-0.345590071550381,-0.345590071550381,0,0,0.963461720466272,0.963461720466272,0.906497748170376,0.906497748170376
-0.341778151397778,-0.341778151397778,0,0,0.961091749482109,0.961091749482109,0.905502380389077,0.905502380389077
-0.337579315221909,-0.337579315221909,0,0,0.958522282886083,0.958522282886083,0.904422489409812,0.904422489409812
-0.333008014173566,-0.333008014173566,0,0,0.955766521264784,0.955766521264784,0.90325989990343,0.90325989990343
-0.328078623286132,-0.328078623286132,0,0,0.952837842354463,0.952837842354463,0.902016526287024,0.902016526287024
-0.322805407377398,-0.322805407377398,0,0,0.949749690868753,0.949749690868753,0.900694356215177,0.900694356215177
-0.317202508430696,-0.317202508430696,0,0,0.946515481419131,0.946515481419131,0.899295433032418,0.899295433032418
-0.311283918469501,-0.311283918469501,0,0,0.943148505643256,0.943148505643256,0.897821839733359,0.897821839733359
-0.305063462283296,-0.305063462283296,0,0,0.939661851327212,0.939661851327212,0.896275684118801,0.896275684118801
-0.298554782278699,-0.298554782278699,0,0,0.936068330783988,0.936068330783988,0.894659085070208,0.894659085070208
-0.291771325161893,-0.291771325161893,0,0,0.93238041808605,0.93238041808605,0.892974159807111,0.892974159807111
-0.284726330309387,-0.284726330309387,0,0,0.928610194726376,0.928610194726376,0.891223012009354,0.891223012009354
-0.277432819749319,-0.277432819749319,0,0,0.924769303264254,0.924769303264254,0.889407720722495,0.889407720722495
-0.269903589724524,-0.269903589724524,0,0,0.920868908502121,0.920868908502121,0.887530330001605,0.887530330001605
-0.262151209045967,-0.262151209045967,0,0,0.916919667022038,0.916919667022038,0.885592839290037,0.885592839290037
-0.254188005700193,-0.254188005700193,0,0,0.912931700168712,0.912931700168712,0.883597194816794,0.883597194816794
-0.2460260683262,-0.2460260683262,0,0,0.90891457624374,0.90891457624374,0.881545281413552,0.881545281413552
-0.237677248861959,-0.237677248861959,0,0,0.904877297914635,0.904877297914635,0.879438915091555,0.879438915091555
-0.229153154117103,-0.229153154117103,0,0,0.900828291993687,0.900828291993687,0.877279836612149,0.877279836612149
-0.220465146511062,-0.220465146511062,0,0,0.89677540538637,0.89677540538637,0.875069705518359,0.875069705518359
-0.211624348501051,-0.211624348501051,0,0,0.892725905174685,0.892725905174685,0.872810094629668,0.872810094629668
-0.202641647956349,-0.202641647956349,0,0,0.888686481900203,0.888686481900203,0.870502485189589,0.870502485189589
-0.193527697162746,-0.193527697162746,0,0,0.884663254454911,0.884663254454911,0.868148262772919,0.868148262772919
-0.184292917378235,-0.184292917378235,0,0,0.880661778324036,0.880661778324036,0.865748713679825,0.865748713679825
-0.174947503951432,-0.174947503951432,0,0,0.876687055691492,0.876687055691492,0.863305021774546,0.863305021774546
-0.165501431905554,-0.165501431905554,0,0,0.872743547045687,0.872743547045687,0.860818265745565,0.860818265745565
-0.155964461944175,-0.155964461944175,0,0,0.868835183967622,0.868835183967622,0.858289416765434,0.858289416765434
-0.146346146845342,-0.146346146845342,0,0,0.864965382812716,0.864965382812716,0.855719336525525,0.855719336525525
-0.136655838204793,-0.136655838204793,0,0,0.861137059024613,0.861137059024613,0.853108775618808,0.853108775618808
-0.126902693480286,-0.126902693480286,0,0,0.857352641847019,0.857352641847019,0.850458372243448,0.850458372243448
-0.117095683282198,-0.117095683282198,0,0,0.853614089228596,0.853614089228596,0.847768651201314,0.847768651201314
-0.10724359885234,-0.10724359885234,0,0,0.849922902745238,0.849922902745238,0.845040023167746,0.845040023167746
-0.0973550596726819,-0.0973550596726819,0,0,0.846280142392541,0.846280142392541,0.842272784211466,0.842272784211466
-0.087438521147847,-0.087438521147847,0,0,0.84268644112802,0.84268644112802,0.839467115545911,0.839467115545911
-0.0775022823086721,-0.0775022823086721,0,0,0.839142019067498,0.839142019067498,0.836623083495518,0.836623083495518
-0.0675544934881458,-0.0675544934881458,0,0,0.835646697262542,0.835646697262542,0.833740639662279,0.833740639662279
-0.0576031639250972,-0.0576031639250972,0,0,0.832199911006224,0.832199911006224,0.830819621279599,0.830819621279599
-0.0476561692548933,-0.0476561692548933,0,0,0.828800722632808,0.828800722632808,0.827859751741886,0.827859751741886
-0.037721258849707,-0.037721258849707,0,0,0.825447833793447,0.825447833793447,0.824860641299761,0.824860641299761
-0.0278060629739147,-0.0278060629739147,0,0,0.822139597204862,0.822139597204862,0.821821787912114,0.821821787912114
-0.0179180997226167,-0.0179180997226167,0,0,0.818874027881383,0.818874027881383,0.818742578247658,0.818742578247658
-0.00806478171336547,-0.00806478171336547,0,0,0.815648813872824,0.815648813872824,0.815622288830022,0.815622288830022
0.00174657749700538,0.00174657749700538,0,0,0.81246132654162,0.81246132654162,0.812460087321911,0.812460087321911
0.0115087572970851,0.0115087572970851,0,0,0.809308630422462,0.809308630422462,0.809255033945229,0.809255033945229
0.0212146242323368,0.0212146242323368,0,0,0.806187492716432,0.806187492716432,0.806006083035476,0.806006083035476
0.0308571265673365,0.0308571265673365,0,0,0.803094392479518,0.803094392479518,0.802712084730015,0.802712084730015
0.0404292892216431,0.0404292892216431,0,0,0.800025529572139,0.800025529572139,0.799371786790946,0.799371786790946
0.049924209101096,0.049924209101096,0,0,0.796976833442387,0.796976833442387,0.795983836564456,0.795983836564456
0.0593350508451908,0.0593350508451908,0,0,0.793943971820593,0.793943971820593,0.792546783079283,0.792546783079283
0.0686550430102476,0.0686550430102476,0,0,0.790922359407048,0.790922359407048,0.789059079287729,0.789059079287729
0.0778774747069109,0.0778774747069109,0,0,0.787907166637931,0.787907166637931,0.78551908445316,0.78551908445316
0.0869956927095751,0.0869956927095751,0,0,0.784893328616845,0.784893328616845,0.78192506668829,0.78192506668829
0.0960030990542064,0.0960030990542064,0,0,0.781875554300868,0.781875554300868,0.778275205648785,0.778275205648785
0.104893149139989,0.104893149139989,0,0,0.778848336030548,0.778848336030548,0.774567595386792,0.774567595386792
0.113659350349136,0.113659350349136,0,0,0.775805959492996,0.775805959492996,0.770800247368938,0.770800247368938
0.122295261198086,0.122295261198086,0,0,0.772742514205907,0.772742514205907,0.766971093663295,0.766971093663295
0.130794491032108,0.130794491032108,0,0,0.769651904608181,0.769651904608181,0.763077990299567,0.763077990299567
0.139150700274156,0.139150700274156,0,0,0.76652786183964,0.76652786183964,0.759118720806674,0.759118720806674
0.147357601237414,0.147357601237414,0,0,0.763363956288122,0.763363956288122,0.755090999931655,0.755090999931655
0.155408959509556,0.155408959509556,0,0,0.760153610977034,0.760153610977034,0.750992477543729,0.750992477543729
0.163298595915056,0.163298595915056,0,0,0.756890115860063,0.756890115860063,0.746820742727172,0.746820742727172
0.171020389060001,0.171020389060001,0,0,0.753566643082167,0.753566643082167,0.742573328066575,0.742573328066575
0.178568278461711,0.178568278461711,0,0,0.750176263257089,0.750176263257089,0.738247714127783,0.738247714127783
0.185936268262947,0.185936268262947,0,0,0.746711962801341,0.746711962801341,0.733841334137534,0.733841334137534
0.193118431527719,0.193118431527719,0,0,0.743166662352759,0.743166662352759,0.729351578864235,0.729351578864235
0.20010891511259,0.20010891511259,0,0,0.739533236288333,0.739533236288333,0.724775801701477,0.724775801701477
0.206901945104118,0.206901945104118,0,0,0.735804533341003,0.735804533341003,0.720111323954717,0.720111323954717
0.213491832809877,0.213491832809877,0,0,0.731973398298631,0.731973398298631,0.715355440330035,0.715355440330035
0.219872981287686,0.219872981287686,0,0,0.728032694750693,0.728032694750693,0.71050542462219,0.71050542462219
0.226039892395703,0.226039892395703,0,0,0.723975328829883,0.723975328829883,0.70555853559751,0.70555853559751
0.231987174345576,0.231987174345576,0,0,0.719794273877469,0.719794273877469,0.700512023065981,0.700512023065981
0.23770954974232,0.23770954974232,0,0,0.715482595943875,0.715482595943875,0.695363134136699,0.695363134136699
0.243201864098691,0.243201864098691,0,0,0.711033480020424,0.711033480020424,0.690109119652194,0.690109119652194
0.248459094818489,0.248459094818489,0,0,0.70644025688523,0.70644025688523,0.684747240800389,0.684747240800389
0.253476360652021,0.253476360652021,0,0,0.701696430435837,0.701696430435837,0.679274775907856,0.679274775907856
0.258248931636235,0.258248931636235,0,0,0.696795705371885,0.696795705371885,0.673689027423245,0.673689027423245
0.262772239539115,0.262772239539115,0,0,0.69173201507935,0.69173201507935,0.667987329102138,0.667987329102138
0.267041880369335,0.267041880369335,0,0,0.686499547958529,0.686499547958529,0.662167053398486,0.662167053398486
0.271053636382331,0.271053636382331,0,0,0.681092776234087,0.681092776234087,0.656225618219273,0.656225618219273
0.274803479788057,0.274803479788057,0,0,0.67550648132162,0.67550648132162,0.650160494270603,0.650160494270603
0.278287582394745,0.278287582394745,0,0,0.669735779503569,0.669735779503569,0.643969212520026,0.643969212520026
0.281502333504276,0.281502333504276,0,0,0.663776147968896,0.663776147968896,0.637649371543418,0.637649371543418
0.284444338377963,0.284444338377963,0,0,0.657623446506541,0.657623446506541,0.631198645529313,0.631198645529313
0.287110435471778,0.287110435471778,0,0,0.65127394051049,0.65127394051049,0.624614791569726,0.624614791569726
0.289497705846817,0.289497705846817,0,0,0.644724320733308,0.644724320733308,0.617895656925138,0.617895656925138
0.291603482386304,0.291603482386304,0,0,0.637971721042577,0.637971721042577,0.611039186266476,0.611039186266476
0.293425358772992,0.293425358772992,0,0,0.631013733942137,0.631013733942137,0.604043428846217,0.604043428846217
0.294961198138058,0.294961198138058,0,0,0.623848423622128,0.623848423622128,0.596906545544381,0.596906545544381
0.296209141297102,0.296209141297102,0,0,0.616474336338974,0.616474336338974,0.589626815749805,0.589626815749805
0.297167614500552,0.297167614500552,0,0,0.60889050797688,0.60889050797688,0.582202644059591,0.582202644059591
0.297835336601525,0.297835336601525,0,0,0.601096468682199,0.601096468682199,0.574632566795163,0.574632566795163
0.298211325414065,0.298211325414065,0,0,0.593092244446634,0.593092244446634,0.566915258311346,0.566915258311346
0.29829490266665,0.29829490266665,0,0,0.584878355350911,0.584878355350911,0.559049536946302,0.559049536946302
0.298085700553073,0.298085700553073,0,0,0.576455810467538,0.576455810467538,0.551034370079824,0.551034370079824
0.297583664043721,0.297583664043721,0,0,0.567826100443712,0.567826100443712,0.542868880246319,0.542868880246319
0.296789055642337,0.296789055642337,0,0,0.558991186252297,0.558991186252297,0.534552349620607,0.534552349620607
0.295702457356003,0.295702457356003,0,0,0.549953484971448,0.549953484971448,0.526084224491273,0.526084224491273
0.294324772169178,0.294324772169178,0,0,0.54071585292723,0.54071585292723,0.517464119497255,0.517464119497255
0.292657224898262,0.292657224898262,0,0,0.531281566152969,0.531281566152969,0.508691821434905,0.508691821434905
0.290701362244607,0.290701362244607,0,0,0.521654298319347,0.521654298319347,0.49976729261347,0.49976729261347
0.28845905209585,0.28845905209585,0,0,0.511838096419972,0.511838096419972,0.490690673798912,0.490690673798912
0.285932482301793,0.285932482301793,0,0,0.50183735458718,0.50183735458718,0.481462286827903,0.481462286827903
0.283124148856435,0.283124148856435,0,0,0.491656785051989,0.491656785051989,0.472082637072043,0.472082637072043
0.280036865581342,0.280036865581342,0,0,0.481301388731468,0.481301388731468,0.462552413288429,0.462552413288429
0.276673760653816,0.276673760653816,0,0,0.470776424329936,0.470776424329936,0.452872488628066,0.452872488628066
0.273038256535728,0.273038256535728,0,0,0.460087376969009,0.460087376969009,0.44304392354873,0.44304392354873
0.269134074986556,0.269134074986556,0,0,0.449239925929503,0.449239925929503,0.433067964445905,0.433067964445905
0.264965228602009,0.264965228602009,0,0,0.438239912111788,0.438239912111788,0.422946043539881,0.422946043539881
0.260536013678253,0.260536013678253,0,0,0.427093305847099,0.427093305847099,0.412679778310677,0.412679778310677
0.255851002764896,0.255851002764896,0,0,0.415806174840216,0.415806174840216,0.402270970234579,0.402270970234579
0.250915036233362,0.250915036233362,0,0,0.404384652722405,0.404384652722405,0.39172160310552,0.39172160310552
0.245733215695299,0.245733215695299,0,0,0.392834908619606,0.392834908619606,0.381033840810512,0.381033840810512
0.240310892277695,0.240310892277695,0,0,0.381163118156758,0.381163118156758,0.370210025466134,0.370210025466134
0.234653659158173,0.234653659158173,0,0,0.369375435669462,0.369375435669462,0.359252674535614,0.359252674535614
0.228767342150148,0.228767342150148,0,0,0.35747796792185,0.35747796792185,0.348164477707679,0.348164477707679
0.222657990018477,0.222657990018477,0,0,0.345476749612656,0.345476749612656,0.336948293484945,0.336948293484945
0.216331864739727,0.216331864739727,0,0,0.333377720761245,0.333377720761245,0.325607145438947,0.325607145438947
0.20979543169117,0.20979543169117,0,0,0.321186706086317,0.321186706086317,0.314144218156616,0.314144218156616
0.203055349807772,0.203055349807772,0,0,0.308909396480986,0.308909396480986,0.302562852913974,0.302562852913974
0.196118461757576,0.196118461757576,0,0,0.296551332656743,0.296551332656743,0.290866543106094,0.290866543106094
0.188991784182184,0.188991784182184,0,0,0.284117890995831,0.284117890995831,0.279058929454041,0.279058929454041
0.181682498042183,0.181682498042183,0,0,0.271614271623437,0.271614271623437,0.267143795004293,0.267143795004293
0.174197939101325,0.174197939101325,0,0,0.259045488688411,0.259045488688411,0.255125059934194,0.255125059934194
0.166545588578254,0.166545588578254,0,0,0.24641636282274,0.24641636282274,0.243006776177129,0.243006776177129
0.158733063990389,0.158733063990389,0,0,0.233731515734374,0.233731515734374,0.230793121881915,0.230793121881915
0.150768110210299,0.150768110210299,0,0,0.220995366874378,0.220995366874378,0.218488395721579,0.218488395721579
0.142658590750581,0.142658590750581,0,0,0.208212132107286,0.208212132107286,0.206097011066879,0.206097011066879
0.134412479288564,0.134412479288564,0,0,0.19538582430301,0.19538582430301,0.193623490039568,0.193623490039568
0.126037851437605,0.126037851437605,0,0,0.182520255759813,0.182520255759813,0.181072457459839,0.181072457459839
0.117542876767527,0.117542876767527,0,0,0.169619042360999,0.169619042360999,0.168448634701886,0.168448634701886
0.108935811073481,0.108935811073481,0,0,0.156685609363271,0.156685609363271,0.15575683347154,0.15575683347154
0.100224988890704,0.100224988890704,0,0,0.14372319871233,0.14372319871233,0.143001949520771,0.143001949520771
0.0914188162528826,0.0914188162528826,0,0,0.13073487778124,0.13073487778124,0.130188956315671,0.130188956315671
0.0825257636944059,0.0825257636944059,0,0,0.117723549428883,0.117723549428883,0.117322898677197,0.117322898677197
0.0735543595017146,0.0735543595017146,0,0,0.104691963278419,0.104691963278419,0.10440888641648,0.10440888641648
0.0645131832249671,0.0645131832249671,0,0,0.0916427281167269,0.0916427281167269,0.0914520879868091,0.0914520879868091
0.055410859465197,0.055410859465197,0,0,0.0785783253103999,0.0785783253103999,0.0784577241676437,0.0784577241676437
0.0462560519470004,0.0462560519470004,0,0,0.0655011231133391,0.0655011231133391,0.0654310617735323,0.0654310617735323
0.0370574578591089,0.0370574578591089,0,0,0.0524133916893878,0.0524133916893878,0.0523774073267491,0.0523774073267491
0.0278238003004656,0.0278238003004656,0,0,0.0393173185617548,0.0393173185617548,0.0393021005199508,0.0393021005199508
0.0185638266599446,0.0185638266599446,0,0,0.0262150237902262,0.0262150237902262,0.0262105068660793,0.0262105068660793
0.0092863018478852,0.0092863018478852,0,0,0.0131085748570342,0.0131085748570342,0.0131080096494847,0.0131080096494847
-9.6553757079608e-23,-9.6553757079608e-23,0,0,1.4462447619356e-23,1.4462447619356e-23,1.4462447619356e-23,1.4462447619356e-23
