-0.00000,-0.00000,0.02800,-0.00000,-0.00000,0.00000
-0.00000,-0.00000,0.02800,-0.00000,0.00000,-0.00000
-0.00000,-0.00000,0.02800,-0.00000,-0.00000,0.00000
-0.00000,-0.00000,0.02800,-0.00000,-0.00000,-0.00000
-0.00000,-0.00000,0.02800,-0.00000,-0.00000,0.00000
0.00000,-0.00000,0.02800,-0.00000,-0.00000,0.00000
0.00000,-0.00000,0.02800,-0.00000,-0.00000,-0.00000
-0.00000,-0.00000,0.02800,-0.00000,-0.00000,0.00000
-0.00000,-0.00000,0.02800,-0.00000,-0.00000,-0.00000
-0.00000,-0.00000,0.02800,-0.00000,0.00000,0.00000
-0.00000,-0.00000,0.02800,-0.00000,0.00000,0.00000
-0.00000,-0.00000,0.02800,-0.00000,0.00000,0.00000
0.00000,-0.00000,0.02800,-0.00000,-0.00000,0.00000
0.00000,-0.00000,0.02800,-0.00000,-0.00000,0.00000
0.00000,-0.00000,0.02800,-0.00000,-0.00000,0.00000
0.00000,-0.00000,0.02800,-0.00000,-0.00000,0.00000
0.00000,-0.00000,0.02800,-0.00000,-0.00000,-0.00000
-0.00000,-0.00000,0.02803,0.00000,-0.00000,-0.00000
-0.00000,-0.00000,0.02803,0.00000,-0.00000,-0.00000
-0.00000,-0.00000,0.02803,0.00000,-0.00000,-0.00000
-0.00000,-0.00000,0.02803,0.00000,-0.00000,-0.00000
-0.00000,-0.00000,0.02803,0.00000,-0.00000,-0.00000
0.00000,0.00000,0.02806,0.00000,-0.00000,-0.00000
-0.00000,0.00000,0.02806,0.00000,0.00000,-0.00000
-0.00000,0.00000,0.02806,0.00000,0.00000,-0.00000
-0.00000,0.00000,0.02809,0.00000,-0.00000,0.00000
0.00000,0.00000,0.02809,0.00000,-0.00000,0.00000
0.00000,0.00000,0.02809,0.00000,-0.00000,0.00000
0.00000,-0.00000,0.02813,-0.00000,0.00000,0.00000
0.00000,0.00000,0.02813,-0.00000,-0.00000,-0.00000
-0.00000,-0.00000,0.02815,-0.00000,0.00000,0.00000
-0.00000,-0.00000,0.02815,-0.00000,-0.00000,0.00000
0.00000,0.00000,0.02819,0.00000,-0.00000,-0.00000
0.00000,-0.00000,0.02819,0.00000,-0.00000,0.00000
-0.00000,-0.00000,0.02822,-0.00000,0.00000,-0.00000
-0.00000,-0.00000,0.02822,-0.00000,0.00000,-0.00000
-0.00000,0.00000,0.02827,0.00000,0.00000,-0.00000
-0.00000,0.00000,0.02827,0.00000,0.00000,-0.00000
-0.00000,-0.00000,0.02831,-0.00000,0.00000,-0.00000
-0.00000,-0.00000,0.02831,-0.00000,0.00000,-0.00000
-0.00000,-0.00000,0.02836,0.00000,0.00000,-0.00000
-0.00000,-0.00000,0.02839,0.00000,0.00000,0.00000
-0.00000,0.00000,0.02842,0.00000,0.00000,-0.00000
-0.00000,-0.00000,0.02845,-0.00000,0.00000,0.00000
0.00000,-0.00000,0.02848,-0.00000,-0.00000,0.00000
0.00000,0.00000,0.02851,0.00000,-0.00000,0.00000
-0.00000,-0.00000,0.02854,0.00000,0.00000,-0.00000
-0.00000,-0.00000,0.02858,-0.00000,0.00000,0.00000
0.00000,-0.00000,0.02862,-0.00000,-0.00000,0.00000
-0.00000,-0.00000,0.02866,-0.00000,-0.00000,0.00000
0.00000,0.00000,0.02869,0.00000,0.00000,-0.00000
0.00000,-0.00000,0.02874,-0.00000,-0.00000,-0.00000
-0.00000,-0.00000,0.02878,-0.00000,-0.00000,-0.00000
0.00000,0.00000,0.02882,0.00000,-0.00000,-0.00000
-0.00000,-0.00000,0.02887,-0.00000,-0.00000,-0.00000
0.00000,-0.00000,0.02892,0.00000,-0.00000,0.00000
0.00000,0.00000,0.02897,0.00000,-0.00000,-0.00000
-0.00000,-0.00000,0.02902,-0.00000,0.00000,0.00000
-0.00000,-0.00000,0.02907,-0.00000,-0.00000,-0.00000
-0.00000,0.00000,0.02913,0.00000,0.00000,-0.00000
0.00000,-0.00000,0.02918,0.00000,-0.00000,0.00000
0.00000,0.00000,0.02924,0.00000,-0.00000,-0.00000
0.00000,0.00000,0.02930,0.00000,-0.00000,0.00000
0.00000,0.00000,0.02936,0.00000,-0.00000,-0.00000
0.00000,-0.00000,0.02943,-0.00000,-0.00000,0.00000
-0.00000,0.00000,0.02949,0.00000,-0.00000,-0.00000
0.00000,-0.00000,0.02956,-0.00000,-0.00000,0.00000
0.00000,-0.00000,0.02963,-0.00000,-0.00000,0.00000
0.00000,0.00000,0.02970,0.00000,-0.00000,0.00000
0.00000,-0.00000,0.02977,-0.00000,-0.00000,-0.00000
0.00000,0.00000,0.02985,0.00000,-0.00000,0.00000
0.00000,-0.00000,0.02993,-0.00000,0.00000,-0.00000
-0.00000,0.00000,0.03000,0.00000,0.00000,-0.00000
-0.00000,-0.00000,0.03009,0.00000,-0.00000,0.00000
-0.00000,-0.00000,0.03017,-0.00000,0.00000,0.00000
-0.00000,0.00000,0.03026,0.00000,-0.00000,-0.00000
0.00000,0.00000,0.03034,-0.00000,-0.00000,0.00000
-0.00000,-0.00000,0.03043,-0.00000,-0.00000,-0.00000
0.00000,-0.00000,0.03052,0.00000,-0.00000,0.00000
-0.00000,0.00000,0.03062,0.00000,0.00000,0.00000
0.00000,0.00000,0.03072,-0.00000,-0.00000,0.00000
-0.00000,0.00000,0.03081,-0.00000,0.00000,0.00000
-0.00000,-0.00000,0.03091,-0.00000,0.00000,0.00000
0.00000,-0.00000,0.03102,-0.00000,0.00000,0.00000
0.00000,0.00000,0.03112,0.00000,-0.00000,0.00000
-0.00000,0.00000,0.03123,0.00000,0.00000,0.00000
0.00000,-0.00000,0.03134,-0.00000,-0.00000,-0.00000
0.00000,0.00000,0.03145,0.00000,-0.00000,0.00000
-0.00000,0.00000,0.03157,0.00000,-0.00000,-0.00000
-0.00000,-0.00000,0.03169,-0.00000,0.00000,-0.00000
-0.00000,0.00000,0.03180,0.00000,0.00000,-0.00000
0.00000,0.00000,0.03193,0.00000,-0.00000,0.00000
-0.00000,-0.00000,0.03205,-0.00000,0.00000,-0.00000
0.00000,0.00000,0.03218,0.00000,-0.00000,-0.00000
-0.00000,-0.00000,0.03231,-0.00000,-0.00000,0.00000
-0.00000,-0.00000,0.03244,0.00000,0.00000,0.00000
0.00000,-0.00000,0.03257,-0.00000,-0.00000,-0.00000
0.00000,0.00000,0.03271,0.00000,-0.00000,-0.00000
-0.00000,-0.00000,0.03285,-0.00000,0.00000,-0.00000
-0.00000,0.00000,0.03299,0.00000,0.00000,0.00000
0.00000,0.00000,0.03314,-0.00000,0.00000,0.00000
0.00000,-0.00000,0.03328,-0.00000,-0.00000,0.00000
-0.00000,-0.00000,0.03343,0.00000,0.00000,0.00000
-0.00000,-0.00000,0.03359,-0.00000,-0.00000,-0.00000
0.00000,-0.00000,0.03374,-0.00000,0.00000,0.00000
-0.00000,-0.00000,0.03390,-0.00000,0.00000,0.00000
-0.00000,0.00000,0.03406,-0.00000,0.00000,-0.00000
-0.00000,-0.00000,0.03422,-0.00000,-0.00000,-0.00000
0.00000,0.00000,0.03439,0.00000,-0.00000,0.00000
0.00000,0.00000,0.03456,0.00000,-0.00000,0.00000
-0.00000,-0.00000,0.03473,0.00000,-0.00000,0.00000
-0.00000,-0.00000,0.03490,-0.00000,-0.00000,-0.00000
0.00000,-0.00000,0.03508,0.00000,-0.00000,0.00000
-0.00000,-0.00000,0.03526,-0.00000,-0.00000,0.00000
-0.00000,0.00000,0.03544,0.00000,0.00000,-0.00000
-0.00000,-0.00000,0.03562,-0.00000,-0.00000,-0.00000
-0.00000,-0.00000,0.03581,-0.00000,0.00000,-0.00000
-0.00000,-0.00000,0.03600,0.00000,0.00000,0.00000
0.00000,0.00000,0.03620,0.00000,-0.00000,-0.00000
0.00000,0.00000,0.03639,0.00000,-0.00000,-0.00000
0.00000,0.00000,0.03659,0.00000,-0.00000,0.00000
0.00000,-0.00000,0.03679,-0.00000,-0.00000,-0.00000
0.00000,0.00000,0.03700,0.00000,-0.00000,0.00000
-0.00000,0.00000,0.03721,0.00000,0.00000,-0.00000
-0.00000,-0.00000,0.03742,-0.00000,0.00000,-0.00000
0.00000,0.00000,0.03763,0.00000,-0.00000,-0.00000
0.00000,-0.00000,0.03785,-0.00000,0.00000,-0.00000
-0.00000,-0.00000,0.03807,-0.00000,-0.00000,0.00000
-0.00000,0.00000,0.03829,-0.00000,0.00000,-0.00000
0.00000,0.00000,0.03852,0.00000,0.00000,-0.00000
0.00000,0.00000,0.03875,0.00000,0.00000,0.00000
-0.00000,0.00000,0.03898,-0.00000,-0.00000,0.00000
0.00000,0.00000,0.03921,0.00000,0.00000,-0.00000
0.00000,-0.00000,0.03945,-0.00000,-0.00000,0.00000
0.00000,0.00000,0.03969,0.00000,-0.00000,0.00000
-0.00000,0.00000,0.03993,0.00000,0.00000,0.00000
0.00000,0.00000,0.04018,0.00000,-0.00000,-0.00000
-0.00000,0.00000,0.04043,0.00000,0.00000,-0.00000
-0.00000,-0.00000,0.04068,-0.00000,0.00000,-0.00000
-0.00000,-0.00000,0.04094,-0.00000,0.00000,-0.00000
0.00000,0.00000,0.04120,0.00000,-0.00000,0.00000
-0.00000,-0.00000,0.04146,-0.00000,0.00000,0.00000
-0.00000,-0.00000,0.04173,-0.00000,0.00000,-0.00000
-0.00000,-0.00000,0.04200,-0.00000,-0.00000,-0.00000
0.00000,-0.00000,0.04227,-0.00000,0.00000,0.00000
-0.00000,-0.00000,0.04254,-0.00000,0.00000,0.00000
0.00000,0.00000,0.04282,0.00000,-0.00000,0.00000
-0.00000,-0.00000,0.04310,-0.00000,0.00000,0.00000
0.00000,-0.00000,0.04339,-0.00000,-0.00000,-0.00000
-0.00000,-0.00000,0.04368,-0.00000,0.00000,-0.00000
-0.00000,-0.00000,0.04397,-0.00000,0.00000,0.00000
-0.00000,0.00000,0.04426,0.00000,0.00000,0.00000
-0.00000,0.00000,0.04456,0.00000,0.00000,-0.00000
-0.00000,-0.00000,0.04486,0.00000,0.00000,-0.00000
-0.00000,0.00000,0.04516,0.00000,0.00000,0.00000
-0.00000,-0.00000,0.04547,-0.00000,0.00000,0.00000
-0.00000,0.00000,0.04578,0.00000,0.00000,0.00000
0.00000,-0.00000,0.04609,0.00000,-0.00000,0.00000
0.00000,0.00000,0.04641,-0.00000,-0.00000,0.00000
0.00000,-0.00000,0.04673,-0.00000,0.00000,-0.00000
0.00000,0.00000,0.04706,0.00000,-0.00000,-0.00000
-0.00000,0.00000,0.04738,0.00000,0.00000,0.00000
-0.00000,0.00000,0.04771,0.00000,0.00000,0.00000
0.00000,0.00000,0.04805,-0.00000,-0.00000,-0.00000
-0.00000,-0.00000,0.04838,-0.00000,0.00000,-0.00000
0.00000,0.00000,0.04872,0.00000,-0.00000,0.00000
0.00000,-0.00000,0.04907,-0.00000,-0.00000,0.00000
-0.00000,0.00000,0.04941,-0.00000,-0.00000,0.00000
-0.00000,0.00000,0.04976,0.00000,0.00000,0.00000
0.00000,-0.00000,0.05012,0.00000,0.00000,-0.00000
-0.00000,-0.00000,0.05047,-0.00000,-0.00000,0.00000
-0.00000,0.00000,0.05083,0.00000,0.00000,-0.00000
0.00000,-0.00000,0.05120,0.00000,-0.00000,-0.00000
0.00000,0.00000,0.05156,0.00000,-0.00000,0.00000
-0.00000,0.00000,0.05193,0.00000,0.00000,0.00000
-0.00000,0.00000,0.05231,0.00000,0.00000,-0.00000
0.00000,0.00000,0.05268,0.00000,-0.00000,0.00000
-0.00000,-0.00000,0.05306,-0.00000,-0.00000,0.00000
0.00000,0.00000,0.05345,0.00000,-0.00000,-0.00000
0.00000,0.00000,0.05383,0.00000,-0.00000,-0.00000
0.00000,0.00000,0.05422,0.00000,-0.00000,0.00000
0.00000,0.00000,0.05462,0.00000,-0.00000,0.00000
-0.00000,0.00000,0.05502,0.00000,0.00000,-0.00000
0.00000,0.00000,0.05542,-0.00000,-0.00000,-0.00000
-0.00000,0.00000,0.05582,0.00000,-0.00000,0.00000
0.00000,-0.00000,0.05623,-0.00000,-0.00000,-0.00000
0.00000,-0.00000,0.05664,-0.00000,-0.00000,0.00000
-0.00000,0.00000,0.05705,0.00000,-0.00000,0.00000
0.00000,-0.00000,0.05747,-0.00000,0.00000,0.00000
-0.00000,-0.00000,0.05789,-0.00000,0.00000,0.00000
-0.00000,-0.00000,0.05832,-0.00000,-0.00000,0.00000
0.00000,-0.00000,0.05874,-0.00000,0.00000,0.00000
0.00000,-0.00000,0.05918,-0.00000,0.00000,-0.00000
-0.00000,-0.00000,0.05961,-0.00000,0.00000,-0.00000
-0.00000,-0.00000,0.06005,0.00000,0.00000,0.00000
-0.00000,-0.00000,0.06049,-0.00000,0.00000,0.00000
0.00000,-0.00000,0.06094,-0.00000,-0.00000,0.00000
-0.00000,-0.00000,0.06139,-0.00000,0.00000,-0.00000
0.00000,0.00000,0.06184,0.00000,-0.00000,0.00000
0.00000,-0.00000,0.06229,0.00000,-0.00000,0.00000
0.00000,-0.00000,0.06275,-0.00000,-0.00000,-0.00000
0.00000,0.00000,0.06321,0.00000,-0.00000,-0.00000
-0.00000,0.00000,0.06368,-0.00000,0.00000,0.00000
-0.00000,0.00000,0.06415,0.00000,0.00000,0.00000
-0.00000,0.00000,0.06462,0.00000,0.00000,0.00000
-0.00000,-0.00000,0.06510,-0.00000,0.00000,-0.00000
-0.00000,-0.00000,0.06558,-0.00000,-0.00000,0.00000
-0.00000,0.00000,0.06606,-0.00000,0.00000,-0.00000
0.00000,0.00000,0.06655,0.00000,-0.00000,0.00000
0.00000,-0.00000,0.06704,-0.00000,-0.00000,0.00000
0.00000,0.00000,0.06753,-0.00000,-0.00000,-0.00000
-0.00000,-0.00000,0.06803,-0.00000,0.00000,-0.00000
0.00000,-0.00000,0.06853,-0.00000,-0.00000,-0.00000
0.00000,0.00000,0.06903,0.00000,-0.00000,-0.00000
-0.00000,-0.00000,0.06954,-0.00000,0.00000,-0.00000
0.00000,-0.00000,0.07005,-0.00000,-0.00000,-0.00000
0.00000,0.00000,0.07057,0.00000,-0.00000,-0.00000
-0.00000,0.00000,0.07109,0.00000,-0.00000,-0.00000
-0.00000,-0.00000,0.07161,-0.00000,0.00000,-0.00000
0.00000,-0.00000,0.07213,-0.00000,0.00000,0.00000
0.00000,0.00000,0.07266,-0.00000,-0.00000,-0.00000
0.00000,-0.00000,0.07319,-0.00000,-0.00000,0.00000
-0.00000,-0.00000,0.07373,-0.00000,0.00000,0.00000
0.00000,0.00000,0.07427,0.00000,0.00000,0.00000
-0.00000,0.00000,0.07481,0.00000,0.00000,-0.00000
-0.00000,0.00000,0.07535,0.00000,-0.00000,0.00000
0.00000,0.00000,0.07590,0.00000,-0.00000,-0.00000
-0.00000,0.00000,0.07646,-0.00000,0.00000,-0.00000
-0.00000,0.00000,0.07701,0.00000,0.00000,-0.00000
0.00000,0.00000,0.07757,0.00000,-0.00000,0.00000
-0.00000,0.00000,0.07813,0.00000,0.00000,0.00000
-0.00000,-0.00000,0.07870,-0.00000,0.00000,0.00000
-0.00000,0.00000,0.07927,0.00000,-0.00000,0.00000
-0.00000,0.00000,0.07984,0.00000,0.00000,-0.00000
0.00000,-0.00000,0.08042,0.00000,-0.00000,-0.00000
0.00000,-0.00000,0.08100,-0.00000,0.00000,-0.00000
-0.00000,-0.00000,0.08158,-0.00000,0.00000,0.00000
0.00000,-0.00000,0.08217,0.00000,-0.00000,-0.00000
-0.00000,-0.00000,0.08276,-0.00000,0.00000,0.00000
0.00000,0.00000,0.08335,0.00000,0.00000,0.00000
-0.00000,-0.00000,0.08395,-0.00000,-0.00000,0.00000
-0.00000,0.00000,0.08455,0.00000,0.00000,-0.00000
-0.00000,-0.00000,0.08516,-0.00000,0.00000,0.00000
-0.00000,-0.00000,0.08576,-0.00000,0.00000,-0.00000
-0.00000,-0.00000,0.08637,-0.00000,0.00000,-0.00000
-0.00000,-0.00000,0.08699,-0.00000,0.00000,0.00000
-0.00000,-0.00000,0.08761,-0.00000,0.00000,0.00000
0.00000,-0.00000,0.08823,-0.00000,0.00000,-0.00000
0.00000,0.00000,0.08885,0.00000,-0.00000,-0.00000
-0.00000,-0.00000,0.08948,-0.00000,0.00000,-0.00000
-0.00000,-0.00000,0.09011,-0.00000,0.00000,-0.00000
-0.00000,-0.00000,0.09074,-0.00000,0.00000,0.00000
-0.00000,-0.00000,0.09138,0.00000,0.00000,-0.00000
-0.00000,-0.00000,0.09202,-0.00000,-0.00000,-0.00000
0.00000,-0.00000,0.09267,0.00000,-0.00000,-0.00000
-0.00000,-0.00000,0.09332,-0.00000,0.00000,-0.00000
-0.00000,-0.00000,0.09397,-0.00000,0.00000,-0.00000
0.00000,0.00000,0.09462,-0.00000,-0.00000,-0.00000
0.00000,-0.00000,0.09528,-0.00000,-0.00000,0.00000
0.00000,-0.00000,0.09594,-0.00000,-0.00000,0.00000
-0.00000,0.00000,0.09661,0.00000,-0.00000,0.00000
0.00000,0.00000,0.09727,0.00000,0.00000,0.00000
0.00000,-0.00000,0.09794,-0.00000,-0.00000,0.00000
0.00000,-0.00000,0.09862,-0.00000,0.00000,0.00000
0.00000,0.00000,0.09930,-0.00000,-0.00000,-0.00000
-0.00000,0.00000,0.09998,0.00000,0.00000,-0.00000
-0.00000,0.00000,0.10066,-0.00000,-0.00000,-0.00000
-0.00000,0.00000,0.10135,0.00000,0.00000,0.00000
0.00000,0.00000,0.10204,0.00000,-0.00000,-0.00000
-0.00000,-0.00000,0.10274,0.00000,-0.00000,-0.00000
0.00000,-0.00000,0.10343,-0.00000,0.00000,-0.00000
0.00000,-0.00000,0.10413,-0.00000,0.00000,-0.00000
-0.00000,0.00000,0.10484,0.00000,0.00000,-0.00000
0.00000,0.00000,0.10555,0.00000,0.00000,-0.00000
0.00000,-0.00000,0.10626,0.00000,-0.00000,-0.00000
-0.00000,-0.00000,0.10697,-0.00000,-0.00000,-0.00000
-0.00000,0.00000,0.10769,0.00000,-0.00000,-0.00000
-0.00000,-0.00000,0.10841,-0.00000,-0.00000,-0.00000
-0.00000,-0.00000,0.10913,-0.00000,0.00000,0.00000
0.00000,-0.00000,0.10986,-0.00000,-0.00000,0.00000
-0.00000,0.00000,0.11059,0.00000,-0.00000,0.00000
0.00000,0.00000,0.11132,0.00000,-0.00000,-0.00000
-0.00000,0.00000,0.11206,0.00000,0.00000,-0.00000
-0.00000,-0.00000,0.11280,-0.00000,0.00000,-0.00000
0.00000,0.00000,0.11354,0.00000,-0.00000,0.00000
0.00000,0.00000,0.11429,0.00000,0.00000,0.00000
-0.00000,0.00000,0.11504,0.00000,0.00000,-0.00000
0.00000,-0.00000,0.11579,0.00000,-0.00000,0.00000
-0.00000,-0.00000,0.11654,-0.00000,0.00000,0.00000
-0.00000,-0.00000,0.11730,-0.00000,0.00000,-0.00000
-0.00000,0.00000,0.11806,0.00000,0.00000,-0.00000
0.00000,0.00000,0.11883,0.00000,0.00000,-0.00000
0.00000,0.00000,0.11960,0.00000,-0.00000,0.00000
-0.00000,-0.00000,0.12037,0.00000,0.00000,0.00000
0.00000,-0.00000,0.12114,-0.00000,-0.00000,-0.00000
0.00000,0.00000,0.12192,0.00000,-0.00000,-0.00000
-0.00000,0.00000,0.12270,0.00000,0.00000,-0.00000
0.00000,-0.00000,0.12348,-0.00000,-0.00000,0.00000
-0.00000,-0.00000,0.12427,-0.00000,0.00000,-0.00000
0.00000,-0.00000,0.12506,-0.00000,0.00000,-0.00000
-0.00000,0.00000,0.12585,0.00000,0.00000,-0.00000
0.00000,0.00000,0.12664,0.00000,-0.00000,-0.00000
-0.00000,-0.00000,0.12744,-0.00000,0.00000,0.00000
-0.00000,0.00000,0.12824,0.00000,0.00000,-0.00000
-0.00000,0.00000,0.12905,-0.00000,-0.00000,0.00000
0.00000,-0.00000,0.12985,-0.00000,-0.00000,0.00000
0.00000,0.00000,0.13066,0.00000,-0.00000,-0.00000
-0.00000,-0.00000,0.13148,-0.00000,0.00000,0.00000
-0.00000,-0.00000,0.13229,0.00000,0.00000,0.00000
0.00000,0.00000,0.13311,0.00000,-0.00000,0.00000
-0.00000,0.00000,0.13394,-0.00000,0.00000,-0.00000
0.00000,0.00000,0.13476,0.00000,-0.00000,-0.00000
0.00000,-0.00000,0.13559,-0.00000,-0.00000,-0.00000
0.00000,0.00000,0.13642,0.00000,-0.00000,0.00000
-0.00000,0.00000,0.13725,0.00000,0.00000,-0.00000
0.00000,0.00000,0.13809,0.00000,0.00000,0.00000
0.00000,-0.00000,0.13893,-0.00000,-0.00000,0.00000
0.00000,0.00000,0.13977,0.00000,-0.00000,-0.00000
-0.00000,0.00000,0.14062,-0.00000,0.00000,0.00000
0.00000,-0.00000,0.14146,-0.00000,-0.00000,0.00000
0.00000,0.00000,0.14232,-0.00000,0.00000,-0.00000
0.00000,0.00000,0.14317,0.00000,0.00000,0.00000
0.00000,-0.00000,0.14403,-0.00000,-0.00000,-0.00000
0.00000,-0.00000,0.14489,0.00000,-0.00000,-0.00000
-0.00000,-0.00000,0.14575,-0.00000,0.00000,-0.00000
0.00000,-0.00000,0.14661,-0.00000,-0.00000,0.00000
0.00000,0.00000,0.14748,-0.00000,-0.00000,-0.00000
-0.00000,-0.00000,0.14835,-0.00000,-0.00000,0.00000
0.00000,0.00000,0.14922,0.00000,-0.00000,-0.00000
0.00000,0.00000,0.15010,0.00000,0.00000,0.00000
-0.00000,0.00000,0.15098,-0.00000,0.00000,-0.00000
-0.00000,0.00000,0.15186,0.00000,0.00000,0.00000
0.00000,-0.00000,0.15274,-0.00000,-0.00000,-0.00000
0.00000,-0.00000,0.15363,-0.00000,-0.00000,0.00000
-0.00000,-0.00000,0.15452,0.00000,-0.00000,-0.00000
0.00000,-0.00000,0.15541,-0.00000,-0.00000,0.00000
0.00000,0.00000,0.15631,-0.00000,-0.00000,0.00000
-0.00000,0.00000,0.15720,0.00000,0.00000,0.00000
0.00000,-0.00000,0.15810,-0.00000,0.00000,0.00000
0.00000,-0.00000,0.15901,-0.00000,-0.00000,-0.00000
0.00000,-0.00000,0.15991,-0.00000,0.00000,-0.00000
0.00000,-0.00000,0.16082,0.00000,-0.00000,-0.00000
0.00000,0.00000,0.16173,-0.00000,-0.00000,-0.00000
0.00000,-0.00000,0.16264,-0.00000,-0.00000,-0.00000
-0.00000,-0.00000,0.16356,-0.00000,0.00000,0.00000
-0.00000,-0.00000,0.16447,-0.00000,0.00000,-0.00000
0.00000,-0.00000,0.16539,-0.00000,-0.00000,0.00000
-0.00000,-0.00000,0.16632,-0.00000,0.00000,0.00000
0.00000,-0.00000,0.16724,-0.00000,-0.00000,0.00000
-0.00000,0.00000,0.16817,0.00000,0.00000,-0.00000
0.00000,0.00000,0.16910,0.00000,-0.00000,-0.00000
0.00000,0.00000,0.17003,0.00000,-0.00000,0.00000
0.00000,-0.00000,0.17097,-0.00000,-0.00000,0.00000
-0.00000,0.00000,0.17191,-0.00000,0.00000,-0.00000
0.00000,0.00000,0.17285,-0.00000,-0.00000,-0.00000
-0.00000,0.00000,0.17379,0.00000,0.00000,-0.00000
0.00000,0.00000,0.17474,0.00000,0.00000,-0.00000
0.00000,-0.00000,0.17568,0.00000,-0.00000,-0.00000
0.00000,0.00000,0.17663,0.00000,-0.00000,0.00000
0.00000,0.00000,0.17758,0.00000,-0.00000,-0.00000
-0.00000,-0.00000,0.17854,0.00000,0.00000,-0.00000
0.00000,-0.00000,0.17950,-0.00000,-0.00000,0.00000
0.00000,-0.00000,0.18045,-0.00000,-0.00000,0.00000
-0.00000,0.00000,0.18142,0.00000,0.00000,0.00000
0.00000,-0.00000,0.18238,-0.00000,-0.00000,0.00000
-0.00000,0.00000,0.18334,0.00000,0.00000,-0.00000
0.00000,-0.00000,0.18431,-0.00000,-0.00000,0.00000
0.00000,0.00000,0.18528,0.00000,-0.00000,0.00000
-0.00000,0.00000,0.18626,0.00000,0.00000,0.00000
0.00000,-0.00000,0.18723,0.00000,-0.00000,-0.00000
0.00000,0.00000,0.18821,0.00000,-0.00000,-0.00000
-0.00000,-0.00000,0.18919,-0.00000,0.00000,0.00000
-0.00000,0.00000,0.19017,0.00000,0.00000,0.00000
-0.00000,-0.00000,0.19115,-0.00000,0.00000,0.00000
0.00000,0.00000,0.19214,-0.00000,-0.00000,0.00000
0.00000,-0.00000,0.19312,0.00000,-0.00000,0.00000
-0.00000,0.00000,0.19411,0.00000,0.00000,-0.00000
-0.00000,-0.00000,0.19511,-0.00000,0.00000,-0.00000
0.00000,-0.00000,0.19610,0.00000,0.00000,0.00000
0.00000,0.00000,0.19710,0.00000,-0.00000,0.00000
0.00000,0.00000,0.19809,0.00000,-0.00000,-0.00000
-0.00000,-0.00000,0.19909,-0.00000,-0.00000,-0.00000
0.00000,-0.00000,0.20010,-0.00000,-0.00000,-0.00000
-0.00000,-0.00000,0.20110,0.00000,0.00000,0.00000
0.00000,0.00000,0.20211,0.00000,-0.00000,-0.00000
0.00000,0.00000,0.20312,0.00000,-0.00000,-0.00000
0.00000,-0.00000,0.20413,-0.00000,-0.00000,-0.00000
0.00000,0.00000,0.20514,0.00000,0.00000,0.00000
0.00000,-0.00000,0.20615,-0.00000,-0.00000,-0.00000
0.00000,0.00000,0.20717,0.00000,0.00000,-0.00000
0.00000,0.00000,0.20819,0.00000,-0.00000,-0.00000
-0.00000,0.00000,0.20920,-0.00000,0.00000,-0.00000
-0.00000,0.00000,0.21023,-0.00000,0.00000,-0.00000
0.00000,-0.00000,0.21125,-0.00000,-0.00000,0.00000
-0.00000,0.00000,0.21227,0.00000,0.00000,0.00000
0.00000,0.00000,0.21330,0.00000,-0.00000,0.00000
-0.00000,-0.00000,0.21433,0.00000,0.00000,0.00000
0.00000,0.00000,0.21536,0.00000,0.00000,0.00000
-0.00000,-0.00000,0.21639,-0.00000,0.00000,-0.00000
0.00000,0.00000,0.21743,0.00000,-0.00000,0.00000
-0.00000,0.00000,0.21846,0.00000,0.00000,0.00000
0.00000,-0.00000,0.21950,-0.00000,0.00000,-0.00000
-0.00000,-0.00000,0.22054,0.00000,-0.00000,-0.00000
-0.00000,-0.00000,0.22158,-0.00000,0.00000,0.00000
0.00000,0.00000,0.22262,0.00000,-0.00000,0.00000
-0.00000,-0.00000,0.22367,-0.00000,0.00000,-0.00000
0.00000,-0.00000,0.22472,-0.00000,0.00000,0.00000
0.00000,0.00000,0.22576,0.00000,0.00000,-0.00000
-0.00000,0.00000,0.22681,0.00000,0.00000,-0.00000
-0.00000,0.00000,0.22786,0.00000,-0.00000,0.00000
0.00000,0.00000,0.22892,0.00000,-0.00000,-0.00000
0.00000,0.00000,0.22997,0.00000,0.00000,-0.00000
0.00000,0.00000,0.23103,-0.00000,-0.00000,0.00000
0.00000,-0.00000,0.23208,0.00000,0.00000,0.00000
0.00000,0.00000,0.23314,0.00000,0.00000,0.00000
0.00000,-0.00000,0.23420,-0.00000,0.00000,0.00000
0.00000,0.00000,0.23526,-0.00000,-0.00000,-0.00000
0.00000,-0.00000,0.23633,0.00000,-0.00000,-0.00000
0.00000,-0.00000,0.23739,-0.00000,-0.00000,0.00000
-0.00000,-0.00000,0.23846,0.00000,0.00000,0.00000
-0.00000,0.00000,0.23952,0.00000,-0.00000,0.00000
0.00000,0.00000,0.24059,0.00000,-0.00000,0.00000
0.00000,-0.00000,0.24166,0.00000,-0.00000,0.00000
-0.00000,-0.00000,0.24273,0.00000,0.00000,0.00000
0.00000,0.00000,0.24381,0.00000,0.00000,0.00000
0.00000,0.00000,0.24488,0.00000,0.00000,0.00000
-0.00000,-0.00000,0.24596,0.00000,0.00000,0.00000
0.00000,0.00000,0.24703,0.00000,-0.00000,0.00000
-0.00000,0.00000,0.24811,0.00000,-0.00000,-0.00000
0.00000,0.00000,0.24919,-0.00000,0.00000,-0.00000
-0.00000,0.00000,0.25027,0.00000,0.00000,-0.00000
-0.00000,-0.00000,0.25135,0.00000,0.00000,0.00000
-0.00000,0.00000,0.25244,0.00000,0.00000,-0.00000
0.00000,0.00000,0.25352,-0.00000,0.00000,0.00000
0.00000,0.00000,0.25461,-0.00000,-0.00000,0.00000
-0.00000,-0.00000,0.25569,-0.00000,-0.00000,0.00000
-0.00000,0.00000,0.25678,0.00000,0.00000,0.00000
0.00000,0.00000,0.25787,0.00000,-0.00000,0.00000
0.00000,-0.00000,0.25896,-0.00000,0.00000,0.00000
0.00000,0.00000,0.26005,0.00000,0.00000,-0.00000
-0.00000,0.00000,0.26115,0.00000,-0.00000,0.00000
-0.00000,-0.00000,0.26224,0.00000,-0.00000,0.00000
0.00000,-0.00000,0.26333,-0.00000,0.00000,0.00000
-0.00000,-0.00000,0.26443,0.00000,0.00000,-0.00000
-0.00000,0.00000,0.26552,-0.00000,0.00000,0.00000
0.00000,-0.00000,0.26662,0.00000,0.00000,0.00000
-0.00000,-0.00000,0.26772,0.00000,0.00000,0.00000
-0.00000,0.00000,0.26882,-0.00000,-0.00000,0.00000
-0.00000,-0.00000,0.26992,-0.00000,-0.00000,0.00000
-0.00000,-0.00000,0.27102,-0.00000,0.00000,0.00000
-0.00000,0.00000,0.27212,0.00000,-0.00000,-0.00000
-0.00000,0.00000,0.27323,0.00000,0.00000,0.00000
0.00000,0.00000,0.27433,0.00000,0.00000,0.00000
0.00000,-0.00000,0.27544,-0.00000,-0.00000,0.00000
-0.00000,-0.00000,0.27654,-0.00000,-0.00000,-0.00000
-0.00000,-0.00000,0.27765,0.00000,-0.00000,0.00000
0.00000,-0.00000,0.27875,0.00000,-0.00000,0.00000
-0.00000,0.00000,0.27986,-0.00000,0.00000,-0.00000
-0.00000,-0.00000,0.28097,-0.00000,0.00000,-0.00000
0.00000,0.00000,0.28208,0.00000,-0.00000,-0.00000
-0.00000,-0.00000,0.28319,-0.00000,0.00000,-0.00000
-0.00000,0.00000,0.28430,0.00000,-0.00000,0.00000
0.00000,-0.00000,0.28541,0.00000,-0.00000,-0.00000
-0.00000,0.00000,0.28653,0.00000,-0.00000,0.00000
-0.00000,-0.00000,0.28764,0.00000,0.00000,-0.00000
0.00000,0.00000,0.28875,0.00000,-0.00000,-0.00000
-0.00000,-0.00000,0.28987,-0.00000,0.00000,-0.00000
-0.00000,-0.00000,0.29098,-0.00000,0.00000,0.00000
0.00000,-0.00000,0.29210,-0.00000,-0.00000,0.00000
-0.00000,-0.00000,0.29321,-0.00000,-0.00000,0.00000
0.00000,0.00000,0.29433,0.00000,-0.00000,-0.00000
0.00000,-0.00000,0.29545,-0.00000,-0.00000,0.00000
0.00000,0.00000,0.29657,-0.00000,-0.00000,0.00000
0.00000,-0.00000,0.29768,-0.00000,0.00000,0.00000
-0.00000,-0.00000,0.29880,-0.00000,0.00000,-0.00000
-0.00000,-0.00000,0.29992,0.00000,0.00000,0.00000
-0.00000,0.00000,0.30104,0.00000,-0.00000,0.00000
0.00000,0.00000,0.30216,-0.00000,-0.00000,0.00000
0.00000,0.00000,0.30328,0.00000,-0.00000,-0.00000
0.00000,0.00000,0.30440,0.00000,-0.00000,-0.00000
0.00000,0.00000,0.30552,-0.00000,-0.00000,-0.00000
-0.00000,-0.00000,0.30665,-0.00000,0.00000,-0.00000
0.00000,-0.00000,0.30777,-0.00000,-0.00000,-0.00000
-0.00000,-0.00000,0.30889,-0.00000,0.00000,-0.00000
-0.00000,0.00000,0.31001,0.00000,-0.00000,0.00000
-0.00000,0.00000,0.31114,-0.00000,0.00000,0.00000
0.00000,0.00000,0.31226,0.00000,-0.00000,0.00000
-0.00000,0.00000,0.31338,-0.00000,0.00000,-0.00000
0.00000,-0.00000,0.31451,0.00000,-0.00000,0.00000
0.00000,-0.00000,0.31563,0.00000,-0.00000,0.00000
-0.00000,0.00000,0.31675,0.00000,0.00000,-0.00000
0.00000,-0.00000,0.31788,0.00000,-0.00000,-0.00000
0.00000,0.00000,0.31900,-0.00000,-0.00000,0.00000
-0.00000,-0.00000,0.32013,-0.00000,0.00000,-0.00000
0.00000,-0.00000,0.32125,-0.00000,0.00000,-0.00000
-0.00000,-0.00000,0.32238,0.00000,0.00000,-0.00000
0.00000,-0.00000,0.32350,-0.00000,-0.00000,0.00000
-0.00000,0.00000,0.32463,0.00000,-0.00000,0.00000
0.00000,-0.00000,0.32575,0.00000,0.00000,0.00000
0.00000,-0.00000,0.32688,-0.00000,0.00000,0.00000
0.00000,-0.00000,0.32800,0.00000,-0.00000,-0.00000
0.00000,-0.00000,0.32912,0.00000,-0.00000,-0.00000
0.00000,-0.00000,0.33025,-0.00000,0.00000,0.00000
-0.00000,0.00000,0.33137,-0.00000,0.00000,0.00000
0.00000,-0.00000,0.33250,0.00000,-0.00000,-0.00000
-0.00000,0.00000,0.33362,-0.00000,0.00000,0.00000
0.00000,0.00000,0.33475,-0.00000,-0.00000,0.00000
-0.00000,-0.00000,0.33587,0.00000,-0.00000,0.00000
-0.00000,0.00000,0.33700,0.00000,-0.00000,-0.00000
-0.00000,0.00000,0.33812,0.00000,0.00000,-0.00000
-0.00000,0.00000,0.33925,0.00000,0.00000,0.00000
-0.00000,-0.00000,0.34037,-0.00000,-0.00000,0.00000
-0.00000,-0.00000,0.34149,-0.00000,0.00000,0.00000
0.00000,0.00000,0.34262,0.00000,-0.00000,0.00000
-0.00000,-0.00000,0.34374,-0.00000,-0.00000,-0.00000
-0.00000,0.00000,0.34486,-0.00000,-0.00000,-0.00000
-0.00000,-0.00000,0.34599,-0.00000,0.00000,0.00000
0.00000,0.00000,0.34711,-0.00000,0.00000,0.00000
-0.00000,0.00000,0.34823,-0.00000,-0.00000,-0.00000
-0.00000,-0.00000,0.34935,0.00000,0.00000,0.00000
-0.00000,-0.00000,0.35048,0.00000,0.00000,0.00000
-0.00000,-0.00000,0.35160,-0.00000,0.00000,0.00000
0.00000,-0.00000,0.35272,-0.00000,-0.00000,0.00000
-0.00000,-0.00000,0.35384,-0.00000,0.00000,-0.00000
0.00000,-0.00000,0.35496,0.00000,-0.00000,-0.00000
-0.00000,0.00000,0.35608,-0.00000,-0.00000,0.00000
0.00000,0.00000,0.35720,0.00000,0.00000,0.00000
-0.00000,-0.00000,0.35832,0.00000,0.00000,0.00000
-0.00000,-0.00000,0.35943,-0.00000,0.00000,-0.00000
0.00000,-0.00000,0.36055,-0.00000,-0.00000,0.00000
-0.00000,0.00000,0.36167,0.00000,-0.00000,0.00000
-0.00000,-0.00000,0.36279,-0.00000,0.00000,-0.00000
-0.00000,0.00000,0.36390,0.00000,0.00000,0.00000
0.00000,0.00000,0.36502,0.00000,-0.00000,-0.00000
-0.00000,-0.00000,0.36613,-0.00000,0.00000,-0.00000
0.00000,0.00000,0.36725,-0.00000,-0.00000,0.00000
-0.00000,0.00000,0.36836,0.00000,0.00000,0.00000
-0.00000,0.00000,0.36947,-0.00000,-0.00000,0.00000
0.00000,0.00000,0.37059,0.00000,0.00000,-0.00000
-0.00000,0.00000,0.37170,-0.00000,-0.00000,-0.00000
0.00000,0.00000,0.37281,-0.00000,0.00000,0.00000
-0.00000,-0.00000,0.37392,-0.00000,-0.00000,-0.00000
-0.00000,-0.00000,0.37503,-0.00000,-0.00000,0.00000
0.00000,0.00000,0.37614,-0.00000,0.00000,0.00000
-0.00000,-0.00000,0.37725,0.00000,0.00000,-0.00000
0.00000,-0.00000,0.37835,0.00000,-0.00000,0.00000
0.00000,-0.00000,0.37946,-0.00000,-0.00000,0.00000
0.00000,0.00000,0.38056,0.00000,-0.00000,0.00000
-0.00000,0.00000,0.38167,0.00000,0.00000,-0.00000
-0.00000,-0.00000,0.38277,0.00000,-0.00000,-0.00000
0.00000,-0.00000,0.38388,-0.00000,-0.00000,0.00000
0.00000,0.00000,0.38498,0.00000,0.00000,0.00000
0.00000,0.00000,0.38608,0.00000,-0.00000,0.00000
-0.00000,0.00000,0.38718,-0.00000,0.00000,0.00000
0.00000,-0.00000,0.38828,-0.00000,0.00000,0.00000
-0.00000,0.00000,0.38938,0.00000,-0.00000,0.00000
-0.00000,0.00000,0.39048,-0.00000,0.00000,-0.00000
0.00000,0.00000,0.39157,0.00000,0.00000,-0.00000
0.00000,0.00000,0.39267,-0.00000,0.00000,-0.00000
0.00000,0.00000,0.39376,0.00000,0.00000,0.00000
0.00000,0.00000,0.39485,0.00000,-0.00000,-0.00000
0.00000,0.00000,0.39595,-0.00000,0.00000,-0.00000
0.00000,0.00000,0.39704,0.00000,0.00000,0.00000
0.00000,0.00000,0.39813,0.00000,-0.00000,-0.00000
-0.00000,0.00000,0.39922,0.00000,0.00000,0.00000
-0.00000,-0.00000,0.40031,0.00000,0.00000,-0.00000
0.00000,-0.00000,0.40139,-0.00000,-0.00000,0.00000
-0.00000,0.00000,0.40248,-0.00000,-0.00000,0.00000
-0.00000,0.00000,0.40356,0.00000,0.00000,0.00000
0.00000,-0.00000,0.40465,-0.00000,-0.00000,-0.00000
0.00000,0.00000,0.40573,-0.00000,-0.00000,0.00000
-0.00000,0.00000,0.40681,-0.00000,0.00000,-0.00000
-0.00000,0.00000,0.40789,-0.00000,-0.00000,-0.00000
0.00000,0.00000,0.40897,0.00000,0.00000,-0.00000
0.00000,-0.00000,0.41004,-0.00000,-0.00000,0.00000
-0.00000,0.00000,0.41112,-0.00000,-0.00000,-0.00000
0.00000,-0.00000,0.41219,0.00000,0.00000,0.00000
0.00000,0.00000,0.41327,0.00000,-0.00000,-0.00000
-0.00000,0.00000,0.41434,-0.00000,0.00000,0.00000
-0.00000,-0.00000,0.41541,0.00000,0.00000,0.00000
0.00000,-0.00000,0.41648,-0.00000,-0.00000,0.00000
0.00000,0.00000,0.41754,-0.00000,-0.00000,0.00000
-0.00000,-0.00000,0.41861,0.00000,-0.00000,0.00000
-0.00000,0.00000,0.41967,-0.00000,-0.00000,0.00000
0.00000,-0.00000,0.42074,-0.00000,-0.00000,-0.00000
-0.00000,-0.00000,0.42180,0.00000,0.00000,0.00000
0.00000,-0.00000,0.42286,-0.00000,-0.00000,0.00000
-0.00000,0.00000,0.42392,0.00000,0.00000,0.00000
0.00000,0.00000,0.42497,-0.00000,0.00000,0.00000
0.00000,0.00000,0.42603,0.00000,0.00000,0.00000
0.00000,0.00000,0.42708,0.00000,0.00000,-0.00000
0.00000,-0.00000,0.42814,-0.00000,-0.00000,-0.00000
-0.00000,0.00000,0.42919,0.00000,0.00000,-0.00000
0.00000,0.00000,0.43024,0.00000,-0.00000,-0.00000
-0.00000,0.00000,0.43128,0.00000,0.00000,-0.00000
-0.00000,0.00000,0.43233,-0.00000,-0.00000,0.00000
0.00000,-0.00000,0.43338,0.00000,0.00000,0.00000
-0.00000,0.00000,0.43442,0.00000,0.00000,0.00000
0.00000,-0.00000,0.43546,0.00000,-0.00000,0.00000
-0.00000,0.00000,0.43650,-0.00000,0.00000,-0.00000
0.00000,0.00000,0.43754,0.00000,-0.00000,0.00000
0.00000,0.00000,0.43857,-0.00000,-0.00000,0.00000
0.00000,0.00000,0.43961,-0.00000,0.00000,-0.00000
-0.00000,0.00000,0.44064,0.00000,0.00000,-0.00000
-0.00000,0.00000,0.44167,0.00000,0.00000,-0.00000
-0.00000,0.00000,0.44270,0.00000,0.00000,0.00000
0.00000,0.00000,0.44373,0.00000,-0.00000,-0.00000
0.00000,0.00000,0.44475,-0.00000,-0.00000,0.00000
0.00000,0.00000,0.44577,-0.00000,-0.00000,-0.00000
-0.00000,0.00000,0.44680,0.00000,-0.00000,0.00000
0.00000,-0.00000,0.44781,0.00000,0.00000,-0.00000
0.00000,-0.00000,0.44883,-0.00000,-0.00000,0.00000
0.00000,0.00000,0.44985,-0.00000,-0.00000,0.00000
-0.00000,-0.00000,0.45086,0.00000,0.00000,0.00000
0.00000,0.00000,0.45187,0.00000,0.00000,-0.00000
0.00000,0.00000,0.45288,0.00000,0.00000,0.00000
0.00000,0.00000,0.45389,-0.00000,0.00000,-0.00000
0.00000,0.00000,0.45490,-0.00000,0.00000,-0.00000
0.00000,0.00000,0.45590,-0.00000,-0.00000,0.00000
0.00000,0.00000,0.45691,0.00000,0.00000,-0.00000
0.00000,-0.00000,0.45791,0.00000,-0.00000,0.00000
0.00000,-0.00000,0.45890,-0.00000,0.00000,-0.00000
0.00000,0.00000,0.45990,0.00000,0.00000,0.00000
-0.00000,-0.00000,0.46089,0.00000,0.00000,-0.00000
0.00000,-0.00000,0.46189,0.00000,-0.00000,-0.00000
-0.00000,-0.00000,0.46288,0.00000,0.00000,0.00000
0.00000,-0.00000,0.46386,-0.00000,-0.00000,0.00000
-0.00000,-0.00000,0.46485,-0.00000,0.00000,0.00000
0.00000,-0.00000,0.46583,0.00000,0.00000,-0.00000
0.00000,0.00000,0.46681,-0.00000,-0.00000,0.00000
0.00000,0.00000,0.46779,-0.00000,0.00000,0.00000
-0.00000,-0.00000,0.46877,-0.00000,-0.00000,-0.00000
0.00000,0.00000,0.46974,0.00000,0.00000,-0.00000
-0.00000,-0.00000,0.47072,-0.00000,0.00000,-0.00000
-0.00000,0.00000,0.47169,-0.00000,-0.00000,0.00000
0.00000,-0.00000,0.47266,-0.00000,-0.00000,0.00000
-0.00000,-0.00000,0.47362,0.00000,0.00000,0.00000
-0.00000,0.00000,0.47458,0.00000,0.00000,0.00000
-0.00000,0.00000,0.47555,0.00000,0.00000,-0.00000
0.00000,-0.00000,0.47650,-0.00000,-0.00000,-0.00000
-0.00000,-0.00000,0.47746,0.00000,-0.00000,-0.00000
0.00000,-0.00000,0.47842,0.00000,-0.00000,0.00000
0.00000,-0.00000,0.47937,0.00000,-0.00000,0.00000
0.00000,0.00000,0.48032,-0.00000,-0.00000,0.00000
-0.00000,0.00000,0.48126,0.00000,0.00000,-0.00000
0.00000,-0.00000,0.48221,0.00000,-0.00000,-0.00000
0.00000,-0.00000,0.48315,-0.00000,-0.00000,-0.00000
-0.00000,0.00000,0.48409,0.00000,0.00000,0.00000
-0.00000,-0.00000,0.48503,0.00000,0.00000,-0.00000
0.00000,-0.00000,0.48597,-0.00000,-0.00000,0.00000
0.00000,0.00000,0.48690,0.00000,-0.00000,0.00000
-0.00000,-0.00000,0.48783,-0.00000,-0.00000,-0.00000
-0.00000,0.00000,0.48876,0.00000,-0.00000,-0.00000
-0.00000,0.00000,0.48968,0.00000,0.00000,-0.00000
-0.00000,0.00000,0.49061,0.00000,-0.00000,-0.00000
-0.00000,-0.00000,0.49153,-0.00000,-0.00000,-0.00000
0.00000,-0.00000,0.49244,0.00000,0.00000,-0.00000
0.00000,-0.00000,0.49336,0.00000,0.00000,0.00000
0.00000,-0.00000,0.49427,-0.00000,-0.00000,-0.00000
-0.00000,0.00000,0.49518,-0.00000,0.00000,0.00000
-0.00000,-0.00000,0.49609,0.00000,0.00000,-0.00000
-0.00000,0.00000,0.49699,-0.00000,0.00000,0.00000
0.00000,-0.00000,0.49790,-0.00000,0.00000,-0.00000
-0.00000,0.00000,0.49880,-0.00000,0.00000,0.00000
-0.00000,0.00000,0.49969,-0.00000,0.00000,0.00000
-0.00000,-0.00000,0.50059,-0.00000,-0.00000,0.00000
0.00000,-0.00000,0.50148,-0.00000,0.00000,-0.00000
-0.00000,0.00000,0.50237,0.00000,0.00000,0.00000
-0.00000,-0.00000,0.50326,-0.00000,0.00000,0.00000
-0.00000,-0.00000,0.50414,-0.00000,0.00000,-0.00000
0.00000,0.00000,0.50502,0.00000,0.00000,-0.00000
0.00000,0.00000,0.50590,-0.00000,-0.00000,0.00000
0.00000,0.00000,0.50678,0.00000,-0.00000,-0.00000
-0.00000,-0.00000,0.50765,0.00000,0.00000,0.00000
0.00000,0.00000,0.50852,-0.00000,0.00000,0.00000
-0.00000,0.00000,0.50939,0.00000,0.00000,0.00000
-0.00000,-0.00000,0.51025,-0.00000,0.00000,-0.00000
0.00000,-0.00000,0.51111,0.00000,-0.00000,-0.00000
0.00000,0.00000,0.51197,0.00000,-0.00000,-0.00000
-0.00000,0.00000,0.51283,0.00000,0.00000,0.00000
-0.00000,0.00000,0.51368,-0.00000,0.00000,0.00000
0.00000,0.00000,0.51454,0.00000,0.00000,-0.00000
-0.00000,-0.00000,0.51538,0.00000,0.00000,-0.00000
0.00000,0.00000,0.51623,-0.00000,0.00000,-0.00000
-0.00000,-0.00000,0.51707,0.00000,-0.00000,0.00000
-0.00000,0.00000,0.51791,0.00000,-0.00000,-0.00000
-0.00000,-0.00000,0.51875,0.00000,0.00000,-0.00000
0.00000,-0.00000,0.51958,0.00000,0.00000,0.00000
0.00000,-0.00000,0.52041,0.00000,0.00000,0.00000
-0.00000,-0.00000,0.52124,0.00000,-0.00000,0.00000
-0.00000,-0.00000,0.52206,0.00000,0.00000,-0.00000
-0.00000,0.00000,0.52289,0.00000,-0.00000,-0.00000
-0.00000,-0.00000,0.52371,0.00000,-0.00000,-0.00000
-0.00000,0.00000,0.52452,0.00000,0.00000,0.00000
-0.00000,-0.00000,0.52534,0.00000,-0.00000,-0.00000
0.00000,0.00000,0.52615,0.00000,-0.00000,0.00000
0.00000,0.00000,0.52695,0.00000,-0.00000,0.00000
0.00000,-0.00000,0.52776,0.00000,-0.00000,-0.00000
-0.00000,-0.00000,0.52856,-0.00000,-0.00000,-0.00000
-0.00000,0.00000,0.52936,-0.00000,0.00000,0.00000
0.00000,0.00000,0.53015,0.00000,-0.00000,-0.00000
-0.00000,-0.00000,0.53094,0.00000,-0.00000,-0.00000
-0.00000,0.00000,0.53173,-0.00000,0.00000,-0.00000
-0.00000,-0.00000,0.53252,-0.00000,0.00000,-0.00000
0.00000,0.00000,0.53330,-0.00000,-0.00000,-0.00000
0.00000,0.00000,0.53408,-0.00000,-0.00000,-0.00000
-0.00000,-0.00000,0.53486,-0.00000,0.00000,-0.00000
0.00000,0.00000,0.53563,0.00000,-0.00000,0.00000
0.00000,-0.00000,0.53640,-0.00000,0.00000,-0.00000
0.00000,-0.00000,0.53717,0.00000,0.00000,0.00000
-0.00000,0.00000,0.53794,-0.00000,0.00000,-0.00000
-0.00000,0.00000,0.53870,0.00000,-0.00000,-0.00000
0.00000,-0.00000,0.53946,-0.00000,0.00000,0.00000
-0.00000,0.00000,0.54021,0.00000,-0.00000,-0.00000
0.00000,-0.00000,0.54096,0.00000,-0.00000,-0.00000
0.00000,0.00000,0.54171,-0.00000,-0.00000,-0.00000
0.00000,0.00000,0.54246,0.00000,-0.00000,-0.00000
0.00000,-0.00000,0.54320,0.00000,-0.00000,-0.00000
-0.00000,0.00000,0.54394,-0.00000,0.00000,0.00000
-0.00000,0.00000,0.54468,-0.00000,-0.00000,0.00000
0.00000,-0.00000,0.54541,0.00000,0.00000,0.00000
-0.00000,-0.00000,0.54614,0.00000,-0.00000,0.00000
-0.00000,0.00000,0.54687,0.00000,0.00000,0.00000
0.00000,-0.00000,0.54759,-0.00000,0.00000,0.00000
0.00000,0.00000,0.54831,0.00000,0.00000,-0.00000
0.00000,0.00000,0.54903,0.00000,0.00000,0.00000
-0.00000,0.00000,0.54974,-0.00000,0.00000,0.00000
0.00000,-0.00000,0.55045,0.00000,0.00000,-0.00000
0.00000,0.00000,0.55116,-0.00000,-0.00000,0.00000
-0.00000,-0.00000,0.55187,0.00000,-0.00000,0.00000
-0.00000,0.00000,0.55257,-0.00000,0.00000,0.00000
-0.00000,0.00000,0.55326,0.00000,-0.00000,-0.00000
0.00000,0.00000,0.55396,0.00000,-0.00000,-0.00000
-0.00000,-0.00000,0.55465,-0.00000,0.00000,-0.00000
-0.00000,0.00000,0.55534,-0.00000,-0.00000,-0.00000
-0.00000,0.00000,0.55602,-0.00000,0.00000,0.00000
0.00000,0.00000,0.55670,0.00000,-0.00000,0.00000
-0.00000,0.00000,0.55738,0.00000,0.00000,-0.00000
-0.00000,-0.00000,0.55806,-0.00000,-0.00000,0.00000
-0.00000,-0.00000,0.55873,0.00000,0.00000,-0.00000
-0.00000,0.00000,0.55939,0.00000,0.00000,-0.00000
-0.00000,0.00000,0.56006,-0.00000,0.00000,0.00000
0.00000,-0.00000,0.56072,0.00000,0.00000,0.00000
0.00000,0.00000,0.56138,-0.00000,-0.00000,-0.00000
0.00000,0.00000,0.56203,-0.00000,-0.00000,0.00000
-0.00000,-0.00000,0.56268,0.00000,0.00000,0.00000
-0.00000,0.00000,0.56333,-0.00000,-0.00000,0.00000
0.00000,0.00000,0.56398,-0.00000,-0.00000,-0.00000
-0.00000,0.00000,0.56462,-0.00000,-0.00000,0.00000
0.00000,0.00000,0.56526,-0.00000,-0.00000,0.00000
0.00000,-0.00000,0.56589,-0.00000,-0.00000,-0.00000
-0.00000,0.00000,0.56652,-0.00000,0.00000,0.00000
0.00000,0.00000,0.56715,-0.00000,0.00000,-0.00000
0.00000,0.00000,0.56777,0.00000,-0.00000,-0.00000
0.00000,0.00000,0.56839,-0.00000,-0.00000,0.00000
0.00000,-0.00000,0.56901,0.00000,-0.00000,-0.00000
-0.00000,0.00000,0.56963,-0.00000,0.00000,-0.00000
-0.00000,-0.00000,0.57024,0.00000,0.00000,-0.00000
0.00000,-0.00000,0.57084,-0.00000,0.00000,0.00000
0.00000,-0.00000,0.57145,0.00000,0.00000,-0.00000
0.00000,-0.00000,0.57205,0.00000,-0.00000,0.00000
-0.00000,0.00000,0.57265,-0.00000,-0.00000,-0.00000
0.00000,0.00000,0.57324,0.00000,-0.00000,0.00000
-0.00000,0.00000,0.57383,0.00000,0.00000,-0.00000
0.00000,-0.00000,0.57442,-0.00000,0.00000,0.00000
-0.00000,-0.00000,0.57500,-0.00000,0.00000,-0.00000
-0.00000,0.00000,0.57558,0.00000,-0.00000,-0.00000
0.00000,0.00000,0.57616,-0.00000,-0.00000,-0.00000
0.00000,0.00000,0.57673,-0.00000,-0.00000,-0.00000
-0.00000,-0.00000,0.57730,-0.00000,0.00000,0.00000
-0.00000,0.00000,0.57787,-0.00000,0.00000,-0.00000
-0.00000,-0.00000,0.57843,-0.00000,-0.00000,0.00000
0.00000,0.00000,0.57899,-0.00000,-0.00000,0.00000
0.00000,-0.00000,0.57954,0.00000,0.00000,0.00000
0.00000,0.00000,0.58010,0.00000,-0.00000,-0.00000
-0.00000,0.00000,0.58065,0.00000,-0.00000,-0.00000
-0.00000,-0.00000,0.58119,-0.00000,-0.00000,0.00000
-0.00000,-0.00000,0.58173,0.00000,0.00000,-0.00000
0.00000,-0.00000,0.58227,-0.00000,-0.00000,0.00000
0.00000,-0.00000,0.58281,-0.00000,-0.00000,-0.00000
-0.00000,0.00000,0.58334,0.00000,0.00000,0.00000
0.00000,-0.00000,0.58387,-0.00000,-0.00000,-0.00000
0.00000,0.00000,0.58439,-0.00000,0.00000,-0.00000
0.00000,0.00000,0.58491,-0.00000,-0.00000,-0.00000
-0.00000,0.00000,0.58543,-0.00000,0.00000,0.00000
0.00000,-0.00000,0.58595,0.00000,-0.00000,0.00000
-0.00000,-0.00000,0.58646,0.00000,0.00000,0.00000
0.00000,-0.00000,0.58697,-0.00000,0.00000,0.00000
0.00000,0.00000,0.58747,0.00000,-0.00000,-0.00000
0.00000,-0.00000,0.58797,-0.00000,-0.00000,0.00000
0.00000,-0.00000,0.58847,-0.00000,0.00000,-0.00000
-0.00000,-0.00000,0.58896,-0.00000,-0.00000,0.00000
-0.00000,-0.00000,0.58945,-0.00000,0.00000,-0.00000
0.00000,-0.00000,0.58994,0.00000,0.00000,0.00000
-0.00000,-0.00000,0.59042,-0.00000,-0.00000,-0.00000
-0.00000,-0.00000,0.59090,0.00000,-0.00000,0.00000
-0.00000,0.00000,0.59138,0.00000,0.00000,-0.00000
-0.00000,-0.00000,0.59185,0.00000,-0.00000,0.00000
0.00000,-0.00000,0.59232,-0.00000,-0.00000,-0.00000
-0.00000,-0.00000,0.59279,-0.00000,-0.00000,0.00000
-0.00000,-0.00000,0.59325,0.00000,0.00000,-0.00000
-0.00000,0.00000,0.59371,-0.00000,0.00000,-0.00000
0.00000,-0.00000,0.59416,0.00000,0.00000,0.00000
-0.00000,0.00000,0.59461,-0.00000,-0.00000,0.00000
-0.00000,-0.00000,0.59506,-0.00000,-0.00000,-0.00000
0.00000,-0.00000,0.59551,-0.00000,-0.00000,-0.00000
-0.00000,0.00000,0.59595,0.00000,-0.00000,0.00000
0.00000,0.00000,0.59639,0.00000,-0.00000,-0.00000
-0.00000,-0.00000,0.59682,-0.00000,0.00000,0.00000
-0.00000,0.00000,0.59726,-0.00000,0.00000,-0.00000
-0.00000,-0.00000,0.59768,-0.00000,0.00000,0.00000
-0.00000,0.00000,0.59811,-0.00000,0.00000,-0.00000
0.00000,0.00000,0.59853,-0.00000,-0.00000,0.00000
0.00000,0.00000,0.59895,-0.00000,-0.00000,0.00000
-0.00000,0.00000,0.59936,-0.00000,0.00000,0.00000
-0.00000,-0.00000,0.59977,0.00000,0.00000,-0.00000
0.00000,0.00000,0.60018,0.00000,-0.00000,0.00000
0.00000,0.00000,0.60058,-0.00000,-0.00000,-0.00000
-0.00000,-0.00000,0.60098,0.00000,0.00000,0.00000
-0.00000,-0.00000,0.60138,-0.00000,0.00000,-0.00000
-0.00000,-0.00000,0.60178,-0.00000,-0.00000,0.00000
0.00000,0.00000,0.60217,0.00000,-0.00000,-0.00000
-0.00000,0.00000,0.60255,-0.00000,0.00000,0.00000
-0.00000,0.00000,0.60294,-0.00000,-0.00000,-0.00000
0.00000,-0.00000,0.60332,0.00000,-0.00000,-0.00000
-0.00000,0.00000,0.60369,-0.00000,0.00000,-0.00000
-0.00000,0.00000,0.60407,0.00000,-0.00000,0.00000
-0.00000,0.00000,0.60444,0.00000,0.00000,0.00000
0.00000,-0.00000,0.60480,-0.00000,-0.00000,-0.00000
-0.00000,0.00000,0.60517,0.00000,-0.00000,0.00000
0.00000,-0.00000,0.60553,-0.00000,-0.00000,-0.00000
-0.00000,0.00000,0.60588,0.00000,0.00000,-0.00000
-0.00000,0.00000,0.60624,-0.00000,0.00000,-0.00000
-0.00000,0.00000,0.60659,-0.00000,-0.00000,0.00000
0.00000,0.00000,0.60693,0.00000,0.00000,0.00000
0.00000,-0.00000,0.60728,-0.00000,0.00000,0.00000
0.00000,0.00000,0.60762,0.00000,0.00000,0.00000
-0.00000,0.00000,0.60795,0.00000,0.00000,0.00000
-0.00000,0.00000,0.60829,0.00000,-0.00000,0.00000
0.00000,0.00000,0.60862,0.00000,0.00000,0.00000
-0.00000,-0.00000,0.60894,-0.00000,0.00000,0.00000
0.00000,-0.00000,0.60927,-0.00000,-0.00000,-0.00000
-0.00000,-0.00000,0.60959,-0.00000,-0.00000,0.00000
0.00000,0.00000,0.60991,0.00000,-0.00000,0.00000
-0.00000,0.00000,0.61022,-0.00000,0.00000,0.00000
-0.00000,-0.00000,0.61053,0.00000,0.00000,-0.00000
0.00000,0.00000,0.61084,0.00000,-0.00000,-0.00000
-0.00000,-0.00000,0.61114,0.00000,0.00000,-0.00000
0.00000,-0.00000,0.61144,-0.00000,-0.00000,-0.00000
0.00000,0.00000,0.61174,0.00000,0.00000,0.00000
-0.00000,0.00000,0.61203,0.00000,0.00000,0.00000
0.00000,0.00000,0.61232,-0.00000,-0.00000,0.00000
0.00000,-0.00000,0.61261,-0.00000,0.00000,-0.00000
0.00000,-0.00000,0.61290,0.00000,0.00000,0.00000
0.00000,0.00000,0.61318,-0.00000,-0.00000,0.00000
-0.00000,-0.00000,0.61346,0.00000,-0.00000,0.00000
0.00000,-0.00000,0.61373,-0.00000,-0.00000,-0.00000
0.00000,0.00000,0.61400,0.00000,-0.00000,0.00000
0.00000,0.00000,0.61427,-0.00000,0.00000,-0.00000
-0.00000,-0.00000,0.61454,0.00000,-0.00000,-0.00000
0.00000,-0.00000,0.61480,0.00000,-0.00000,-0.00000
-0.00000,0.00000,0.61506,0.00000,0.00000,-0.00000
-0.00000,0.00000,0.61532,0.00000,0.00000,-0.00000
0.00000,-0.00000,0.61557,-0.00000,0.00000,-0.00000
-0.00000,0.00000,0.61582,0.00000,0.00000,0.00000
-0.00000,0.00000,0.61607,-0.00000,0.00000,-0.00000
-0.00000,-0.00000,0.61631,-0.00000,0.00000,-0.00000
0.00000,-0.00000,0.61655,0.00000,0.00000,0.00000
0.00000,-0.00000,0.61679,-0.00000,0.00000,-0.00000
-0.00000,-0.00000,0.61702,0.00000,-0.00000,-0.00000
0.00000,-0.00000,0.61725,-0.00000,-0.00000,0.00000
0.00000,-0.00000,0.61748,0.00000,-0.00000,0.00000
-0.00000,0.00000,0.61771,-0.00000,0.00000,0.00000
-0.00000,0.00000,0.61793,0.00000,0.00000,-0.00000
0.00000,0.00000,0.61815,0.00000,-0.00000,0.00000
0.00000,0.00000,0.61837,0.00000,0.00000,0.00000
0.00000,-0.00000,0.61858,-0.00000,-0.00000,0.00000
0.00000,0.00000,0.61879,-0.00000,0.00000,0.00000
-0.00000,0.00000,0.61900,0.00000,-0.00000,-0.00000
0.00000,0.00000,0.61921,-0.00000,0.00000,0.00000
-0.00000,0.00000,0.61941,0.00000,-0.00000,0.00000
-0.00000,0.00000,0.61961,0.00000,0.00000,0.00000
-0.00000,-0.00000,0.61980,0.00000,-0.00000,-0.00000
0.00000,0.00000,0.62000,0.00000,0.00000,-0.00000
0.00000,0.00000,0.62019,-0.00000,-0.00000,0.00000
0.00000,0.00000,0.62038,0.00000,0.00000,0.00000
-0.00000,-0.00000,0.62056,-0.00000,-0.00000,0.00000
-0.00000,0.00000,0.62074,0.00000,0.00000,-0.00000
-0.00000,-0.00000,0.62092,0.00000,-0.00000,0.00000
-0.00000,-0.00000,0.62110,-0.00000,0.00000,0.00000
-0.00000,-0.00000,0.62127,-0.00000,-0.00000,-0.00000
-0.00000,0.00000,0.62144,0.00000,-0.00000,-0.00000
-0.00000,0.00000,0.62161,-0.00000,0.00000,-0.00000
0.00000,-0.00000,0.62178,0.00000,-0.00000,0.00000
-0.00000,-0.00000,0.62194,-0.00000,0.00000,-0.00000
-0.00000,0.00000,0.62210,-0.00000,-0.00000,0.00000
-0.00000,-0.00000,0.62226,0.00000,0.00000,-0.00000
-0.00000,0.00000,0.62241,0.00000,-0.00000,0.00000
0.00000,-0.00000,0.62257,0.00000,-0.00000,0.00000
-0.00000,0.00000,0.62272,-0.00000,0.00000,-0.00000
-0.00000,-0.00000,0.62286,0.00000,0.00000,0.00000
-0.00000,0.00000,0.62301,-0.00000,-0.00000,0.00000
-0.00000,0.00000,0.62315,0.00000,0.00000,-0.00000
-0.00000,0.00000,0.62329,0.00000,-0.00000,0.00000
0.00000,-0.00000,0.62343,-0.00000,0.00000,0.00000
-0.00000,-0.00000,0.62356,0.00000,0.00000,0.00000
0.00000,-0.00000,0.62369,0.00000,0.00000,0.00000
0.00000,-0.00000,0.62382,-0.00000,-0.00000,0.00000
-0.00000,0.00000,0.62395,-0.00000,-0.00000,0.00000
0.00000,-0.00000,0.62407,0.00000,0.00000,0.00000
0.00000,0.00000,0.62420,0.00000,-0.00000,0.00000
0.00000,-0.00000,0.62431,0.00000,0.00000,-0.00000
-0.00000,0.00000,0.62443,0.00000,0.00000,0.00000
0.00000,0.00000,0.62455,0.00000,-0.00000,-0.00000
0.00000,-0.00000,0.62466,-0.00000,-0.00000,0.00000
0.00000,-0.00000,0.62477,-0.00000,0.00000,-0.00000
-0.00000,0.00000,0.62488,0.00000,-0.00000,0.00000
-0.00000,-0.00000,0.62498,-0.00000,0.00000,0.00000
0.00000,0.00000,0.62509,0.00000,-0.00000,0.00000
0.00000,-0.00000,0.62519,0.00000,0.00000,-0.00000
-0.00000,0.00000,0.62528,-0.00000,-0.00000,0.00000
0.00000,-0.00000,0.62538,0.00000,0.00000,0.00000
0.00000,-0.00000,0.62548,-0.00000,0.00000,-0.00000
0.00000,-0.00000,0.62557,0.00000,0.00000,0.00000
0.00000,0.00000,0.62566,0.00000,0.00000,0.00000
0.00000,-0.00000,0.62574,0.00000,-0.00000,0.00000
-0.00000,0.00000,0.62583,0.00000,-0.00000,0.00000
0.00000,-0.00000,0.62591,-0.00000,-0.00000,0.00000
0.00000,-0.00000,0.62600,-0.00000,0.00000,0.00000
0.00000,-0.00000,0.62607,-0.00000,-0.00000,0.00000
0.00000,0.00000,0.62615,0.00000,-0.00000,0.00000
0.00000,0.00000,0.62623,0.00000,-0.00000,0.00000
0.00000,-0.00000,0.62630,-0.00000,0.00000,0.00000
0.00000,-0.00000,0.62637,0.00000,0.00000,-0.00000
-0.00000,0.00000,0.62644,0.00000,-0.00000,0.00000
-0.00000,0.00000,0.62651,-0.00000,0.00000,0.00000
-0.00000,0.00000,0.62657,0.00000,0.00000,-0.00000
0.00000,-0.00000,0.62664,-0.00000,0.00000,0.00000
-0.00000,0.00000,0.62670,-0.00000,0.00000,0.00000
0.00000,0.00000,0.62676,0.00000,-0.00000,-0.00000
0.00000,0.00000,0.62682,-0.00000,-0.00000,0.00000
-0.00000,-0.00000,0.62687,0.00000,-0.00000,0.00000
0.00000,-0.00000,0.62693,0.00000,0.00000,0.00000
0.00000,-0.00000,0.62698,-0.00000,-0.00000,0.00000
-0.00000,0.00000,0.62703,0.00000,-0.00000,-0.00000
-0.00000,-0.00000,0.62708,-0.00000,0.00000,0.00000
0.00000,-0.00000,0.62713,0.00000,-0.00000,0.00000
-0.00000,-0.00000,0.62718,0.00000,0.00000,0.00000
-0.00000,0.00000,0.62722,-0.00000,0.00000,0.00000
-0.00000,0.00000,0.62726,0.00000,0.00000,0.00000
-0.00000,-0.00000,0.62731,-0.00000,-0.00000,0.00000
-0.00000,0.00000,0.62734,-0.00000,-0.00000,0.00000
-0.00000,-0.00000,0.62738,-0.00000,0.00000,0.00000
0.00000,-0.00000,0.62742,0.00000,-0.00000,-0.00000
0.00000,-0.00000,0.62746,0.00000,0.00000,0.00000
0.00000,-0.00000,0.62749,0.00000,0.00000,-0.00000
-0.00000,-0.00000,0.62752,-0.00000,0.00000,0.00000
0.00000,0.00000,0.62755,-0.00000,-0.00000,-0.00000
-0.00000,-0.00000,0.62758,-0.00000,-0.00000,0.00000
-0.00000,0.00000,0.62761,0.00000,0.00000,0.00000
-0.00000,-0.00000,0.62764,-0.00000,-0.00000,0.00000
0.00000,0.00000,0.62766,0.00000,0.00000,0.00000
-0.00000,-0.00000,0.62769,-0.00000,0.00000,-0.00000
-0.00000,0.00000,0.62771,0.00000,0.00000,-0.00000
0.00000,-0.00000,0.62773,-0.00000,0.00000,0.00000
-0.00000,0.00000,0.62776,0.00000,0.00000,-0.00000
-0.00000,0.00000,0.62778,-0.00000,-0.00000,0.00000
-0.00000,0.00000,0.62779,0.00000,-0.00000,0.00000
0.00000,-0.00000,0.62781,-0.00000,0.00000,0.00000
-0.00000,-0.00000,0.62783,-0.00000,0.00000,0.00000
0.00000,-0.00000,0.62785,-0.00000,0.00000,-0.00000
0.00000,-0.00000,0.62786,-0.00000,0.00000,0.00000
0.00000,0.00000,0.62787,0.00000,-0.00000,-0.00000
0.00000,-0.00000,0.62789,0.00000,-0.00000,-0.00000
0.00000,-0.00000,0.62790,0.00000,-0.00000,-0.00000
0.00000,0.00000,0.62791,0.00000,0.00000,-0.00000
0.00000,-0.00000,0.62792,-0.00000,-0.00000,-0.00000
0.00000,0.00000,0.62793,-0.00000,-0.00000,0.00000
0.00000,-0.00000,0.62794,-0.00000,-0.00000,0.00000
0.00000,-0.00000,0.62795,0.00000,-0.00000,0.00000
-0.00000,0.00000,0.62795,-0.00000,-0.00000,-0.00000
0.00000,0.00000,0.62796,0.00000,0.00000,-0.00000
-0.00000,0.00000,0.62797,-0.00000,-0.00000,-0.00000
-0.00000,-0.00000,0.62797,-0.00000,0.00000,0.00000
0.00000,-0.00000,0.62798,0.00000,-0.00000,-0.00000
0.00000,-0.00000,0.62798,0.00000,-0.00000,0.00000
0.00000,0.00000,0.62798,0.00000,-0.00000,0.00000
-0.00000,-0.00000,0.62799,-0.00000,0.00000,-0.00000
0.00000,-0.00000,0.62799,-0.00000,-0.00000,0.00000
0.00000,-0.00000,0.62799,-0.00000,-0.00000,0.00000
0.00000,0.00000,0.62799,-0.00000,-0.00000,-0.00000
0.00000,-0.00000,0.62800,-0.00000,-0.00000,0.00000
0.00000,0.00000,0.62800,-0.00000,-0.00000,0.00000
-0.00000,0.00000,0.62800,0.00000,0.00000,0.00000
0.00000,0.00000,0.62800,0.00000,0.00000,0.00000
-0.00000,0.00000,0.62800,0.00000,-0.00000,-0.00000
-0.00000,0.00000,0.62800,0.00000,-0.00000,-0.00000
-0.00000,0.00000,0.62800,0.00000,-0.00000,-0.00000
-0.00000,0.00000,0.62800,0.00000,0.00000,-0.00000
0.00000,0.00000,0.62800,0.00000,-0.00000,-0.00000
0.00000,0.00000,0.62800,0.00000,0.00000,-0.00000
