1709175393838, 1, -5e-05
1709175393840, 2, -5e-05
1709175393840, 3, -5e-05
1709175393840, 4, -5e-05
1709175394240, 1, -5e-05
1709175394240, 2, -5e-05
1709175394241, 3, -5e-05
1709175394241, 4, -5e-05
1709175394641, 1, -5e-05
1709175394642, 2, -5e-05
1709175394642, 3, -5e-05
1709175394643, 4, -5e-05
1709175395043, 1, -6e-05
1709175395044, 2, -6e-05
1709175395044, 3, -6e-05
1709175395044, 4, -6e-05
1709175395445, 1, -7e-05
1709175395445, 2, -7e-05
1709175395445, 3, -7e-05
1709175395445, 4, -7e-05
1709175395846, 1, -0.0001
1709175395846, 2, -0.0001
1709175395846, 3, -0.0001
1709175395847, 4, -0.0001
1709175396247, 1, -0.00013
1709175396247, 2, -0.00013
1709175396247, 3, -0.00013
1709175396247, 4, -0.00013
1709175396648, 1, -0.00018
1709175396648, 2, -0.00018
1709175396648, 3, -0.00018
1709175396648, 4, -0.00018
1709175397049, 1, -0.00025
1709175397049, 2, -0.00025
1709175397049, 3, -0.00025
1709175397049, 4, -0.00025
1709175397450, 1, -0.00033
1709175397450, 2, -0.00033
1709175397450, 3, -0.00033
1709175397450, 4, -0.00033
1709175397851, 1, -0.00043
1709175397851, 2, -0.00043
1709175397851, 3, -0.00043
1709175397852, 4, -0.00043
1709175398252, 1, -0.00055
1709175398252, 2, -0.00055
1709175398254, 3, -0.00055
1709175398255, 4, -0.00055
1709175398655, 1, -0.0007
1709175398655, 2, -0.0007
1709175398656, 3, -0.0007
1709175398656, 4, -0.0007
1709175399056, 1, -0.00087
1709175399056, 2, -0.00087
1709175399057, 3, -0.00087
1709175399057, 4, -0.00087
1709175399457, 1, -0.00107
1709175399458, 2, -0.00107
1709175399458, 3, -0.00107
1709175399458, 4, -0.00107
1709175399859, 1, -0.0013
1709175399859, 2, -0.0013
1709175399859, 3, -0.0013
1709175399859, 4, -0.0013
1709175400260, 1, -0.00155
1709175400260, 2, -0.00155
1709175400260, 3, -0.00155
1709175400260, 4, -0.00155
1709175400661, 1, -0.00184
1709175400661, 2, -0.00184
1709175400661, 3, -0.00184
1709175400662, 4, -0.00184
1709175401064, 1, -0.00215
1709175401064, 2, -0.00215
1709175401064, 3, -0.00215
1709175401064, 4, -0.00215
1709175401465, 1, -0.0025
1709175401465, 2, -0.0025
1709175401465, 3, -0.0025
1709175401465, 4, -0.0025
1709175401867, 1, -0.00289
1709175401867, 2, -0.00289
1709175401867, 3, -0.00289
1709175401867, 4, -0.00289
1709175402268, 1, -0.00331
1709175402268, 2, -0.00331
1709175402268, 3, -0.00331
1709175402269, 4, -0.00331
1709175402669, 1, -0.00376
1709175402669, 2, -0.00376
1709175402669, 3, -0.00376
1709175402670, 4, -0.00376
1709175403070, 1, -0.00426
1709175403070, 2, -0.00426
1709175403071, 3, -0.00426
1709175403071, 4, -0.00426
1709175403472, 1, -0.00479
1709175403472, 2, -0.00479
1709175403472, 3, -0.00479
1709175403472, 4, -0.00479
1709175403873, 1, -0.00536
1709175403873, 2, -0.00536
1709175403873, 3, -0.00536
1709175403874, 4, -0.00536
1709175404274, 1, -0.00597
1709175404274, 2, -0.00597
1709175404274, 3, -0.00597
1709175404275, 4, -0.00597
1709175404677, 1, -0.00662
1709175404677, 2, -0.00662
1709175404678, 3, -0.00662
1709175404678, 4, -0.00662
1709175405078, 1, -0.00731
1709175405079, 2, -0.00731
1709175405079, 3, -0.00731
1709175405079, 4, -0.00731
1709175405479, 1, -0.00805
1709175405479, 2, -0.00805
1709175405480, 3, -0.00805
1709175405480, 4, -0.00805
1709175405880, 1, -0.00882
1709175405881, 2, -0.00882
1709175405881, 3, -0.00882
1709175405881, 4, -0.00882
1709175406282, 1, -0.00964
1709175406282, 2, -0.00964
1709175406282, 3, -0.00964
1709175406282, 4, -0.00964
1709175406683, 1, -0.0105
1709175406683, 2, -0.0105
1709175406683, 3, -0.0105
1709175406683, 4, -0.0105
1709175407085, 1, -0.0114
1709175407085, 2, -0.0114
1709175407086, 3, -0.0114
1709175407086, 4, -0.0114
1709175407486, 1, -0.01235
1709175407487, 2, -0.01235
1709175407487, 3, -0.01235
1709175407487, 4, -0.01235
1709175407887, 1, -0.01334
1709175407888, 2, -0.01334
1709175407888, 3, -0.01334
1709175407888, 4, -0.01334
1709175408288, 1, -0.01437
1709175408289, 2, -0.01437
1709175408289, 3, -0.01437
1709175408289, 4, -0.01437
1709175408689, 1, -0.01544
1709175408690, 2, -0.01544
1709175408690, 3, -0.01544
1709175408690, 4, -0.01544
1709175409091, 1, -0.01656
1709175409091, 2, -0.01656
1709175409091, 3, -0.01656
1709175409091, 4, -0.01656
1709175409492, 1, -0.01772
1709175409492, 2, -0.01772
1709175409492, 3, -0.01772
1709175409492, 4, -0.01772
1709175409893, 1, -0.01893
1709175409893, 2, -0.01893
1709175409893, 3, -0.01893
1709175409893, 4, -0.01893
1709175410295, 1, -0.02017
1709175410295, 2, -0.02017
1709175410295, 3, -0.02017
1709175410295, 4, -0.02017
1709175410696, 1, -0.02146
1709175410696, 2, -0.02146
1709175410696, 3, -0.02146
1709175410696, 4, -0.02146
1709175411098, 1, -0.02278
1709175411098, 2, -0.02278
1709175411099, 3, -0.02278
1709175411099, 4, -0.02278
1709175411499, 1, -0.02415
1709175411499, 2, -0.02415
1709175411500, 3, -0.02415
1709175411500, 4, -0.02415
1709175411900, 1, -0.02556
1709175411901, 2, -0.02556
1709175411901, 3, -0.02556
1709175411901, 4, -0.02556
1709175412301, 1, -0.02701
1709175412302, 2, -0.02701
1709175412302, 3, -0.02701
1709175412302, 4, -0.02701
1709175412704, 1, -0.0285
1709175412705, 2, -0.0285
1709175412705, 3, -0.0285
1709175412705, 4, -0.0285
1709175413106, 1, -0.03002
1709175413106, 2, -0.03002
1709175413106, 3, -0.03002
1709175413107, 4, -0.03002
1709175413507, 1, -0.03159
1709175413507, 2, -0.03159
1709175413508, 3, -0.03159
1709175413508, 4, -0.03159
1709175413908, 1, -0.03319
1709175413908, 2, -0.03319
1709175413909, 3, -0.03319
1709175413909, 4, -0.03319
1709175414309, 1, -0.03482
1709175414310, 2, -0.03482
1709175414310, 3, -0.03482
1709175414310, 4, -0.03482
1709175414711, 1, -0.03649
1709175414711, 2, -0.03649
1709175414711, 3, -0.03649
1709175414711, 4, -0.03649
1709175415112, 1, -0.0382
1709175415112, 2, -0.0382
1709175415112, 3, -0.0382
1709175415112, 4, -0.0382
1709175415513, 1, -0.03993
1709175415513, 2, -0.03993
1709175415513, 3, -0.03993
1709175415514, 4, -0.03993
1709175415914, 1, -0.0417
1709175415914, 2, -0.0417
1709175415914, 3, -0.0417
1709175415914, 4, -0.0417
1709175416315, 1, -0.0435
1709175416315, 2, -0.0435
1709175416316, 3, -0.0435
1709175416316, 4, -0.0435
1709175416716, 1, -0.04533
1709175416717, 2, -0.04533
1709175416717, 3, -0.04533
1709175416717, 4, -0.04533
1709175417118, 1, -0.04718
1709175417118, 2, -0.04718
1709175417118, 3, -0.04718
1709175417118, 4, -0.04718
1709175417519, 1, -0.04906
1709175417519, 2, -0.04906
1709175417519, 3, -0.04906
1709175417519, 4, -0.04906
1709175417920, 1, -0.05097
1709175417920, 2, -0.05097
1709175417920, 3, -0.05097
1709175417921, 4, -0.05097
1709175418321, 1, -0.0529
1709175418321, 2, -0.0529
1709175418322, 3, -0.0529
1709175418322, 4, -0.0529
1709175418722, 1, -0.05486
1709175418722, 2, -0.05486
1709175418723, 3, -0.05486
1709175418723, 4, -0.05486
1709175419123, 1, -0.05683
1709175419124, 2, -0.05683
1709175419124, 3, -0.05683
1709175419124, 4, -0.05683
1709175419524, 1, -0.05883
1709175419525, 2, -0.05883
1709175419525, 3, -0.05883
1709175419525, 4, -0.05883
1709175419926, 1, -0.06084
1709175419926, 2, -0.06084
1709175419926, 3, -0.06084
1709175419926, 4, -0.06084
1709175420327, 1, -0.06287
1709175420327, 2, -0.06287
1709175420329, 3, -0.06287
1709175420329, 4, -0.06287
1709175420729, 1, -0.06492
1709175420730, 2, -0.06492
1709175420730, 3, -0.06492
1709175420730, 4, -0.06492
1709175421131, 1, -0.06698
1709175421131, 2, -0.06698
1709175421131, 3, -0.06698
1709175421131, 4, -0.06698
1709175421532, 1, -0.06905
1709175421532, 2, -0.06905
1709175421532, 3, -0.06905
1709175421532, 4, -0.06905
1709175421933, 1, -0.07113
1709175421933, 2, -0.07113
1709175421933, 3, -0.07113
1709175421933, 4, -0.07113
1709175422334, 1, -0.07323
1709175422334, 2, -0.07323
1709175422334, 3, -0.07323
1709175422335, 4, -0.07323
1709175422735, 1, -0.07532
1709175422735, 2, -0.07532
1709175422735, 3, -0.07532
1709175422736, 4, -0.07532
1709175423136, 1, -0.07743
1709175423136, 2, -0.07743
1709175423136, 3, -0.07743
1709175423137, 4, -0.07743
1709175423538, 1, -0.07954
1709175423538, 2, -0.07954
1709175423539, 3, -0.07954
1709175423539, 4, -0.07954
1709175423939, 1, -0.08165
1709175423940, 2, -0.08165
1709175423940, 3, -0.08165
1709175423940, 4, -0.08165
1709175424341, 1, -0.08376
1709175424341, 2, -0.08376
1709175424341, 3, -0.08376
1709175424341, 4, -0.08376
1709175424742, 1, -0.08587
1709175424742, 2, -0.08587
1709175424742, 3, -0.08587
1709175424742, 4, -0.08587
1709175425144, 1, -0.08798
1709175425144, 2, -0.08798
1709175425144, 3, -0.08798
1709175425145, 4, -0.08798
1709175425546, 1, -0.09009
1709175425546, 2, -0.09009
1709175425547, 3, -0.09009
1709175425547, 4, -0.09009
1709175425947, 1, -0.09218
1709175425948, 2, -0.09218
1709175425948, 3, -0.09218
1709175425948, 4, -0.09218
1709175426349, 1, -0.09428
1709175426349, 2, -0.09428
1709175426349, 3, -0.09428
1709175426349, 4, -0.09428
1709175426750, 1, -0.09636
1709175426750, 2, -0.09636
1709175426750, 3, -0.09636
1709175426751, 4, -0.09636
1709175427151, 1, -0.09843
1709175427151, 2, -0.09843
1709175427151, 3, -0.09843
1709175427152, 4, -0.09843
1709175427552, 1, -0.10049
1709175427552, 2, -0.10049
1709175427552, 3, -0.10049
1709175427552, 4, -0.10049
1709175427953, 1, -0.10254
1709175427953, 2, -0.10254
1709175427954, 3, -0.10254
1709175427954, 4, -0.10254
1709175428355, 1, -0.10457
1709175428356, 2, -0.10457
1709175428356, 3, -0.10457
1709175428356, 4, -0.10457
1709175428756, 1, -0.10658
1709175428757, 2, -0.10658
1709175428757, 3, -0.10658
1709175428758, 4, -0.10658
1709175429158, 1, -0.10858
1709175429158, 2, -0.10858
1709175429158, 3, -0.10858
1709175429159, 4, -0.10858
1709175429559, 1, -0.11056
1709175429559, 2, -0.11056
1709175429560, 3, -0.11056
1709175429560, 4, -0.11056
1709175429963, 1, -0.11251
1709175429963, 2, -0.11251
1709175429963, 3, -0.11251
1709175429963, 4, -0.11251
1709175430364, 1, -0.11444
1709175430364, 2, -0.11444
1709175430364, 3, -0.11444
1709175430364, 4, -0.11444
1709175430765, 1, -0.11635
1709175430765, 2, -0.11635
1709175430766, 3, -0.11635
1709175430767, 4, -0.11635
1709175431167, 1, -0.11824
1709175431167, 2, -0.11824
1709175431167, 3, -0.11824
1709175431168, 4, -0.11824
1709175431568, 1, -0.1201
1709175431568, 2, -0.1201
1709175431568, 3, -0.1201
1709175431568, 4, -0.1201
1709175431969, 1, -0.12193
1709175431969, 2, -0.12193
1709175431969, 3, -0.12193
1709175431969, 4, -0.12193
1709175432370, 1, -0.12373
1709175432370, 2, -0.12373
1709175432370, 3, -0.12373
1709175432370, 4, -0.12373
1709175432771, 1, -0.1255
1709175432771, 2, -0.1255
1709175432771, 3, -0.1255
1709175432771, 4, -0.1255
1709175433172, 1, -0.12724
1709175433172, 2, -0.12724
1709175433172, 3, -0.12724
1709175433173, 4, -0.12724
1709175433573, 1, -0.12895
1709175433573, 2, -0.12895
1709175433574, 3, -0.12895
1709175433574, 4, -0.12895
1709175433975, 1, -0.13123
1709175433975, 2, -0.13123
1709175433976, 3, -0.13123
1709175433976, 4, -0.13123
1709175434376, 1, -0.135
1709175434377, 2, -0.135
1709175434377, 3, -0.135
1709175434377, 4, -0.135
1709175434778, 1, -0.13915
1709175434778, 2, -0.13916
1709175434778, 3, -0.13916
1709175434778, 4, -0.13915
1709175435179, 1, -0.1434
1709175435179, 2, -0.1434
1709175435179, 3, -0.1434
1709175435179, 4, -0.1434
1709175435580, 1, -0.14767
1709175435580, 2, -0.14767
1709175435580, 3, -0.14767
1709175435581, 4, -0.14767
1709175435981, 1, -0.15195
1709175435981, 2, -0.15195
1709175435981, 3, -0.15195
1709175435982, 4, -0.15195
1709175436382, 1, -0.15623
1709175436382, 2, -0.15623
1709175436382, 3, -0.15623
1709175436383, 4, -0.15623
1709175436783, 1, -0.1605
1709175436783, 2, -0.1605
1709175436783, 3, -0.1605
1709175436784, 4, -0.1605
1709175437185, 1, -0.16477
1709175437185, 2, -0.16477
1709175437185, 3, -0.16477
1709175437185, 4, -0.16477
1709175437586, 1, -0.16903
1709175437586, 2, -0.16903
1709175437586, 3, -0.16903
1709175437587, 4, -0.16903
1709175437987, 1, -0.17328
1709175437987, 2, -0.17328
1709175437987, 3, -0.17328
1709175437988, 4, -0.17328
1709175438388, 1, -0.17753
1709175438388, 2, -0.17753
1709175438389, 3, -0.17753
1709175438389, 4, -0.17753
1709175438789, 1, -0.18176
1709175438789, 2, -0.18176
1709175438790, 3, -0.18176
1709175438790, 4, -0.18176
1709175439190, 1, -0.18598
1709175439190, 2, -0.18598
1709175439191, 3, -0.18598
1709175439191, 4, -0.18598
1709175439592, 1, -0.19018
1709175439593, 2, -0.19018
1709175439593, 3, -0.19018
1709175439593, 4, -0.19018
1709175439993, 1, -0.19436
1709175439994, 2, -0.19436
1709175439994, 3, -0.19436
1709175439994, 4, -0.19436
1709175440394, 1, -0.19853
1709175440395, 2, -0.19853
1709175440395, 3, -0.19853
1709175440395, 4, -0.19853
1709175440796, 1, -0.20267
1709175440797, 2, -0.20267
1709175440797, 3, -0.20267
1709175440797, 4, -0.20267
1709175441199, 1, -0.20679
1709175441199, 2, -0.20679
1709175441199, 3, -0.20679
1709175441199, 4, -0.20679
1709175441600, 1, -0.21089
1709175441600, 2, -0.21089
1709175441600, 3, -0.21089
1709175441601, 4, -0.21089
1709175442001, 1, -0.21496
1709175442001, 2, -0.21496
1709175442001, 3, -0.21496
1709175442002, 4, -0.21496
1709175442402, 1, -0.219
1709175442402, 2, -0.219
1709175442402, 3, -0.219
1709175442403, 4, -0.219
1709175442803, 1, -0.22301
1709175442803, 2, -0.22301
1709175442803, 3, -0.22301
1709175442804, 4, -0.22301
1709175443205, 1, -0.22699
1709175443205, 2, -0.22699
1709175443206, 3, -0.22699
1709175443206, 4, -0.22699
1709175443606, 1, -0.23094
1709175443607, 2, -0.23094
1709175443607, 3, -0.23094
1709175443607, 4, -0.23094
1709175444007, 1, -0.23485
1709175444008, 2, -0.23485
1709175444008, 3, -0.23485
1709175444008, 4, -0.23485
1709175444409, 1, -0.23872
1709175444409, 2, -0.23872
1709175444409, 3, -0.23872
1709175444409, 4, -0.23872
1709175444810, 1, -0.24256
1709175444810, 2, -0.24256
1709175444810, 3, -0.24256
1709175444811, 4, -0.24256
1709175445212, 1, -0.24636
1709175445212, 2, -0.24636
1709175445213, 3, -0.24636
1709175445213, 4, -0.24636
1709175445613, 1, -0.25011
1709175445613, 2, -0.25011
1709175445613, 3, -0.25011
1709175445614, 4, -0.25011
1709175446014, 1, -0.25382
1709175446014, 2, -0.25382
1709175446015, 3, -0.25382
1709175446015, 4, -0.25382
1709175446415, 1, -0.25749
1709175446415, 2, -0.25749
1709175446416, 3, -0.25749
1709175446416, 4, -0.25749
1709175446817, 1, -0.26111
1709175446818, 2, -0.26111
1709175446819, 3, -0.26111
1709175446819, 4, -0.26111
1709175447219, 1, -0.26468
1709175447219, 2, -0.26468
1709175447220, 3, -0.26468
1709175447220, 4, -0.26468
1709175447620, 1, -0.26821
1709175447621, 2, -0.26821
1709175447621, 3, -0.26821
1709175447621, 4, -0.26821
1709175448022, 1, -0.27168
1709175448022, 2, -0.27168
1709175448022, 3, -0.27168
1709175448022, 4, -0.27168
1709175448423, 1, -0.27511
1709175448423, 2, -0.27511
1709175448423, 3, -0.27511
1709175448423, 4, -0.27511
1709175448825, 1, -0.27848
1709175448825, 2, -0.27848
1709175448825, 3, -0.27848
1709175448825, 4, -0.27848
1709175449227, 1, -0.28179
1709175449227, 2, -0.28179
1709175449227, 3, -0.28179
1709175449228, 4, -0.28179
1709175449628, 1, -0.28505
1709175449628, 2, -0.28505
1709175449628, 3, -0.28505
1709175449629, 4, -0.28505
1709175450029, 1, -0.28825
1709175450031, 2, -0.28825
1709175450031, 3, -0.28825
1709175450031, 4, -0.28825
1709175450431, 1, -0.27526
1709175450432, 2, -0.27526
1709175450432, 3, -0.27526
1709175450432, 4, -0.27526
1709175450833, 1, -0.26609
1709175450834, 2, -0.2661
1709175450834, 3, -0.2661
1709175450834, 4, -0.26609
1709175451234, 1, -0.29324
1709175451235, 2, -0.29324
1709175451235, 3, -0.29324
1709175451235, 4, -0.29324
1709175451636, 1, -0.29981
1709175451636, 2, -0.29981
1709175451636, 3, -0.29981
1709175451636, 4, -0.29981
1709175452037, 1, -0.30328
1709175452037, 2, -0.30328
1709175452037, 3, -0.30328
1709175452037, 4, -0.30328
1709175452438, 1, -0.30621
1709175452438, 2, -0.30621
1709175452438, 3, -0.30621
1709175452439, 4, -0.30621
1709175452839, 1, -0.24382
1709175452839, 2, -0.24382
1709175452839, 3, -0.24382
1709175452840, 4, -0.24382
1709175453240, 1, -0.30298
1709175453240, 2, -0.30298
1709175453240, 3, -0.30298
1709175453240, 4, -0.30298
1709175453641, 1, -0.22997
1709175453641, 2, -0.22997
1709175453641, 3, -0.22997
1709175453641, 4, -0.22997
1709175454042, 1, -0.3062
1709175454042, 2, -0.3062
1709175454042, 3, -0.3062
1709175454042, 4, -0.3062
1709175454443, 1, -0.31787
1709175454443, 2, -0.31787
1709175454443, 3, -0.31787
1709175454444, 4, -0.31787
1709175454844, 1, -0.32168
1709175454844, 2, -0.32168
1709175454844, 3, -0.32168
1709175454845, 4, -0.32168
1709175455245, 1, -0.32427
1709175455245, 2, -0.32427
1709175455246, 3, -0.32427
1709175455246, 4, -0.32427
1709175455646, 1, -0.32662
1709175455647, 2, -0.32662
1709175455647, 3, -0.32662
1709175455647, 4, -0.32662
1709175456047, 1, -0.32887
1709175456048, 2, -0.32887
1709175456048, 3, -0.32887
1709175456048, 4, -0.32887
1709175456449, 1, -0.27316
1709175456449, 2, -0.27316
1709175456449, 3, -0.27316
1709175456450, 4, -0.27316
1709175456850, 1, -0.32566
1709175456850, 2, -0.32566
1709175456850, 3, -0.32566
1709175456851, 4, -0.32566
1709175457251, 1, -0.33412
1709175457251, 2, -0.33412
1709175457252, 3, -0.33412
1709175457252, 4, -0.33412
1709175457652, 1, -0.33701
1709175457652, 2, -0.33701
1709175457653, 3, -0.33701
1709175457653, 4, -0.33701
1709175458054, 1, -0.33905
1709175458055, 2, -0.33905
1709175458055, 3, -0.33905
1709175458055, 4, -0.33905
1709175458455, 1, -0.34091
1709175458456, 2, -0.34091
1709175458456, 3, -0.34091
1709175458456, 4, -0.34091
1709175458856, 1, -0.34267
1709175458857, 2, -0.34267
1709175458857, 3, -0.34267
1709175458857, 4, -0.34267
1709175459258, 1, -0.34437
1709175459258, 2, -0.34437
1709175459258, 3, -0.34437
1709175459258, 4, -0.34437
1709175459659, 1, -0.346
1709175459659, 2, -0.346
1709175459659, 3, -0.346
1709175459659, 4, -0.346
1709175460060, 1, -0.34756
1709175460061, 2, -0.34756
1709175460061, 3, -0.34756
1709175460062, 4, -0.34756
1709175460462, 1, -0.34905
1709175460462, 2, -0.34905
1709175460462, 3, -0.34905
1709175460463, 4, -0.34905
1709175460863, 1, -0.35047
1709175460863, 2, -0.35047
1709175460864, 3, -0.35047
1709175460864, 4, -0.35047
1709175461264, 1, -0.35183
1709175461264, 2, -0.35183
1709175461265, 3, -0.35183
1709175461265, 4, -0.35183
1709175461666, 1, -0.35312
1709175461667, 2, -0.35312
1709175461667, 3, -0.35312
1709175461667, 4, -0.35312
1709175462067, 1, -0.35435
1709175462068, 2, -0.35435
1709175462068, 3, -0.35435
1709175462068, 4, -0.35435
1709175462470, 1, -0.35551
1709175462470, 2, -0.35551
1709175462470, 3, -0.35551
1709175462470, 4, -0.35551
1709175462871, 1, -0.3566
1709175462871, 2, -0.3566
1709175462871, 3, -0.3566
1709175462871, 4, -0.3566
1709175463272, 1, -0.35764
1709175463272, 2, -0.35764
1709175463272, 3, -0.35764
1709175463273, 4, -0.35764
1709175463673, 1, -0.35861
1709175463673, 2, -0.35861
1709175463673, 3, -0.35861
1709175463673, 4, -0.35861
1709175464074, 1, -0.35952
1709175464074, 2, -0.35952
1709175464074, 3, -0.35952
1709175464074, 4, -0.35952
1709175464475, 1, -0.36037
1709175464475, 2, -0.36037
1709175464475, 3, -0.36037
1709175464476, 4, -0.36037
1709175464876, 1, -0.36116
1709175464876, 2, -0.36116
1709175464876, 3, -0.36116
1709175464876, 4, -0.36116
1709175465277, 1, -0.3619
1709175465277, 2, -0.3619
1709175465277, 3, -0.3619
1709175465277, 4, -0.3619
1709175465678, 1, -0.36257
1709175465678, 2, -0.36257
1709175465678, 3, -0.36257
1709175465678, 4, -0.36257
1709175466079, 1, -0.3632
1709175466079, 2, -0.3632
1709175466079, 3, -0.3632
1709175466079, 4, -0.3632
1709175466480, 1, -0.36377
1709175466480, 2, -0.36377
1709175466480, 3, -0.36377
1709175466481, 4, -0.36377
1709175466881, 1, -0.36429
1709175466881, 2, -0.36429
1709175466881, 3, -0.36429
1709175466882, 4, -0.36429
1709175467282, 1, -0.36476
1709175467282, 2, -0.36476
1709175467282, 3, -0.36476
1709175467283, 4, -0.36476
1709175467683, 1, -0.36519
1709175467683, 2, -0.36519
1709175467684, 3, -0.36519
1709175467684, 4, -0.36519
1709175468084, 1, -0.36557
1709175468084, 2, -0.36557
1709175468085, 3, -0.36557
1709175468085, 4, -0.36557
1709175468485, 1, -0.3659
1709175468485, 2, -0.3659
1709175468486, 3, -0.3659
1709175468486, 4, -0.3659
1709175468887, 1, -0.3662
1709175468888, 2, -0.3662
1709175468888, 3, -0.3662
1709175468888, 4, -0.3662
1709175469289, 1, -0.36645
1709175469289, 2, -0.36645
1709175469289, 3, -0.36645
1709175469289, 4, -0.36645
1709175469690, 1, -0.36667
1709175469690, 2, -0.36667
1709175469690, 3, -0.36667
1709175469691, 4, -0.36667
1709175470091, 1, -0.36685
1709175470091, 2, -0.36685
1709175470092, 3, -0.36685
1709175470092, 4, -0.36685
1709175470493, 1, -0.36701
1709175470493, 2, -0.36701
1709175470493, 3, -0.36701
1709175470493, 4, -0.36701
1709175470894, 1, -0.36713
1709175470894, 2, -0.36713
1709175470894, 3, -0.36713
1709175470894, 4, -0.36713
1709175471295, 1, -0.36723
1709175471295, 2, -0.36723
1709175471295, 3, -0.36723
1709175471295, 4, -0.36723
1709175471696, 1, -0.36731
1709175471696, 2, -0.36731
1709175471696, 3, -0.36731
1709175471698, 4, -0.36731
1709175472098, 1, -0.36736
1709175472098, 2, -0.36736
1709175472099, 3, -0.36736
1709175472099, 4, -0.36736
1709175472499, 1, -0.3674
1709175472500, 2, -0.3674
1709175472500, 3, -0.3674
1709175472500, 4, -0.3674
1709175472901, 1, -0.36742
1709175472901, 2, -0.36742
1709175472901, 3, -0.36742
1709175472902, 4, -0.36742
1709175473303, 1, -0.36743
1709175473304, 2, -0.36743
1709175473304, 3, -0.36743
1709175473305, 4, -0.36743
1709175473706, 1, -0.36744
1709175473706, 2, -0.36744
1709175473706, 3, -0.36744
1709175473707, 4, -0.36744
1709175474107, 1, -0.36744
1709175474107, 2, -0.36744
1709175474108, 3, -0.36744
1709175474108, 4, -0.36744
1709175474509, 1, -0.36744
1709175474509, 2, -0.36744
1709175474509, 3, -0.36744
1709175474509, 4, -0.36744
1709175474911, 1, -0.36744
1709175474911, 2, -0.36744
1709175474911, 3, -0.36744
1709175474911, 4, -0.36744
1709175475312, 1, -0.36744
1709175475312, 2, -0.36744
1709175475313, 3, -0.36744
1709175475313, 4, -0.36744
1709175475714, 1, -0.36743
1709175475714, 2, -0.36743
1709175475715, 3, -0.36743
1709175475715, 4, -0.36743
1709175476117, 1, -0.36741
1709175476117, 2, -0.36741
1709175476117, 3, -0.36741
1709175476117, 4, -0.36741
1709175476518, 1, -0.36737
1709175476518, 2, -0.36737
1709175476518, 3, -0.36737
1709175476519, 4, -0.36737
1709175476919, 1, -0.36732
1709175476920, 2, -0.36732
1709175476920, 3, -0.36732
1709175476920, 4, -0.36732
1709175477321, 1, -0.36725
1709175477321, 2, -0.36725
1709175477321, 3, -0.36725
1709175477322, 4, -0.36725
1709175477722, 1, -0.36716
1709175477722, 2, -0.36716
1709175477722, 3, -0.36716
1709175477723, 4, -0.36716
1709175478123, 1, -0.36704
1709175478124, 2, -0.36704
1709175478124, 3, -0.36704
1709175478124, 4, -0.36704
1709175478526, 1, -0.36689
1709175478526, 2, -0.36689
1709175478526, 3, -0.36689
1709175478526, 4, -0.36689
1709175478927, 1, -0.36672
1709175478927, 2, -0.36672
1709175478927, 3, -0.36672
1709175478927, 4, -0.36672
1709175479329, 1, -0.36651
1709175479329, 2, -0.36651
1709175479330, 3, -0.36651
1709175479330, 4, -0.36651
1709175479731, 1, -0.36626
1709175479731, 2, -0.36626
1709175479731, 3, -0.36626
1709175479732, 4, -0.36626
1709175480132, 1, -0.36598
1709175480132, 2, -0.36598
1709175480132, 3, -0.36598
1709175480133, 4, -0.36598
1709175480533, 1, -0.36565
1709175480534, 2, -0.36565
1709175480535, 3, -0.36565
1709175480535, 4, -0.36565
1709175480935, 1, -0.36528
1709175480935, 2, -0.36528
1709175480936, 3, -0.36528
1709175480936, 4, -0.36528
1709175481336, 1, -0.36487
1709175481337, 2, -0.36487
1709175481337, 3, -0.36487
1709175481337, 4, -0.36487
1709175481737, 1, -0.36441
1709175481738, 2, -0.36441
1709175481738, 3, -0.36441
1709175481738, 4, -0.36441
1709175482139, 1, -0.3639
1709175482139, 2, -0.3639
1709175482140, 3, -0.3639
1709175482140, 4, -0.3639
1709175482541, 1, -0.36334
1709175482541, 2, -0.36334
1709175482542, 3, -0.36334
1709175482542, 4, -0.36334
1709175482944, 1, -0.36273
1709175482944, 2, -0.36273
1709175482944, 3, -0.36273
1709175482945, 4, -0.36273
1709175483345, 1, -0.36207
1709175483345, 2, -0.36207
1709175483345, 3, -0.36207
1709175483346, 4, -0.36207
1709175483748, 1, -0.36135
1709175483748, 2, -0.36135
1709175483748, 3, -0.36135
1709175483748, 4, -0.36135
1709175484149, 1, -0.36057
1709175484149, 2, -0.36057
1709175484149, 3, -0.36057
1709175484149, 4, -0.36057
1709175484550, 1, -0.35973
1709175484550, 2, -0.35973
1709175484550, 3, -0.35973
1709175484550, 4, -0.35973
1709175484951, 1, -0.35884
1709175484951, 2, -0.35884
1709175484951, 3, -0.35884
1709175484951, 4, -0.35884
1709175485352, 1, -0.35788
1709175485352, 2, -0.35788
1709175485353, 3, -0.35788
1709175485353, 4, -0.35788
1709175485753, 1, -0.35687
1709175485754, 2, -0.35687
1709175485754, 3, -0.35687
1709175485754, 4, -0.35687
1709175486155, 1, -0.35579
1709175486155, 2, -0.35579
1709175486155, 3, -0.35579
1709175486155, 4, -0.35579
1709175486556, 1, -0.35464
1709175486557, 2, -0.35464
1709175486557, 3, -0.35464
1709175486557, 4, -0.35464
1709175486957, 1, -0.35343
1709175486958, 2, -0.35343
1709175486958, 3, -0.35343
1709175486958, 4, -0.35343
1709175487359, 1, -0.35216
1709175487359, 2, -0.35216
1709175487359, 3, -0.35216
1709175487359, 4, -0.35216
1709175487760, 1, -0.35082
1709175487760, 2, -0.35082
1709175487761, 3, -0.35082
1709175487762, 4, -0.35082
1709175488162, 1, -0.34941
1709175488162, 2, -0.34941
1709175488163, 3, -0.34941
1709175488163, 4, -0.34941
1709175488564, 1, -0.34794
1709175488565, 2, -0.34794
1709175488565, 3, -0.34794
1709175488565, 4, -0.34794
1709175488967, 1, -0.3464
1709175488967, 2, -0.3464
1709175488967, 3, -0.3464
1709175488967, 4, -0.3464
1709175489368, 1, -0.34479
1709175489368, 2, -0.34479
1709175489368, 3, -0.34479
1709175489369, 4, -0.34479
1709175489769, 1, -0.34311
1709175489769, 2, -0.34311
1709175489769, 3, -0.34311
1709175489769, 4, -0.34311
1709175490170, 1, -0.34137
1709175490170, 2, -0.34137
1709175490170, 3, -0.34137
1709175490171, 4, -0.34137
1709175490571, 1, -0.33955
1709175490571, 2, -0.33955
1709175490572, 3, -0.33955
1709175490572, 4, -0.33955
1709175490972, 1, -0.33767
1709175490972, 2, -0.33767
1709175490973, 3, -0.33767
1709175490973, 4, -0.33767
1709175491373, 1, -0.33572
1709175491374, 2, -0.33572
1709175491375, 3, -0.33572
1709175491375, 4, -0.33572
1709175491775, 1, -0.3337
1709175491775, 2, -0.3337
1709175491777, 3, -0.3337
1709175491777, 4, -0.3337
1709175492177, 1, -0.3148
1709175492177, 2, -0.3148
1709175492178, 3, -0.3148
1709175492178, 4, -0.3148
1709175492578, 1, -0.32701
1709175492579, 2, -0.32701
1709175492580, 3, -0.32701
1709175492580, 4, -0.32701
1709175492980, 1, -0.32686
1709175492981, 2, -0.32686
1709175492981, 3, -0.32686
1709175492981, 4, -0.32686
1709175493381, 1, -0.32487
1709175493382, 2, -0.32487
1709175493382, 3, -0.32487
1709175493382, 4, -0.32487
1709175493783, 1, -0.32256
1709175493783, 2, -0.32256
1709175493783, 3, -0.32256
1709175493783, 4, -0.32256
1709175494184, 1, -0.32014
1709175494184, 2, -0.32014
1709175494184, 3, -0.32014
1709175494184, 4, -0.32014
1709175494585, 1, -0.31764
1709175494585, 2, -0.31764
1709175494585, 3, -0.31764
1709175494586, 4, -0.31764
1709175494986, 1, -0.23001
1709175494986, 2, -0.23001
1709175494987, 3, -0.23001
1709175494987, 4, -0.23001
1709175495388, 1, -0.30135
1709175495389, 2, -0.30135
1709175495389, 3, -0.30135
1709175495389, 4, -0.30135
1709175495791, 1, -0.24389
1709175495791, 2, -0.24389
1709175495791, 3, -0.24389
1709175495792, 4, -0.24389
1709175496192, 1, -0.29794
1709175496192, 2, -0.29794
1709175496193, 3, -0.29794
1709175496194, 4, -0.29794
1709175496594, 1, -0.30276
1709175496594, 2, -0.30276
1709175496595, 3, -0.30276
1709175496595, 4, -0.30276
1709175496995, 1, -0.30108
1709175496995, 2, -0.30108
1709175496996, 3, -0.30108
1709175496996, 4, -0.30108
1709175497396, 1, -0.29833
1709175497396, 2, -0.29833
1709175497397, 3, -0.29833
1709175497397, 4, -0.29833
1709175497798, 1, -0.2648
1709175497798, 2, -0.2648
1709175497798, 3, -0.2648
1709175497798, 4, -0.2648
1709175498199, 1, -0.27456
1709175498199, 2, -0.27456
1709175498199, 3, -0.27456
1709175498199, 4, -0.27456
1709175498600, 1, -0.28633
1709175498600, 2, -0.28633
1709175498600, 3, -0.28633
1709175498601, 4, -0.28633
1709175499001, 1, -0.28552
1709175499001, 2, -0.28552
1709175499001, 3, -0.28552
1709175499002, 4, -0.28552
1709175499402, 1, -0.28268
1709175499402, 2, -0.28268
1709175499402, 3, -0.28268
1709175499403, 4, -0.28268
1709175499803, 1, -0.27945
1709175499803, 2, -0.27945
1709175499804, 3, -0.27945
1709175499804, 4, -0.27945
1709175500204, 1, -0.27612
1709175500205, 2, -0.27612
1709175500205, 3, -0.27612
1709175500205, 4, -0.27612
1709175500606, 1, -0.27272
1709175500606, 2, -0.27272
1709175500606, 3, -0.27272
1709175500606, 4, -0.27272
1709175501007, 1, -0.26927
1709175501007, 2, -0.26927
1709175501007, 3, -0.26927
1709175501008, 4, -0.26927
1709175501408, 1, -0.26577
1709175501408, 2, -0.26577
1709175501409, 3, -0.26577
1709175501409, 4, -0.26577
1709175501809, 1, -0.26222
1709175501809, 2, -0.26222
1709175501810, 3, -0.26222
1709175501810, 4, -0.26222
1709175502210, 1, -0.25862
1709175502211, 2, -0.25862
1709175502211, 3, -0.25862
1709175502211, 4, -0.25862
1709175502613, 1, -0.25498
1709175502613, 2, -0.25498
1709175502615, 3, -0.25498
1709175502615, 4, -0.25498
1709175503015, 1, -0.25129
1709175503016, 2, -0.25129
1709175503016, 3, -0.25129
1709175503017, 4, -0.25129
1709175503418, 1, -0.24756
1709175503418, 2, -0.24756
1709175503418, 3, -0.24756
1709175503418, 4, -0.24756
1709175503819, 1, -0.24379
1709175503819, 2, -0.24379
1709175503820, 3, -0.24379
1709175503820, 4, -0.24379
1709175504220, 1, -0.23998
1709175504220, 2, -0.23998
1709175504221, 3, -0.23998
1709175504221, 4, -0.23998
1709175504621, 1, -0.23613
1709175504622, 2, -0.23613
1709175504622, 3, -0.23613
1709175504622, 4, -0.23613
1709175505023, 1, -0.23224
1709175505023, 2, -0.23224
1709175505023, 3, -0.23224
1709175505023, 4, -0.23224
1709175505424, 1, -0.22832
1709175505424, 2, -0.22832
1709175505424, 3, -0.22832
1709175505425, 4, -0.22832
1709175505825, 1, -0.22436
1709175505825, 2, -0.22436
1709175505825, 3, -0.22436
1709175505826, 4, -0.22436
1709175506226, 1, -0.22037
1709175506226, 2, -0.22037
1709175506227, 3, -0.22037
1709175506227, 4, -0.22037
1709175506628, 1, -0.21635
1709175506628, 2, -0.21635
1709175506629, 3, -0.21635
1709175506629, 4, -0.21635
1709175507029, 1, -0.21231
1709175507029, 2, -0.21231
1709175507030, 3, -0.21231
1709175507030, 4, -0.21231
1709175507430, 1, -0.20823
1709175507430, 2, -0.20823
1709175507431, 3, -0.20823
1709175507431, 4, -0.20823
1709175507831, 1, -0.20414
1709175507831, 2, -0.20414
1709175507832, 3, -0.20414
1709175507832, 4, -0.20414
1709175508233, 1, -0.20001
1709175508234, 2, -0.20002
1709175508234, 3, -0.20002
1709175508234, 4, -0.20001
1709175508635, 1, -0.19587
1709175508635, 2, -0.19587
1709175508635, 3, -0.19587
1709175508635, 4, -0.19587
1709175509036, 1, -0.19171
1709175509036, 2, -0.19171
1709175509036, 3, -0.19171
1709175509037, 4, -0.19171
1709175509437, 1, -0.18753
1709175509437, 2, -0.18753
1709175509437, 3, -0.18753
1709175509438, 4, -0.18753
1709175509838, 1, -0.18333
1709175509838, 2, -0.18333
1709175509839, 3, -0.18333
1709175509839, 4, -0.18333
1709175510239, 1, -0.17912
1709175510239, 2, -0.17912
1709175510239, 3, -0.17912
1709175510240, 4, -0.17912
1709175510641, 1, -0.1749
1709175510641, 2, -0.1749
1709175510642, 3, -0.1749
1709175510642, 4, -0.1749
1709175511042, 1, -0.17066
1709175511043, 2, -0.17066
1709175511043, 3, -0.17066
1709175511043, 4, -0.17066
1709175511444, 1, -0.16642
1709175511444, 2, -0.16642
1709175511444, 3, -0.16642
1709175511444, 4, -0.16642
1709175511845, 1, -0.16217
1709175511845, 2, -0.16217
1709175511845, 3, -0.16217
1709175511845, 4, -0.16217
1709175512246, 1, -0.15791
1709175512247, 2, -0.15791
1709175512247, 3, -0.15791
1709175512247, 4, -0.15791
1709175512648, 1, -0.15365
1709175512648, 2, -0.15365
1709175512648, 3, -0.15365
1709175512649, 4, -0.15365
1709175513049, 1, -0.14939
1709175513049, 2, -0.14939
1709175513050, 3, -0.14939
1709175513050, 4, -0.14939
1709175513450, 1, -0.14513
1709175513451, 2, -0.14513
1709175513452, 3, -0.14513
1709175513452, 4, -0.14513
1709175513852, 1, -0.14087
1709175513852, 2, -0.14087
1709175513854, 3, -0.14087
1709175513854, 4, -0.14087
1709175514254, 1, -0.13661
1709175514255, 2, -0.13661
1709175514255, 3, -0.13661
1709175514255, 4, -0.13661
1709175514656, 1, -0.13236
1709175514656, 2, -0.13236
1709175514656, 3, -0.13236
1709175514656, 4, -0.13236
1709175515057, 1, -0.12895
1709175515057, 2, -0.12895
1709175515057, 3, -0.12895
1709175515057, 4, -0.12895
1709175515458, 1, -0.12724
1709175515458, 2, -0.12724
1709175515458, 3, -0.12724
1709175515459, 4, -0.12724
1709175515859, 1, -0.1255
1709175515859, 2, -0.1255
1709175515860, 3, -0.1255
1709175515860, 4, -0.1255
1709175516261, 1, -0.12373
1709175516261, 2, -0.12373