0.00000,0.00000,0.00000,0.00000,-0.00005,-0.00005,-0.00005,-0.00005
0.00000,0.00000,0.00000,0.00000,-0.00005,-0.00005,-0.00005,-0.00005
0.00001,0.00000,0.00001,0.00000,-0.00005,-0.00005,-0.00005,-0.00005
0.00003,0.00000,0.00003,0.00000,-0.00005,-0.00005,-0.00005,-0.00005
0.00006,0.00000,0.00006,0.00000,-0.00006,-0.00007,-0.00006,-0.00007
0.00012,0.00000,0.00012,0.00000,-0.00007,-0.00009,-0.00007,-0.00009
0.00021,0.00000,0.00021,0.00000,-0.00009,-0.00012,-0.00009,-0.00012
0.00033,0.00000,0.00033,0.00000,-0.00011,-0.00016,-0.00011,-0.00016
0.00048,0.00000,0.00048,0.00000,-0.00015,-0.00022,-0.00015,-0.00022
0.00068,0.00000,0.00068,0.00000,-0.00019,-0.00030,-0.00019,-0.00030
0.00093,0.00000,0.00093,0.00000,-0.00024,-0.00038,-0.00024,-0.00038
0.00122,0.00000,0.00122,0.00000,-0.00030,-0.00049,-0.00030,-0.00049
0.00157,0.00000,0.00157,0.00000,-0.00038,-0.00062,-0.00038,-0.00062
0.00198,0.00000,0.00198,0.00000,-0.00047,-0.00077,-0.00047,-0.00077
0.00245,0.00000,0.00245,0.00000,-0.00057,-0.00094,-0.00057,-0.00094
0.00299,0.00000,0.00299,0.00000,-0.00068,-0.00114,-0.00068,-0.00114
0.00359,0.00000,0.00359,0.00000,-0.00081,-0.00136,-0.00081,-0.00136
0.00000,0.00000,0.00000,0.00000,-0.00005,-0.00005,-0.00005,-0.00005
0.00000,0.00000,0.00000,0.00000,-0.00005,-0.00005,-0.00005,-0.00005
0.00001,0.00000,0.00001,0.00000,-0.00005,-0.00005,-0.00005,-0.00005
0.00003,0.00000,0.00003,0.00000,-0.00005,-0.00005,-0.00005,-0.00005
0.00006,0.00000,0.00006,0.00000,-0.00006,-0.00007,-0.00006,-0.00007
0.00012,0.00000,0.00012,0.00000,-0.00007,-0.00009,-0.00007,-0.00009
0.00021,0.00000,0.00021,0.00000,-0.00009,-0.00012,-0.00009,-0.00012
0.00033,0.00000,0.00033,0.00000,-0.00011,-0.00016,-0.00011,-0.00016
0.00048,0.00000,0.00048,0.00000,-0.00015,-0.00022,-0.00015,-0.00022
0.00068,0.00000,0.00068,0.00000,-0.00019,-0.00030,-0.00019,-0.00030
0.00093,0.00000,0.00093,0.00000,-0.00024,-0.00038,-0.00024,-0.00038
0.00122,0.00000,0.00122,0.00000,-0.00030,-0.00049,-0.00030,-0.00049
0.00157,0.00000,0.00157,0.00000,-0.00038,-0.00062,-0.00038,-0.00062
0.00198,0.00000,0.00198,0.00000,-0.00047,-0.00077,-0.00047,-0.00077
0.00245,0.00000,0.00245,0.00000,-0.00057,-0.00094,-0.00057,-0.00094
0.00299,0.00000,0.00299,0.00000,-0.00068,-0.00114,-0.00068,-0.00114
0.00359,0.00000,0.00359,0.00000,-0.00081,-0.00136,-0.00081,-0.00136
0.00427,0.00000,0.00427,0.00000,-0.00095,-0.00161,-0.00095,-0.00161
0.00502,0.00000,0.00502,0.00000,-0.00111,-0.00188,-0.00111,-0.00188
0.00585,0.00000,0.00585,0.00000,-0.00129,-0.00218,-0.00129,-0.00218
0.00677,0.00000,0.00677,0.00000,-0.00148,-0.00252,-0.00148,-0.00252
0.00776,0.00000,0.00776,0.00000,-0.00169,-0.00288,-0.00169,-0.00288
0.00885,0.00000,0.00885,0.00000,-0.00192,-0.00327,-0.00192,-0.00327
0.01002,0.00000,0.01002,0.00000,-0.00217,-0.00369,-0.00217,-0.00369
0.01128,0.00000,0.01128,0.00000,-0.00244,-0.00415,-0.00244,-0.00415
0.01264,0.00000,0.01264,0.00000,-0.00272,-0.00464,-0.00272,-0.00464
0.01409,0.00000,0.01409,0.00000,-0.00303,-0.00516,-0.00303,-0.00516
0.01564,0.00000,0.01564,0.00000,-0.00336,-0.00571,-0.00336,-0.00571
0.01729,0.00000,0.01729,0.00000,-0.00370,-0.00630,-0.00370,-0.00630
0.01904,0.00000,0.01904,0.00000,-0.00407,-0.00693,-0.00407,-0.00693
0.02090,0.00000,0.02090,0.00000,-0.00446,-0.00758,-0.00446,-0.00758
0.02286,0.00000,0.02286,0.00000,-0.00487,-0.00828,-0.00487,-0.00828
0.02493,0.00000,0.02493,0.00000,-0.00531,-0.00900,-0.00531,-0.00900
0.02710,0.00000,0.02710,0.00000,-0.00576,-0.00977,-0.00576,-0.00977
0.02939,0.00000,0.02939,0.00000,-0.00624,-0.01056,-0.00624,-0.01056
0.03178,0.00000,0.03178,0.00000,-0.00674,-0.01140,-0.00674,-0.01140
0.03429,0.00000,0.03429,0.00000,-0.00726,-0.01227,-0.00726,-0.01227
0.03691,0.00000,0.03691,0.00000,-0.00781,-0.01317,-0.00781,-0.01317
0.03964,0.00000,0.03964,0.00000,-0.00838,-0.01411,-0.00838,-0.01411
0.04249,0.00000,0.04249,0.00000,-0.00897,-0.01508,-0.00897,-0.01508
0.04546,0.00000,0.04546,0.00000,-0.00959,-0.01609,-0.00959,-0.01609
0.04855,0.00000,0.04855,0.00000,-0.01023,-0.01713,-0.01023,-0.01713
0.05175,0.00000,0.05175,0.00000,-0.01089,-0.01821,-0.01089,-0.01821
0.05507,0.00000,0.05507,0.00000,-0.01158,-0.01931,-0.01158,-0.01931
0.05851,0.00000,0.05851,0.00000,-0.01228,-0.02046,-0.01228,-0.02046
0.06208,0.00000,0.06208,0.00000,-0.01302,-0.02163,-0.01302,-0.02163
0.06576,0.00000,0.06576,0.00000,-0.01377,-0.02284,-0.01377,-0.02284
0.06957,0.00000,0.06957,0.00000,-0.01455,-0.02408,-0.01455,-0.02408
0.07350,0.00000,0.07350,0.00000,-0.01536,-0.02534,-0.01536,-0.02534
0.07755,0.00000,0.07755,0.00000,-0.01619,-0.02664,-0.01619,-0.02664
0.08172,0.00000,0.08172,0.00000,-0.01704,-0.02797,-0.01704,-0.02797
0.08602,0.00000,0.08602,0.00000,-0.01791,-0.02933,-0.01791,-0.02933
0.09045,0.00000,0.09045,0.00000,-0.01881,-0.03072,-0.01881,-0.03072
0.09500,0.00000,0.09500,0.00000,-0.01973,-0.03213,-0.01973,-0.03213
0.09967,0.00000,0.09967,0.00000,-0.02068,-0.03357,-0.02068,-0.03357
0.10447,0.00000,0.10447,0.00000,-0.02164,-0.03504,-0.02164,-0.03504
0.10939,0.00000,0.10939,0.00000,-0.02263,-0.03653,-0.02263,-0.03653
0.11444,0.00000,0.11444,0.00000,-0.02365,-0.03805,-0.02365,-0.03805
0.11962,0.00000,0.11962,0.00000,-0.02469,-0.03959,-0.02469,-0.03959
0.12492,0.00000,0.12492,0.00000,-0.02574,-0.04115,-0.02574,-0.04115
0.13034,0.00000,0.13034,0.00000,-0.02683,-0.04273,-0.02683,-0.04273
0.13589,0.00000,0.13589,0.00000,-0.02793,-0.04433,-0.02793,-0.04433
0.14157,0.00000,0.14157,0.00000,-0.02906,-0.04596,-0.02906,-0.04596
0.14736,0.00000,0.14736,0.00000,-0.03021,-0.04760,-0.03021,-0.04760
0.15329,0.00000,0.15329,0.00000,-0.03138,-0.04926,-0.03138,-0.04926
0.15934,0.00000,0.15934,0.00000,-0.03257,-0.05093,-0.03257,-0.05093
0.16551,0.00000,0.16551,0.00000,-0.03378,-0.05263,-0.03378,-0.05263
0.17180,0.00000,0.17180,0.00000,-0.03502,-0.05433,-0.03502,-0.05433
0.17822,0.00000,0.17822,0.00000,-0.03627,-0.05605,-0.03627,-0.05605
0.18476,0.00000,0.18476,0.00000,-0.03755,-0.05778,-0.03755,-0.05778
0.19142,0.00000,0.19142,0.00000,-0.03884,-0.05952,-0.03884,-0.05952
0.19820,0.00000,0.19820,0.00000,-0.04016,-0.06128,-0.04016,-0.06128
0.20510,0.00000,0.20510,0.00000,-0.04149,-0.06304,-0.04149,-0.06304
0.21212,0.00000,0.21212,0.00000,-0.04284,-0.06481,-0.04284,-0.06481
0.21925,0.00000,0.21925,0.00000,-0.04422,-0.06658,-0.04422,-0.06658
0.22651,0.00000,0.22651,0.00000,-0.04561,-0.06837,-0.04561,-0.06837
0.23387,0.00000,0.23387,0.00000,-0.04702,-0.07015,-0.04702,-0.07015
0.24135,0.00000,0.24135,0.00000,-0.04844,-0.07194,-0.04844,-0.07194
0.24894,0.00000,0.24894,0.00000,-0.04989,-0.07373,-0.04989,-0.07373
0.25664,0.00000,0.25664,0.00000,-0.05135,-0.07553,-0.05135,-0.07553
0.26445,0.00000,0.26445,0.00000,-0.05282,-0.07732,-0.05282,-0.07732
0.27237,0.00000,0.27237,0.00000,-0.05431,-0.07912,-0.05431,-0.07912
0.28039,0.00000,0.28039,0.00000,-0.05582,-0.08091,-0.05582,-0.08091
0.28852,0.00000,0.28852,0.00000,-0.05734,-0.08270,-0.05734,-0.08270
0.29674,0.00000,0.29674,0.00000,-0.05887,-0.08448,-0.05887,-0.08448
0.30506,0.00000,0.30506,0.00000,-0.06042,-0.08626,-0.06042,-0.08626
0.31348,0.00000,0.31348,0.00000,-0.06198,-0.08803,-0.06198,-0.08803
0.32199,0.00000,0.32199,0.00000,-0.06355,-0.08980,-0.06355,-0.08980
0.33059,0.00000,0.33059,0.00000,-0.06514,-0.09156,-0.06514,-0.09156
0.33928,0.00000,0.33928,0.00000,-0.06673,-0.09331,-0.06673,-0.09331
0.34805,0.00000,0.34805,0.00000,-0.06833,-0.09505,-0.06833,-0.09505
0.35690,0.00000,0.35690,0.00000,-0.06994,-0.09677,-0.06994,-0.09677
0.36582,0.00000,0.36582,0.00000,-0.07156,-0.09849,-0.07156,-0.09849
0.37482,0.00000,0.37482,0.00000,-0.07319,-0.10019,-0.07319,-0.10019
0.38389,0.00000,0.38389,0.00000,-0.07482,-0.10188,-0.07482,-0.10188
0.39302,0.00000,0.39302,0.00000,-0.07646,-0.10356,-0.07646,-0.10356
0.40221,0.00000,0.40221,0.00000,-0.07810,-0.10522,-0.07810,-0.10522
0.41146,0.00000,0.41146,0.00000,-0.07974,-0.10686,-0.07974,-0.10686
0.42076,0.00000,0.42076,0.00000,-0.08139,-0.10849,-0.08139,-0.10849
0.43011,0.00000,0.43011,0.00000,-0.08304,-0.11010,-0.08304,-0.11010
0.43949,0.00000,0.43949,0.00000,-0.08469,-0.11169,-0.08469,-0.11169
0.44892,0.00000,0.44892,0.00000,-0.08634,-0.11326,-0.08634,-0.11326
0.45837,0.00000,0.45837,0.00000,-0.08798,-0.11481,-0.08798,-0.11481
0.46784,0.00000,0.46784,0.00000,-0.08963,-0.11633,-0.08963,-0.11633
0.47734,0.00000,0.47734,0.00000,-0.09127,-0.11784,-0.09127,-0.11784
0.48685,0.00000,0.48685,0.00000,-0.09290,-0.11933,-0.09290,-0.11933
0.49636,0.00000,0.49636,0.00000,-0.09453,-0.12079,-0.09453,-0.12079
0.50587,0.00000,0.50587,0.00000,-0.09615,-0.12223,-0.09615,-0.12223
0.51300,0.00000,0.51300,0.00000,-0.09717,-0.12365,-0.09717,-0.12365
0.51300,0.00000,0.51300,0.00000,-0.09643,-0.12504,-0.09643,-0.12504
0.51300,0.00000,0.51300,0.00000,-0.09569,-0.12640,-0.09569,-0.12640
0.51300,0.00000,0.51300,0.00000,-0.09495,-0.12774,-0.09495,-0.12774
0.51300,0.00000,0.51300,0.00000,-0.09423,-0.12906,-0.09423,-0.12906
0.51300,0.00000,0.51300,0.00000,-0.09351,-0.13214,-0.09351,-0.13220
0.51300,0.00000,0.51300,0.00000,-0.09280,-0.13315,-0.09280,-0.13315
0.51300,0.00000,0.51300,0.00000,-0.09210,-0.13411,-0.09210,-0.13416
0.51300,0.00000,0.51300,0.00000,-0.09142,-0.13508,-0.09142,-0.13513
0.51300,0.00000,0.51300,0.00000,-0.09074,-0.13606,-0.09074,-0.13610
0.51300,0.00000,0.51300,0.00000,-0.09007,-0.13638,-0.09007,-0.13638
0.51300,0.00000,0.51300,0.00000,-0.08941,-0.13751,-0.08941,-0.13751
0.51300,0.00000,0.51300,0.00000,-0.08877,-0.13860,-0.08877,-0.13860
0.51300,0.00000,0.51300,0.00000,-0.08814,-0.13967,-0.08814,-0.13967
0.51300,0.00000,0.51300,0.00000,-0.08752,-0.14071,-0.08752,-0.14071
0.51300,0.00000,0.51300,0.00000,-0.08691,-0.14171,-0.08691,-0.14171
0.51300,0.00000,0.51300,0.00000,-0.08632,-0.14269,-0.08632,-0.14269
0.51300,0.00000,0.51300,0.00000,-0.08574,-0.14364,-0.08574,-0.14364
0.51300,0.00000,0.51300,0.00000,-0.08518,-0.14456,-0.08518,-0.14456
0.51300,0.00000,0.51300,0.00000,-0.08462,-0.14545,-0.08462,-0.14545
0.51300,0.00000,0.51300,0.00000,-0.08409,-0.14632,-0.08409,-0.14632
0.51300,0.00000,0.51300,0.00000,-0.08357,-0.14715,-0.08357,-0.14715
0.51300,0.00000,0.51300,0.00000,-0.08307,-0.14795,-0.08307,-0.14795
0.51300,0.00000,0.51300,0.00000,-0.08258,-0.14872,-0.08258,-0.14872
0.51300,0.00000,0.51300,0.00000,-0.08210,-0.14947,-0.08210,-0.14947
0.51300,0.00000,0.51300,0.00000,-0.08165,-0.15018,-0.08165,-0.15018
0.51300,0.00000,0.51300,0.00000,-0.08121,-0.15087,-0.08121,-0.15087
0.51300,0.00000,0.51300,0.00000,-0.08078,-0.15153,-0.08078,-0.15153
0.51300,0.00000,0.51300,0.00000,-0.08038,-0.15216,-0.08038,-0.15216
0.51300,0.00000,0.51300,0.00000,-0.07998,-0.15276,-0.07998,-0.15276
0.51300,0.00000,0.51300,0.00000,-0.07961,-0.15333,-0.07961,-0.15333
0.51300,0.00000,0.51300,0.00000,-0.07925,-0.15387,-0.07925,-0.15387
0.51300,0.00000,0.51300,0.00000,-0.07891,-0.15439,-0.07891,-0.15439
0.51300,0.00000,0.51300,0.00000,-0.07859,-0.15488,-0.07859,-0.15488
0.51300,0.00000,0.51300,0.00000,-0.07828,-0.15534,-0.07828,-0.15534
0.51300,0.00000,0.51300,0.00000,-0.07799,-0.15578,-0.07799,-0.15578
0.51300,0.00000,0.51300,0.00000,-0.07772,-0.15619,-0.07772,-0.15619
0.51300,0.00000,0.51300,0.00000,-0.07746,-0.15657,-0.07746,-0.15657
0.51300,0.00000,0.51300,0.00000,-0.07722,-0.15693,-0.07722,-0.15693
0.51300,0.00000,0.51300,0.00000,-0.07700,-0.15726,-0.07700,-0.15726
0.51300,0.00000,0.51300,0.00000,-0.07679,-0.15758,-0.07679,-0.15758
0.51300,0.00000,0.51300,0.00000,-0.07659,-0.15786,-0.07659,-0.15786
0.51300,0.00000,0.51300,0.00000,-0.07641,-0.15813,-0.07641,-0.15813
0.51300,0.00000,0.51300,0.00000,-0.07625,-0.15837,-0.07625,-0.15837
0.51300,0.00000,0.51300,0.00000,-0.07610,-0.15859,-0.07610,-0.15859
0.51300,0.00000,0.51300,0.00000,-0.07596,-0.15879,-0.07596,-0.15879
0.51300,0.00000,0.51300,0.00000,-0.07584,-0.15897,-0.07584,-0.15897
0.51300,0.00000,0.51300,0.00000,-0.07573,-0.15913,-0.07573,-0.15913
0.51300,0.00000,0.51300,0.00000,-0.07563,-0.15927,-0.07563,-0.15927
0.51300,0.00000,0.51300,0.00000,-0.07555,-0.15940,-0.07555,-0.15940
0.51300,0.00000,0.51300,0.00000,-0.07547,-0.15951,-0.07547,-0.15951
0.51300,0.00000,0.51300,0.00000,-0.07541,-0.15960,-0.07541,-0.15960
0.51300,0.00000,0.51300,0.00000,-0.07535,-0.15968,-0.07535,-0.15968
0.51300,0.00000,0.51300,0.00000,-0.07531,-0.15974,-0.07531,-0.15974
0.51300,0.00000,0.51300,0.00000,-0.07527,-0.15980,-0.07527,-0.15980
0.51300,0.00000,0.51300,0.00000,-0.07525,-0.15984,-0.07525,-0.15984
0.51300,0.00000,0.51300,0.00000,-0.07522,-0.15987,-0.07522,-0.15987
0.51300,0.00000,0.51300,0.00000,-0.07521,-0.15989,-0.07521,-0.15989
0.51300,0.00000,0.51300,0.00000,-0.07520,-0.15991,-0.07520,-0.15991
0.51300,0.00000,0.51300,0.00000,-0.07519,-0.15992,-0.07519,-0.15992
0.51300,0.00000,0.51300,0.00000,-0.07519,-0.15992,-0.07519,-0.15992
0.51300,0.00000,0.51300,0.00000,-0.07519,-0.15992,-0.07519,-0.15992
0.51300,0.00000,0.51300,0.00000,-0.07519,-0.15992,-0.07519,-0.15992
0.51300,0.00000,0.51300,0.00000,-0.07519,-0.15992,-0.07519,-0.15992
0.51300,0.00000,0.51300,0.00000,-0.07519,-0.15993,-0.07519,-0.15993
0.51300,0.00000,0.51300,0.00000,-0.07520,-0.15994,-0.07520,-0.15994
0.51300,0.00000,0.51300,0.00000,-0.07523,-0.15996,-0.07523,-0.15996
0.51300,0.00000,0.51300,0.00000,-0.07529,-0.16001,-0.07529,-0.16001
0.51300,0.00000,0.51300,0.00000,-0.07538,-0.16009,-0.07538,-0.16009
0.51300,0.00000,0.51300,0.00000,-0.07552,-0.16021,-0.07552,-0.16021
0.51300,0.00000,0.51300,0.00000,-0.07571,-0.16037,-0.07571,-0.16037
0.51300,0.00000,0.51300,0.00000,-0.07596,-0.16058,-0.07596,-0.16058
0.51300,0.00000,0.51300,0.00000,-0.07628,-0.16085,-0.07628,-0.16085
0.51300,0.00000,0.51300,0.00000,-0.07666,-0.16118,-0.07666,-0.16118
0.51300,0.00000,0.51300,0.00000,-0.07712,-0.16157,-0.07712,-0.16157
0.51300,0.00000,0.51300,0.00000,-0.07767,-0.16203,-0.07767,-0.16203
0.51300,0.00000,0.51300,0.00000,-0.07830,-0.16256,-0.07830,-0.16256
0.51300,0.00000,0.51300,0.00000,-0.07902,-0.16317,-0.07902,-0.16317
0.51300,0.00000,0.51300,0.00000,-0.07983,-0.16386,-0.07983,-0.16386
0.51300,0.00000,0.51300,0.00000,-0.08075,-0.16464,-0.08075,-0.16464
0.51300,0.00000,0.51300,0.00000,-0.08176,-0.16549,-0.08176,-0.16549
0.51300,0.00000,0.51300,0.00000,-0.08288,-0.16644,-0.08288,-0.16644
0.51300,0.00000,0.51300,0.00000,-0.08411,-0.16747,-0.08411,-0.16747
0.51300,0.00000,0.51300,0.00000,-0.08544,-0.16859,-0.08544,-0.16859
0.51300,0.00000,0.51300,0.00000,-0.08689,-0.16980,-0.08689,-0.16980
0.51300,0.00000,0.51300,0.00000,-0.08844,-0.17110,-0.08844,-0.17110
0.51300,0.00000,0.51300,0.00000,-0.09011,-0.17249,-0.09011,-0.17249
0.51300,0.00000,0.51300,0.00000,-0.09189,-0.17397,-0.09189,-0.17397
0.51300,0.00000,0.51300,0.00000,-0.09378,-0.17554,-0.09378,-0.17554
0.51300,0.00000,0.51300,0.00000,-0.09578,-0.17720,-0.09578,-0.17720
0.51300,0.00000,0.51300,0.00000,-0.09790,-0.17895,-0.09790,-0.17895
0.51300,0.00000,0.51300,0.00000,-0.10012,-0.18078,-0.10012,-0.18078
0.51300,0.00000,0.51300,0.00000,-0.10245,-0.18269,-0.10245,-0.18269
0.51300,0.00000,0.51300,0.00000,-0.10490,-0.18469,-0.10490,-0.18469
0.51300,0.00000,0.51300,0.00000,-0.10744,-0.18677,-0.10744,-0.18677
0.51300,0.00000,0.51300,0.00000,-0.11010,-0.18892,-0.11010,-0.18892
0.51300,0.00000,0.51300,0.00000,-0.11285,-0.19114,-0.11285,-0.19114
0.51300,0.00000,0.51300,0.00000,-0.11570,-0.19344,-0.11570,-0.19344
0.51300,0.00000,0.51300,0.00000,-0.11865,-0.19580,-0.11865,-0.19580
0.51300,0.00000,0.51300,0.00000,-0.12170,-0.19822,-0.12170,-0.19822
0.51300,0.00000,0.51300,0.00000,-0.12483,-0.20071,-0.12483,-0.20071
0.51300,0.00000,0.51300,0.00000,-0.12805,-0.20324,-0.12805,-0.20324
0.51300,0.00000,0.51300,0.00000,-0.13136,-0.20583,-0.13136,-0.20583
0.51300,0.00000,0.51300,0.00000,-0.13474,-0.20846,-0.13474,-0.20846
0.51300,0.00000,0.51300,0.00000,-0.13820,-0.21113,-0.13820,-0.21113
0.51300,0.00000,0.51300,0.00000,-0.14173,-0.21384,-0.14173,-0.21384
0.51300,0.00000,0.51300,0.00000,-0.14533,-0.21658,-0.14533,-0.21658
0.51300,0.00000,0.51300,0.00000,-0.14899,-0.21935,-0.14899,-0.21935
0.51300,0.00000,0.51300,0.00000,-0.15271,-0.22214,-0.15271,-0.22214
0.51300,0.00000,0.51300,0.00000,-0.15648,-0.22494,-0.15648,-0.22494
0.51300,0.00000,0.51300,0.00000,-0.16030,-0.22776,-0.16030,-0.22776
0.51300,0.00000,0.51300,0.00000,-0.16417,-0.23058,-0.16417,-0.23058
0.51300,0.00000,0.51300,0.00000,-0.16807,-0.23340,-0.16807,-0.23340
0.51300,0.00000,0.51300,0.00000,-0.17201,-0.23622,-0.17201,-0.23622
0.51300,0.00000,0.51300,0.00000,-0.17598,-0.23903,-0.17598,-0.23903
0.51300,0.00000,0.51300,0.00000,-0.17998,-0.24183,-0.17998,-0.24183
0.51300,0.00000,0.51300,0.00000,-0.18399,-0.24461,-0.18399,-0.24461
0.51300,0.00000,0.51300,0.00000,-0.18802,-0.24736,-0.18802,-0.24736
0.51300,0.00000,0.51300,0.00000,-0.19206,-0.25009,-0.19206,-0.25009
0.50357,0.00000,0.50357,0.00000,-0.19280,-0.25278,-0.19280,-0.25278
0.49207,0.00000,0.49207,0.00000,-0.19271,-0.25544,-0.19271,-0.25544
0.48054,0.00000,0.48054,0.00000,-0.19246,-0.25806,-0.19246,-0.25806
0.46898,0.00000,0.46898,0.00000,-0.19204,-0.26063,-0.19204,-0.26063
0.45741,0.00000,0.45741,0.00000,-0.19146,-0.26315,-0.19146,-0.26315
0.44584,0.00000,0.44584,0.00000,-0.19071,-0.26562,-0.19071,-0.26562
0.43428,0.00000,0.43428,0.00000,-0.18978,-0.26804,-0.18978,-0.26804
0.42274,0.00000,0.42274,0.00000,-0.18867,-0.27040,-0.18867,-0.27040
0.41125,0.00000,0.41125,0.00000,-0.18738,-0.27269,-0.18738,-0.27269
0.39980,0.00000,0.39980,0.00000,-0.18591,-0.27493,-0.18591,-0.27493
0.38842,0.00000,0.38842,0.00000,-0.18426,-0.27709,-0.18426,-0.27709
0.37712,0.00000,0.37712,0.00000,-0.18243,-0.27919,-0.18243,-0.27919
0.36591,0.00000,0.36591,0.00000,-0.18041,-0.28122,-0.18041,-0.28122
0.35479,0.00000,0.35479,0.00000,-0.17821,-0.28318,-0.17821,-0.28318
0.34379,0.00000,0.34379,0.00000,-0.17584,-0.28507,-0.17584,-0.28507
0.33292,0.00000,0.33292,0.00000,-0.17330,-0.28688,-0.17330,-0.28688
0.32218,0.00000,0.32218,0.00000,-0.17059,-0.28862,-0.17059,-0.28862
0.31159,0.00000,0.31159,0.00000,-0.16772,-0.29029,-0.16772,-0.29029
0.30116,0.00000,0.30116,0.00000,-0.16470,-0.29188,-0.16470,-0.29188
0.29089,0.00000,0.29089,0.00000,-0.16153,-0.29340,-0.16153,-0.29340
0.28081,0.00000,0.28081,0.00000,-0.15823,-0.29484,-0.15823,-0.29484
0.27092,0.00000,0.27092,0.00000,-0.15480,-0.29622,-0.15480,-0.29622
0.26124,0.00000,0.26124,0.00000,-0.15126,-0.29752,-0.15126,-0.29752
0.25176,0.00000,0.25176,0.00000,-0.14762,-0.29875,-0.14762,-0.29875
0.24250,0.00000,0.24250,0.00000,-0.14388,-0.29992,-0.14388,-0.29992
0.23347,0.00000,0.23347,0.00000,-0.14007,-0.30102,-0.14007,-0.30102
0.22468,0.00000,0.22468,0.00000,-0.13620,-0.30205,-0.13620,-0.30205
0.22448,0.00293,0.22448,0.00293,-0.13771,-0.30533,-0.13771,-0.30533
0.22671,0.00662,0.22671,0.00662,-0.14073,-0.30919,-0.14073,-0.30919
0.22938,0.01037,0.22938,0.01037,-0.14399,-0.31307,-0.14399,-0.31307
0.23209,0.01405,0.23209,0.01405,-0.14721,-0.31685,-0.14721,-0.31685
0.23472,0.01760,0.23472,0.01760,-0.15034,-0.32051,-0.15034,-0.32051
0.23728,0.02103,0.23728,0.02103,-0.15336,-0.32403,-0.15336,-0.32403
0.23974,0.02432,0.23974,0.02432,-0.15627,-0.32742,-0.15627,-0.32742
0.24211,0.02749,0.24211,0.02749,-0.15906,-0.33067,-0.15906,-0.33067
0.24438,0.03052,0.24438,0.03052,-0.16173,-0.33378,-0.16173,-0.33378
0.24655,0.03341,0.24655,0.03341,-0.16428,-0.33675,-0.16428,-0.33675
0.24862,0.03616,0.24862,0.03616,-0.16671,-0.33958,-0.16671,-0.33958
0.25059,0.03877,0.25059,0.03877,-0.16902,-0.34227,-0.16902,-0.34227
0.25246,0.04125,0.25246,0.04125,-0.17120,-0.34480,-0.17120,-0.34480
0.25423,0.04358,0.25423,0.04358,-0.17326,-0.34720,-0.17326,-0.34720
0.25589,0.04577,0.25589,0.04577,-0.17520,-0.34945,-0.17520,-0.34945
0.25745,0.04783,0.25745,0.04783,-0.17702,-0.35156,-0.17702,-0.35156
0.25891,0.04974,0.25891,0.04974,-0.17871,-0.35352,-0.17871,-0.35352
0.26026,0.05152,0.26026,0.05152,-0.18029,-0.35535,-0.18029,-0.35535
0.26152,0.05316,0.26152,0.05316,-0.18174,-0.35703,-0.18174,-0.35703
0.26267,0.05467,0.26267,0.05467,-0.18308,-0.35858,-0.18308,-0.35858
0.26373,0.05605,0.26373,0.05605,-0.18430,-0.35999,-0.18430,-0.35999
0.26469,0.05730,0.26469,0.05730,-0.18541,-0.36127,-0.18541,-0.36127
0.26556,0.05843,0.26556,0.05843,-0.18641,-0.36243,-0.18641,-0.36243
0.26633,0.05943,0.26633,0.05943,-0.18730,-0.36346,-0.18730,-0.36346
0.26702,0.06032,0.26702,0.06032,-0.18809,-0.36437,-0.18809,-0.36437
0.26763,0.06110,0.26763,0.06110,-0.18879,-0.36516,-0.18879,-0.36516
0.26815,0.06177,0.26815,0.06177,-0.18939,-0.36585,-0.18939,-0.36585
0.26860,0.06234,0.26860,0.06234,-0.18990,-0.36643,-0.18990,-0.36643
0.26897,0.06282,0.26897,0.06282,-0.19032,-0.36692,-0.19032,-0.36692
0.26928,0.06321,0.26928,0.06321,-0.19067,-0.36732,-0.19067,-0.36732
0.26953,0.06352,0.26953,0.06352,-0.19095,-0.36764,-0.19095,-0.36764
0.26972,0.06376,0.26972,0.06376,-0.19117,-0.36788,-0.19117,-0.36788
0.26986,0.06393,0.26986,0.06393,-0.19133,-0.36806,-0.19133,-0.36806
0.26996,0.06405,0.26996,0.06405,-0.19144,-0.36818,-0.19144,-0.36818
0.27003,0.06413,0.27003,0.06413,-0.19151,-0.36826,-0.19151,-0.36826
0.27007,0.06417,0.27007,0.06417,-0.19155,-0.36830,-0.19155,-0.36830
0.27008,0.06418,0.27008,0.06418,-0.19156,-0.36831,-0.19156,-0.36831
0.27009,0.06419,0.27009,0.06419,-0.19157,-0.36832,-0.19157,-0.36832
0.27009,0.06419,0.27009,0.06419,-0.19157,-0.36832,-0.19157,-0.36832
0.27009,0.06418,0.27009,0.06418,-0.19157,-0.36831,-0.19157,-0.36831
0.27007,0.06416,0.27007,0.06416,-0.19155,-0.36829,-0.19155,-0.36829
0.27004,0.06410,0.27004,0.06410,-0.19150,-0.36823,-0.19150,-0.36823
0.26996,0.06399,0.26996,0.06399,-0.19141,-0.36811,-0.19141,-0.36811
0.26984,0.06381,0.26984,0.06381,-0.19125,-0.36793,-0.19125,-0.36793
0.26965,0.06355,0.26965,0.06355,-0.19103,-0.36765,-0.19103,-0.36765
0.26940,0.06318,0.26940,0.06318,-0.19072,-0.36728,-0.19072,-0.36728
0.26906,0.06272,0.26906,0.06272,-0.19032,-0.36680,-0.19032,-0.36680
0.26865,0.06213,0.26865,0.06213,-0.18981,-0.36619,-0.18981,-0.36619
0.26813,0.06142,0.26813,0.06142,-0.18920,-0.36546,-0.18920,-0.36546
0.26752,0.06057,0.26752,0.06057,-0.18846,-0.36459,-0.18846,-0.36459
0.26680,0.05958,0.26680,0.05958,-0.18761,-0.36357,-0.18761,-0.36357
0.26598,0.05844,0.26598,0.05844,-0.18662,-0.36240,-0.18662,-0.36240
0.26504,0.05716,0.26504,0.05716,-0.18551,-0.36107,-0.18551,-0.36107
0.26399,0.05572,0.26399,0.05572,-0.18425,-0.35959,-0.18425,-0.35959
0.26283,0.05412,0.26283,0.05412,-0.18286,-0.35795,-0.18286,-0.35795
0.26154,0.05236,0.26154,0.05236,-0.18134,-0.35614,-0.18134,-0.35614
0.26014,0.05045,0.26014,0.05045,-0.17967,-0.35417,-0.17967,-0.35417
0.25863,0.04838,0.25863,0.04838,-0.17787,-0.35204,-0.17787,-0.35204
0.25700,0.04615,0.25700,0.04615,-0.17593,-0.34975,-0.17593,-0.34975
0.25525,0.04377,0.25525,0.04377,-0.17385,-0.34730,-0.17385,-0.34730
0.25340,0.04124,0.25340,0.04124,-0.17165,-0.34470,-0.17165,-0.34470
0.25144,0.03857,0.25144,0.03857,-0.16931,-0.34194,-0.16931,-0.34194
0.24938,0.03575,0.24938,0.03575,-0.16685,-0.33904,-0.16685,-0.33904
0.24722,0.03279,0.24722,0.03279,-0.16427,-0.33599,-0.16427,-0.33599
0.24496,0.02970,0.24496,0.02970,-0.16157,-0.33281,-0.16157,-0.33281
0.24261,0.02649,0.24261,0.02649,-0.15876,-0.32951,-0.15876,-0.32951
0.24018,0.02316,0.24018,0.02316,-0.15585,-0.32607,-0.15585,-0.32607
0.23767,0.01972,0.23767,0.01972,-0.15285,-0.32253,-0.15285,-0.32253
0.23509,0.01617,0.23509,0.01617,-0.14975,-0.31888,-0.14975,-0.31888
0.23244,0.01253,0.23244,0.01253,-0.14656,-0.31513,-0.14656,-0.31513
0.22973,0.00881,0.22973,0.00881,-0.14331,-0.31129,-0.14331,-0.31129
0.22698,0.00501,0.22698,0.00501,-0.13998,-0.30737,-0.13998,-0.30737
0.22417,0.00114,0.22417,0.00114,-0.13660,-0.30338,-0.13660,-0.30338
0.22927,0.00000,0.22927,0.00000,-0.13824,-0.30151,-0.13824,-0.30151
0.23773,0.00000,0.23773,0.00000,-0.14189,-0.30050,-0.14189,-0.30050
0.24628,0.00000,0.24628,0.00000,-0.14543,-0.29945,-0.14543,-0.29945
0.25489,0.00000,0.25489,0.00000,-0.14884,-0.29835,-0.14884,-0.29835
0.26355,0.00000,0.26355,0.00000,-0.15212,-0.29722,-0.15212,-0.29722
0.27222,0.00000,0.27222,0.00000,-0.15526,-0.29604,-0.15526,-0.29604
0.28090,0.00000,0.28090,0.00000,-0.15826,-0.29483,-0.15826,-0.29483
0.28955,0.00000,0.28955,0.00000,-0.16110,-0.29359,-0.16110,-0.29359
0.29817,0.00000,0.29817,0.00000,-0.16380,-0.29233,-0.16380,-0.29233
0.30671,0.00000,0.30671,0.00000,-0.16633,-0.29104,-0.16633,-0.29104
0.31518,0.00000,0.31518,0.00000,-0.16872,-0.28973,-0.16872,-0.28973
0.32353,0.00000,0.32353,0.00000,-0.17094,-0.28840,-0.17094,-0.28840
0.33176,0.00000,0.33176,0.00000,-0.17302,-0.28707,-0.17302,-0.28707
0.33984,0.00000,0.33984,0.00000,-0.17494,-0.28573,-0.17494,-0.28573
0.34775,0.00000,0.34775,0.00000,-0.17672,-0.28439,-0.17672,-0.28439
0.35548,0.00000,0.35548,0.00000,-0.17836,-0.28306,-0.17836,-0.28306
0.36300,0.00000,0.36300,0.00000,-0.17986,-0.28174,-0.17986,-0.28174
0.37031,0.00000,0.37031,0.00000,-0.18122,-0.28043,-0.18122,-0.28043
0.37737,0.00000,0.37737,0.00000,-0.18247,-0.27915,-0.18247,-0.27915
0.38419,0.00000,0.38419,0.00000,-0.18360,-0.27789,-0.18360,-0.27789
0.39074,0.00000,0.39074,0.00000,-0.18461,-0.27666,-0.18461,-0.27666
0.39701,0.00000,0.39701,0.00000,-0.18553,-0.27546,-0.18553,-0.27546
0.40298,0.00000,0.40298,0.00000,-0.18634,-0.27431,-0.18634,-0.27431
0.40866,0.00000,0.40866,0.00000,-0.18707,-0.27320,-0.18707,-0.27320
0.41402,0.00000,0.41402,0.00000,-0.18771,-0.27214,-0.18771,-0.27214
0.41907,0.00000,0.41907,0.00000,-0.18828,-0.27114,-0.18828,-0.27114
0.42379,0.00000,0.42379,0.00000,-0.18878,-0.27019,-0.18878,-0.27019
0.42818,0.00000,0.42818,0.00000,-0.18922,-0.26929,-0.18922,-0.26929
0.43223,0.00000,0.43223,0.00000,-0.18960,-0.26846,-0.18960,-0.26846
0.43596,0.00000,0.43596,0.00000,-0.18992,-0.26769,-0.18992,-0.26769
0.43934,0.00000,0.43934,0.00000,-0.19021,-0.26699,-0.19021,-0.26699
0.44240,0.00000,0.44240,0.00000,-0.19045,-0.26635,-0.19045,-0.26635
0.44514,0.00000,0.44514,0.00000,-0.19066,-0.26577,-0.19066,-0.26577
0.44755,0.00000,0.44755,0.00000,-0.19083,-0.26526,-0.19083,-0.26526
0.44966,0.00000,0.44966,0.00000,-0.19097,-0.26481,-0.19097,-0.26481
0.45146,0.00000,0.45146,0.00000,-0.19109,-0.26443,-0.19109,-0.26443
0.45298,0.00000,0.45298,0.00000,-0.19119,-0.26410,-0.19119,-0.26410
0.45424,0.00000,0.45424,0.00000,-0.19127,-0.26384,-0.19127,-0.26384
0.45524,0.00000,0.45524,0.00000,-0.19133,-0.26362,-0.19133,-0.26362
0.45602,0.00000,0.45602,0.00000,-0.19138,-0.26345,-0.19138,-0.26345
0.45659,0.00000,0.45659,0.00000,-0.19141,-0.26333,-0.19141,-0.26333
0.45698,0.00000,0.45698,0.00000,-0.19143,-0.26325,-0.19143,-0.26325
0.45722,0.00000,0.45722,0.00000,-0.19145,-0.26319,-0.19145,-0.26319
0.45735,0.00000,0.45735,0.00000,-0.19146,-0.26317,-0.19146,-0.26317
0.45740,0.00000,0.45740,0.00000,-0.19146,-0.26316,-0.19146,-0.26316
0.45741,0.00000,0.45741,0.00000,-0.19146,-0.26315,-0.19146,-0.26315
0.45741,0.00000,0.45741,0.00000,-0.19146,-0.26315,-0.19146,-0.26315
0.45738,0.00000,0.45738,0.00000,-0.19145,-0.26315,-0.19145,-0.26315
0.45722,0.00000,0.45722,0.00000,-0.19142,-0.26313,-0.19142,-0.26313
0.45680,0.00000,0.45680,0.00000,-0.19134,-0.26308,-0.19134,-0.26308
0.45600,0.00000,0.45600,0.00000,-0.19117,-0.26299,-0.19117,-0.26299
0.45473,0.00000,0.45473,0.00000,-0.19091,-0.26284,-0.19091,-0.26284
0.45290,0.00000,0.45290,0.00000,-0.19054,-0.26262,-0.19054,-0.26262
0.45047,0.00000,0.45047,0.00000,-0.19005,-0.26233,-0.19005,-0.26233
0.44736,0.00000,0.44736,0.00000,-0.18942,-0.26195,-0.18942,-0.26195
0.44355,0.00000,0.44355,0.00000,-0.18864,-0.26149,-0.18864,-0.26149
0.43901,0.00000,0.43901,0.00000,-0.18772,-0.26093,-0.18772,-0.26093
0.43374,0.00000,0.43374,0.00000,-0.18665,-0.26027,-0.18665,-0.26027
0.42775,0.00000,0.42775,0.00000,-0.18543,-0.25950,-0.18543,-0.25950
0.42105,0.00000,0.42105,0.00000,-0.18407,-0.25863,-0.18407,-0.25863
0.41368,0.00000,0.41368,0.00000,-0.18258,-0.25765,-0.18258,-0.25765
0.40567,0.00000,0.40567,0.00000,-0.18096,-0.25656,-0.18096,-0.25656
0.39708,0.00000,0.39708,0.00000,-0.17923,-0.25536,-0.17923,-0.25536
0.38796,0.00000,0.38796,0.00000,-0.17739,-0.25405,-0.17739,-0.25405
0.37837,0.00000,0.37837,0.00000,-0.17547,-0.25263,-0.17547,-0.25263
0.36838,0.00000,0.36838,0.00000,-0.17347,-0.25110,-0.17347,-0.25110
0.35806,0.00000,0.35806,0.00000,-0.17142,-0.24947,-0.17142,-0.24947
0.34747,0.00000,0.34747,0.00000,-0.16933,-0.24774,-0.16933,-0.24774
0.33668,0.00000,0.33668,0.00000,-0.16721,-0.24592,-0.16721,-0.24592
0.32576,0.00000,0.32576,0.00000,-0.16508,-0.24400,-0.16508,-0.24400
0.31478,0.00000,0.31478,0.00000,-0.16296,-0.24200,-0.16296,-0.24200
0.30378,0.00000,0.30378,0.00000,-0.16086,-0.23992,-0.16086,-0.23992
0.29284,0.00000,0.29284,0.00000,-0.15879,-0.23777,-0.15879,-0.23777
0.28200,0.00000,0.28200,0.00000,-0.15677,-0.23555,-0.15677,-0.23555
0.27131,0.00000,0.27131,0.00000,-0.15481,-0.23329,-0.15481,-0.23329
0.26083,0.00000,0.26083,0.00000,-0.15291,-0.23097,-0.15291,-0.23097
0.25058,0.00000,0.25058,0.00000,-0.15108,-0.22863,-0.15108,-0.22863
0.24061,0.00000,0.24061,0.00000,-0.14934,-0.22626,-0.14934,-0.22626
0.23094,0.00000,0.23094,0.00000,-0.14768,-0.22387,-0.14768,-0.22387
0.22160,0.00000,0.22160,0.00000,-0.14611,-0.22149,-0.14611,-0.22149
0.21263,0.00000,0.21263,0.00000,-0.14463,-0.21911,-0.14463,-0.21911
0.20403,0.00000,0.20403,0.00000,-0.14325,-0.21676,-0.14325,-0.21676
0.19583,0.00000,0.19583,0.00000,-0.14196,-0.21444,-0.14196,-0.21444
0.18803,0.00000,0.18803,0.00000,-0.14076,-0.21216,-0.14076,-0.21216
0.18065,0.00000,0.18065,0.00000,-0.13966,-0.20994,-0.13966,-0.20994
0.17370,0.00000,0.17370,0.00000,-0.13864,-0.20779,-0.13864,-0.20779
0.16718,0.00000,0.16718,0.00000,-0.13771,-0.20571,-0.13771,-0.20571
0.16109,0.00000,0.16109,0.00000,-0.13687,-0.20373,-0.13687,-0.20373
0.15544,0.00000,0.15544,0.00000,-0.13611,-0.20184,-0.13611,-0.20184
0.15023,0.00000,0.15023,0.00000,-0.13542,-0.20005,-0.13542,-0.20005
0.14545,0.00000,0.14545,0.00000,-0.13481,-0.19838,-0.13481,-0.19838
0.14110,0.00000,0.14110,0.00000,-0.13426,-0.19683,-0.13426,-0.19683
0.13717,0.00000,0.13717,0.00000,-0.13378,-0.19541,-0.13378,-0.19541
0.13365,0.00000,0.13365,0.00000,-0.13335,-0.19412,-0.13335,-0.19412
0.13054,0.00000,0.13054,0.00000,-0.13299,-0.19295,-0.13299,-0.19295
0.12782,0.00000,0.12782,0.00000,-0.13267,-0.19192,-0.13267,-0.19192
0.12547,0.00000,0.12547,0.00000,-0.13241,-0.19103,-0.13241,-0.19103
0.12349,0.00000,0.12349,0.00000,-0.13218,-0.19026,-0.13218,-0.19026
0.12185,0.00000,0.12185,0.00000,-0.13200,-0.18962,-0.13200,-0.18962
0.12052,0.00000,0.12052,0.00000,-0.13186,-0.18911,-0.13186,-0.18911
0.11949,0.00000,0.11949,0.00000,-0.13174,-0.18870,-0.13174,-0.18870
0.11873,0.00000,0.11873,0.00000,-0.13166,-0.18840,-0.13166,-0.18840
0.11820,0.00000,0.11820,0.00000,-0.13160,-0.18819,-0.13160,-0.18819
0.11787,0.00000,0.11787,0.00000,-0.13157,-0.18806,-0.13157,-0.18806
0.11770,0.00000,0.11770,0.00000,-0.13155,-0.18799,-0.13155,-0.18799
0.11763,0.00000,0.11763,0.00000,-0.13154,-0.18796,-0.13154,-0.18796
0.11762,0.00000,0.11762,0.00000,-0.13154,-0.18796,-0.13154,-0.18796
0.11762,0.00000,0.11762,0.00000,-0.13154,-0.18796,-0.13154,-0.18796
0.11761,0.00000,0.11761,0.00000,-0.13154,-0.18796,-0.13154,-0.18796
0.11759,0.00000,0.11759,0.00000,-0.13155,-0.18798,-0.13155,-0.18798
0.11751,0.00000,0.11751,0.00000,-0.13158,-0.18804,-0.13158,-0.18804
0.11736,0.00000,0.11736,0.00000,-0.13162,-0.18815,-0.13162,-0.18815
0.11713,0.00000,0.11713,0.00000,-0.13169,-0.18832,-0.13169,-0.18832
0.11680,0.00000,0.11680,0.00000,-0.13179,-0.18857,-0.13179,-0.18857
0.11636,0.00000,0.11636,0.00000,-0.13192,-0.18890,-0.13192,-0.18890
0.11579,0.00000,0.11579,0.00000,-0.13208,-0.18932,-0.13208,-0.18932
0.11508,0.00000,0.11508,0.00000,-0.13228,-0.18984,-0.13228,-0.18984
0.11424,0.00000,0.11424,0.00000,-0.13251,-0.19046,-0.13251,-0.19046
0.11325,0.00000,0.11325,0.00000,-0.13278,-0.19119,-0.13278,-0.19119
0.11210,0.00000,0.11210,0.00000,-0.13307,-0.19201,-0.13307,-0.19201
0.11081,0.00000,0.11081,0.00000,-0.13339,-0.19294,-0.13339,-0.19294
0.10936,0.00000,0.10936,0.00000,-0.13373,-0.19396,-0.13373,-0.19396
0.10776,0.00000,0.10776,0.00000,-0.13408,-0.19508,-0.13408,-0.19508
0.10601,0.00000,0.10601,0.00000,-0.13443,-0.19629,-0.13443,-0.19629
0.10412,0.00000,0.10412,0.00000,-0.13479,-0.19758,-0.13479,-0.19758
0.10209,0.00000,0.10209,0.00000,-0.13513,-0.19893,-0.13513,-0.19893
0.09992,0.00000,0.09992,0.00000,-0.13545,-0.20036,-0.13545,-0.20036
0.09763,0.00000,0.09763,0.00000,-0.13574,-0.20183,-0.13574,-0.20183
0.09522,0.00000,0.09522,0.00000,-0.13598,-0.20335,-0.13598,-0.20335
0.09270,0.00000,0.09270,0.00000,-0.13618,-0.20490,-0.13618,-0.20490
0.09009,0.00000,0.09009,0.00000,-0.13632,-0.20647,-0.13632,-0.20647
0.08739,0.00000,0.08739,0.00000,-0.13639,-0.20806,-0.13639,-0.20806
0.08647,0.00126,0.08647,0.00126,-0.13765,-0.21056,-0.13765,-0.21056
0.08944,0.00520,0.08944,0.00520,-0.14158,-0.21504,-0.14158,-0.21504
0.09336,0.00982,0.09336,0.00982,-0.14618,-0.22005,-0.14618,-0.22005
0.09755,0.01464,0.09755,0.01464,-0.15098,-0.22522,-0.15098,-0.22522
0.10184,0.01956,0.10184,0.01956,-0.15588,-0.23048,-0.15588,-0.23048
0.10619,0.02452,0.10619,0.02452,-0.16081,-0.23577,-0.16081,-0.23577
0.11056,0.02949,0.11056,0.02949,-0.16576,-0.24108,-0.16576,-0.24108
0.11494,0.03447,0.11494,0.03447,-0.17069,-0.24637,-0.17069,-0.24637
0.11931,0.03941,0.11931,0.03941,-0.17560,-0.25162,-0.17560,-0.25162
0.12363,0.04430,0.12363,0.04430,-0.18046,-0.25681,-0.18046,-0.25681
0.12791,0.04912,0.12791,0.04912,-0.18524,-0.26192,-0.18524,-0.26192
0.13210,0.05385,0.13210,0.05385,-0.18992,-0.26693,-0.18992,-0.26693
0.13621,0.05846,0.13621,0.05846,-0.19449,-0.27180,-0.19449,-0.27180
0.14019,0.06293,0.14019,0.06293,-0.19892,-0.27652,-0.19892,-0.27652
0.14405,0.06725,0.14405,0.06725,-0.20319,-0.28108,-0.20319,-0.28108
0.14775,0.07139,0.14775,0.07139,-0.20729,-0.28544,-0.20729,-0.28544
0.15129,0.07534,0.15129,0.07534,-0.21120,-0.28960,-0.21120,-0.28960
0.15465,0.07908,0.15465,0.07908,-0.21490,-0.29354,-0.21490,-0.29354
0.15782,0.08261,0.15782,0.08261,-0.21838,-0.29724,-0.21838,-0.29724
0.16078,0.08589,0.16078,0.08589,-0.22163,-0.30069,-0.22163,-0.30069
0.16353,0.08894,0.16353,0.08894,-0.22464,-0.30389,-0.22464,-0.30389
0.16605,0.09173,0.16605,0.09173,-0.22740,-0.30681,-0.22740,-0.30681
0.16835,0.09427,0.16835,0.09427,-0.22990,-0.30947,-0.22990,-0.30947
0.17041,0.09654,0.17041,0.09654,-0.23215,-0.31185,-0.23215,-0.31185
0.17224,0.09855,0.17224,0.09855,-0.23414,-0.31395,-0.23414,-0.31395
0.17384,0.10031,0.17384,0.10031,-0.23588,-0.31579,-0.23588,-0.31579
0.17521,0.10181,0.17521,0.10181,-0.23736,-0.31735,-0.23736,-0.31735
0.17635,0.10306,0.17635,0.10306,-0.23860,-0.31866,-0.23860,-0.31866
0.17729,0.10409,0.17729,0.10409,-0.23961,-0.31972,-0.23961,-0.31972
0.17803,0.10489,0.17803,0.10489,-0.24041,-0.32056,-0.24041,-0.32056
0.17859,0.10549,0.17859,0.10549,-0.24101,-0.32118,-0.24101,-0.32118
0.17899,0.10592,0.17899,0.10592,-0.24143,-0.32162,-0.24143,-0.32162
0.17925,0.10619,0.17925,0.10619,-0.24170,-0.32190,-0.24170,-0.32190
0.17940,0.10635,0.17940,0.10635,-0.24185,-0.32206,-0.24185,-0.32206
0.17947,0.10641,0.17947,0.10641,-0.24192,-0.32212,-0.24192,-0.32212
0.17949,0.10643,0.17949,0.10643,-0.24193,-0.32213,-0.24193,-0.32213
0.17949,0.10643,0.17949,0.10643,-0.24193,-0.32214,-0.24193,-0.32214
0.17949,0.10643,0.17949,0.10643,-0.24193,-0.32213,-0.24193,-0.32213
0.17947,0.10641,0.17947,0.10641,-0.24191,-0.32211,-0.24191,-0.32211
0.17943,0.10635,0.17943,0.10635,-0.24186,-0.32205,-0.24186,-0.32205
0.17934,0.10625,0.17934,0.10625,-0.24176,-0.32194,-0.24176,-0.32194
0.17919,0.10608,0.17919,0.10608,-0.24159,-0.32176,-0.24159,-0.32176
0.17897,0.10582,0.17897,0.10582,-0.24134,-0.32149,-0.24134,-0.32149
0.17866,0.10547,0.17866,0.10547,-0.24099,-0.32111,-0.24099,-0.32111
0.17826,0.10501,0.17826,0.10501,-0.24054,-0.32063,-0.24054,-0.32063
0.17775,0.10443,0.17775,0.10443,-0.23997,-0.32002,-0.23997,-0.32001
0.17713,0.10373,0.17713,0.10373,-0.23928,-0.31926,-0.23928,-0.31926
0.17638,0.10288,0.17638,0.10288,-0.23844,-0.31837,-0.23844,-0.31837
0.17550,0.10188,0.17550,0.10188,-0.23746,-0.31731,-0.23746,-0.31731
0.17448,0.10073,0.17448,0.10073,-0.23632,-0.31609,-0.23632,-0.31609
0.17332,0.09941,0.17332,0.09941,-0.23503,-0.31470,-0.23503,-0.31470
0.17201,0.09793,0.17201,0.09793,-0.23356,-0.31313,-0.23356,-0.31313
0.17054,0.09627,0.17054,0.09627,-0.23193,-0.31138,-0.23193,-0.31138
0.16891,0.09443,0.16891,0.09443,-0.23012,-0.30944,-0.23012,-0.30944
0.16713,0.09241,0.16713,0.09241,-0.22813,-0.30730,-0.22813,-0.30730
0.16518,0.09022,0.16518,0.09022,-0.22596,-0.30498,-0.22596,-0.30498
0.16307,0.08783,0.16307,0.08783,-0.22361,-0.30246,-0.22361,-0.30246
0.16080,0.08526,0.16080,0.08526,-0.22108,-0.29974,-0.22108,-0.29974
0.15836,0.08251,0.15836,0.08251,-0.21836,-0.29683,-0.21836,-0.29683
0.15577,0.07958,0.15577,0.07958,-0.21546,-0.29372,-0.21546,-0.29372
0.15301,0.07646,0.15301,0.07646,-0.21238,-0.29042,-0.21238,-0.29042
0.15009,0.07316,0.15009,0.07316,-0.20911,-0.28692,-0.20911,-0.28692
0.14703,0.06968,0.14703,0.06968,-0.20568,-0.28323,-0.20568,-0.28323
0.14381,0.06603,0.14381,0.06603,-0.20207,-0.27936,-0.20207,-0.27936
0.14044,0.06221,0.14044,0.06221,-0.19828,-0.27531,-0.19829,-0.27531
0.13693,0.05823,0.13693,0.05823,-0.19434,-0.27107,-0.19434,-0.27107
0.13329,0.05409,0.13329,0.05409,-0.19023,-0.26667,-0.19023,-0.26667
0.12951,0.04979,0.12951,0.04979,-0.18597,-0.26210,-0.18597,-0.26210
0.12561,0.04535,0.12561,0.04535,-0.18156,-0.25736,-0.18156,-0.25736
0.12159,0.04076,0.12159,0.04076,-0.17701,-0.25247,-0.17701,-0.25247
0.11746,0.03604,0.11746,0.03604,-0.17232,-0.24744,-0.17232,-0.24744
0.11323,0.03120,0.11323,0.03120,-0.16751,-0.24226,-0.16751,-0.24226
0.10890,0.02623,0.10890,0.02623,-0.16257,-0.23695,-0.16257,-0.23695
0.10448,0.02116,0.10448,0.02116,-0.15751,-0.23152,-0.15752,-0.23152
0.09998,0.01599,0.09998,0.01599,-0.15236,-0.22597,-0.15236,-0.22597
0.09540,0.01072,0.09540,0.01072,-0.14710,-0.22031,-0.14710,-0.22031
0.09077,0.00537,0.09077,0.00537,-0.14176,-0.21456,-0.14176,-0.21456
0.08616,0.00000,0.08616,0.00000,-0.13640,-0.20876,-0.13640,-0.20876
0.08953,0.00000,0.08953,0.00000,-0.13634,-0.20680,-0.13634,-0.20680
0.09294,0.00000,0.09294,0.00000,-0.13616,-0.20476,-0.13616,-0.20476
0.09640,0.00000,0.09640,0.00000,-0.13587,-0.20262,-0.13587,-0.20262
0.09988,0.00000,0.09988,0.00000,-0.13545,-0.20038,-0.13545,-0.20038
0.10339,0.00000,0.10339,0.00000,-0.13491,-0.19806,-0.13491,-0.19806
0.10693,0.00000,0.10693,0.00000,-0.13425,-0.19566,-0.13425,-0.19566
0.11048,0.00000,0.11048,0.00000,-0.13347,-0.19317,-0.13347,-0.19317
0.11405,0.00000,0.11405,0.00000,-0.13256,-0.19060,-0.13256,-0.19060
0.11762,0.00000,0.11762,0.00000,-0.13154,-0.18796,-0.13154,-0.18796
0.12119,0.00000,0.12119,0.00000,-0.13041,-0.18525,-0.13041,-0.18525
0.12475,0.00000,0.12475,0.00000,-0.12916,-0.18247,-0.12916,-0.18247
0.12831,0.00000,0.12831,0.00000,-0.12780,-0.17964,-0.12780,-0.17964
0.13184,0.00000,0.13184,0.00000,-0.12635,-0.17675,-0.12635,-0.17675
0.13536,0.00000,0.13536,0.00000,-0.12480,-0.17382,-0.12480,-0.17382
0.13884,0.00000,0.13884,0.00000,-0.12316,-0.17085,-0.12316,-0.17085
0.14229,0.00000,0.14229,0.00000,-0.12144,-0.16784,-0.12144,-0.16784
0.14571,0.00000,0.14571,0.00000,-0.11965,-0.16481,-0.11965,-0.16481
0.14907,0.00000,0.14907,0.00000,-0.11778,-0.16177,-0.11778,-0.16177
0.15239,0.00000,0.15239,0.00000,-0.11586,-0.15871,-0.11586,-0.15871
0.15566,0.00000,0.15566,0.00000,-0.11390,-0.15566,-0.11390,-0.15566
0.15886,0.00000,0.15886,0.00000,-0.11188,-0.15261,-0.11188,-0.15261
0.16200,0.00000,0.16200,0.00000,-0.10984,-0.14957,-0.10984,-0.14957
0.16507,0.00000,0.16507,0.00000,-0.10777,-0.14656,-0.10777,-0.14656
0.16806,0.00000,0.16806,0.00000,-0.10569,-0.14358,-0.10569,-0.14358
0.17098,0.00000,0.17098,0.00000,-0.10360,-0.14064,-0.10360,-0.14064
0.17382,0.00000,0.17382,0.00000,-0.10151,-0.13774,-0.10151,-0.13774
0.17657,0.00000,0.17657,0.00000,-0.09944,-0.13489,-0.09944,-0.13489
0.17923,0.00000,0.17923,0.00000,-0.09738,-0.13211,-0.09738,-0.13211
0.18179,0.00000,0.18179,0.00000,-0.09535,-0.12940,-0.09535,-0.12940
0.18427,0.00000,0.18427,0.00000,-0.09336,-0.12676,-0.09336,-0.12676
0.18664,0.00000,0.18664,0.00000,-0.09140,-0.12420,-0.09140,-0.12420
0.18891,0.00000,0.18891,0.00000,-0.08950,-0.12173,-0.08950,-0.12173
0.19108,0.00000,0.19108,0.00000,-0.08766,-0.11935,-0.08766,-0.11935
0.19314,0.00000,0.19314,0.00000,-0.08588,-0.11707,-0.08588,-0.11707
0.19510,0.00000,0.19510,0.00000,-0.08416,-0.11489,-0.08416,-0.11489
0.19694,0.00000,0.19694,0.00000,-0.08252,-0.11281,-0.08252,-0.11281
0.19868,0.00000,0.19868,0.00000,-0.08096,-0.11085,-0.08096,-0.11085
0.20031,0.00000,0.20031,0.00000,-0.07948,-0.10900,-0.07948,-0.10900
0.20182,0.00000,0.20182,0.00000,-0.07809,-0.10727,-0.07809,-0.10727
0.20323,0.00000,0.20323,0.00000,-0.07679,-0.10565,-0.07679,-0.10565
0.20453,0.00000,0.20453,0.00000,-0.07557,-0.10415,-0.07557,-0.10415
0.20572,0.00000,0.20572,0.00000,-0.07445,-0.10277,-0.07445,-0.10277
0.20681,0.00000,0.20681,0.00000,-0.07342,-0.10151,-0.07342,-0.10151
0.20779,0.00000,0.20779,0.00000,-0.07249,-0.10037,-0.07249,-0.10037
0.20867,0.00000,0.20867,0.00000,-0.07165,-0.09934,-0.07165,-0.09934
0.20945,0.00000,0.20945,0.00000,-0.07089,-0.09843,-0.07089,-0.09843
0.21013,0.00000,0.21013,0.00000,-0.07023,-0.09762,-0.07023,-0.09762
0.21072,0.00000,0.21072,0.00000,-0.06966,-0.09692,-0.06966,-0.09692
0.21123,0.00000,0.21123,0.00000,-0.06917,-0.09633,-0.06917,-0.09633
0.21165,0.00000,0.21165,0.00000,-0.06875,-0.09583,-0.06875,-0.09583
0.21200,0.00000,0.21200,0.00000,-0.06841,-0.09542,-0.06841,-0.09542
0.21227,0.00000,0.21227,0.00000,-0.06814,-0.09509,-0.06814,-0.09509
0.21248,0.00000,0.21248,0.00000,-0.06794,-0.09484,-0.06794,-0.09484
0.21264,0.00000,0.21264,0.00000,-0.06778,-0.09466,-0.06778,-0.09466
0.21274,0.00000,0.21274,0.00000,-0.06768,-0.09453,-0.06768,-0.09453
0.21281,0.00000,0.21281,0.00000,-0.06762,-0.09445,-0.06762,-0.09445
0.21284,0.00000,0.21284,0.00000,-0.06758,-0.09441,-0.06758,-0.09441
0.21286,0.00000,0.21286,0.00000,-0.06757,-0.09440,-0.06757,-0.09440
0.21286,0.00000,0.21286,0.00000,-0.06757,-0.09440,-0.06757,-0.09440
0.21286,0.00000,0.21286,0.00000,-0.06757,-0.09440,-0.06757,-0.09440
0.21284,0.00000,0.21284,0.00000,-0.06756,-0.09439,-0.06756,-0.09439
0.21269,0.00000,0.21269,0.00000,-0.06755,-0.09436,-0.06755,-0.09436
0.21232,0.00000,0.21232,0.00000,-0.06749,-0.09429,-0.06749,-0.09429
0.21163,0.00000,0.21163,0.00000,-0.06740,-0.09416,-0.06740,-0.09416
0.21052,0.00000,0.21052,0.00000,-0.06724,-0.09394,-0.06724,-0.09394
0.20892,0.00000,0.20892,0.00000,-0.06702,-0.09363,-0.06702,-0.09363
0.20679,0.00000,0.20679,0.00000,-0.06673,-0.09321,-0.06673,-0.09321
0.20407,0.00000,0.20407,0.00000,-0.06635,-0.09267,-0.06635,-0.09267
0.20072,0.00000,0.20072,0.00000,-0.06589,-0.09201,-0.06589,-0.09201
0.19673,0.00000,0.19673,0.00000,-0.06533,-0.09120,-0.06533,-0.09120
0.19208,0.00000,0.19208,0.00000,-0.06469,-0.09026,-0.06469,-0.09026
0.18677,0.00000,0.18677,0.00000,-0.06396,-0.08917,-0.06396,-0.08917
0.18083,0.00000,0.18083,0.00000,-0.06314,-0.08793,-0.06314,-0.08793
0.17426,0.00000,0.17426,0.00000,-0.06223,-0.08654,-0.06223,-0.08654
0.16709,0.00000,0.16709,0.00000,-0.06125,-0.08499,-0.06125,-0.08499
0.15937,0.00000,0.15937,0.00000,-0.06018,-0.08330,-0.06018,-0.08330
0.15113,0.00000,0.15113,0.00000,-0.05905,-0.08145,-0.05905,-0.08145
0.14243,0.00000,0.14243,0.00000,-0.05786,-0.07945,-0.05786,-0.07945
0.13332,0.00000,0.13332,0.00000,-0.05662,-0.07731,-0.05662,-0.07731
0.12385,0.00000,0.12385,0.00000,-0.05533,-0.07503,-0.05533,-0.07503
0.11408,0.00000,0.11408,0.00000,-0.05401,-0.07262,-0.05401,-0.07262
0.10407,0.00000,0.10407,0.00000,-0.05266,-0.07008,-0.05266,-0.07008
0.09388,0.00000,0.09388,0.00000,-0.05129,-0.06743,-0.05129,-0.06743
0.08356,0.00000,0.08356,0.00000,-0.04991,-0.06466,-0.04991,-0.06466
0.07317,0.00000,0.07317,0.00000,-0.04853,-0.06180,-0.04853,-0.06180
0.06277,0.00000,0.06277,0.00000,-0.04715,-0.05885,-0.04715,-0.05885
0.05241,0.00000,0.05241,0.00000,-0.04579,-0.05582,-0.04579,-0.05582
0.04214,0.00000,0.04214,0.00000,-0.04445,-0.05273,-0.04445,-0.05273
0.03199,0.00000,0.03199,0.00000,-0.04314,-0.04959,-0.04314,-0.04959
0.02202,0.00000,0.02202,0.00000,-0.04185,-0.04641,-0.04185,-0.04641
0.01226,0.00000,0.01226,0.00000,-0.04061,-0.04321,-0.04061,-0.04321
0.00275,0.00000,0.00275,0.00000,-0.03940,-0.04000,-0.03940,-0.04000
0.00000,0.00658,0.00000,0.00658,-0.04130,-0.03988,-0.04130,-0.03988
0.00000,0.01595,0.00000,0.01595,-0.04443,-0.04108,-0.04443,-0.04108
0.00000,0.02536,0.00000,0.02536,-0.04748,-0.04228,-0.04748,-0.04228
0.00000,0.03473,0.00000,0.03473,-0.05045,-0.04349,-0.05045,-0.04349
0.00000,0.04404,0.00000,0.04404,-0.05331,-0.04470,-0.05331,-0.04470
0.00000,0.05323,0.00000,0.05323,-0.05606,-0.04590,-0.05606,-0.04590
0.00000,0.06224,0.00000,0.06224,-0.05870,-0.04708,-0.05870,-0.04708
0.00000,0.07103,0.00000,0.07103,-0.06120,-0.04824,-0.06120,-0.04824
0.00000,0.07953,0.00000,0.07953,-0.06356,-0.04937,-0.06356,-0.04937
0.00000,0.08771,0.00000,0.08771,-0.06579,-0.05046,-0.06579,-0.05046
0.00000,0.09552,0.00000,0.09552,-0.06786,-0.05151,-0.06786,-0.05151
0.00000,0.10290,0.00000,0.10290,-0.06978,-0.05250,-0.06978,-0.05250
0.00000,0.10981,0.00000,0.10981,-0.07155,-0.05343,-0.07155,-0.05343
0.00000,0.11622,0.00000,0.11622,-0.07316,-0.05430,-0.07316,-0.05430
0.00000,0.12210,0.00000,0.12210,-0.07460,-0.05509,-0.07460,-0.05509
0.00000,0.12741,0.00000,0.12741,-0.07590,-0.05582,-0.07590,-0.05582
0.00000,0.13214,0.00000,0.13214,-0.07703,-0.05646,-0.07703,-0.05646
0.00000,0.13629,0.00000,0.13629,-0.07802,-0.05703,-0.07802,-0.05703
0.00000,0.13985,0.00000,0.13985,-0.07885,-0.05751,-0.07885,-0.05751
0.00000,0.14284,0.00000,0.14284,-0.07955,-0.05792,-0.07955,-0.05792
0.00000,0.14527,0.00000,0.14527,-0.08011,-0.05825,-0.08011,-0.05825
0.00000,0.14717,0.00000,0.14717,-0.08054,-0.05851,-0.08054,-0.05851
0.00000,0.14859,0.00000,0.14859,-0.08087,-0.05871,-0.08087,-0.05871
0.00000,0.14958,0.00000,0.14958,-0.08109,-0.05884,-0.08109,-0.05884
0.00000,0.15020,0.00000,0.15020,-0.08124,-0.05893,-0.08124,-0.05893
0.00000,0.15053,0.00000,0.15053,-0.08131,-0.05897,-0.08131,-0.05897
0.00000,0.15066,0.00000,0.15066,-0.08134,-0.05899,-0.08134,-0.05899
0.00000,0.15067,0.00000,0.15067,-0.08134,-0.05899,-0.08134,-0.05899
0.00000,0.15067,0.00000,0.15067,-0.08134,-0.05899,-0.08134,-0.05899
0.00000,0.15067,0.00000,0.15067,-0.08135,-0.05899,-0.08135,-0.05899
0.00000,0.15066,0.00000,0.15066,-0.08136,-0.05901,-0.08136,-0.05901
0.00000,0.15064,0.00000,0.15064,-0.08140,-0.05904,-0.08140,-0.05904
0.00000,0.15059,0.00000,0.15059,-0.08148,-0.05911,-0.08148,-0.05911
0.00000,0.15052,0.00000,0.15052,-0.08160,-0.05921,-0.08160,-0.05921
0.00000,0.15041,0.00000,0.15041,-0.08178,-0.05937,-0.08178,-0.05937
0.00000,0.15026,0.00000,0.15026,-0.08203,-0.05958,-0.08203,-0.05958
0.00000,0.15006,0.00000,0.15006,-0.08235,-0.05986,-0.08235,-0.05986
0.00000,0.14982,0.00000,0.14982,-0.08275,-0.06021,-0.08275,-0.06021
0.00000,0.14952,0.00000,0.14952,-0.08324,-0.06063,-0.08324,-0.06063
0.00000,0.14916,0.00000,0.14916,-0.08383,-0.06114,-0.08383,-0.06114
0.00000,0.14874,0.00000,0.14874,-0.08452,-0.06173,-0.08452,-0.06173
0.00000,0.14826,0.00000,0.14826,-0.08531,-0.06241,-0.08531,-0.06241
0.00000,0.14771,0.00000,0.14771,-0.08621,-0.06318,-0.08621,-0.06318
0.00000,0.14709,0.00000,0.14709,-0.08722,-0.06405,-0.08722,-0.06405
0.00000,0.14639,0.00000,0.14639,-0.08834,-0.06501,-0.08834,-0.06501
0.00000,0.14562,0.00000,0.14562,-0.08959,-0.06607,-0.08959,-0.06607
0.00000,0.14478,0.00000,0.14478,-0.09094,-0.06722,-0.09094,-0.06722
0.00000,0.14386,0.00000,0.14386,-0.09242,-0.06848,-0.09242,-0.06848
0.00000,0.14286,0.00000,0.14286,-0.09401,-0.06982,-0.09401,-0.06982
0.00000,0.14179,0.00000,0.14179,-0.09571,-0.07127,-0.09571,-0.07127
0.00000,0.14064,0.00000,0.14064,-0.09753,-0.07280,-0.09753,-0.07280
0.00000,0.13941,0.00000,0.13941,-0.09946,-0.07441,-0.09946,-0.07441
0.00000,0.13810,0.00000,0.13810,-0.10150,-0.07612,-0.10150,-0.07612
0.00000,0.13672,0.00000,0.13672,-0.10364,-0.07790,-0.10364,-0.07790
0.00000,0.13526,0.00000,0.13526,-0.10588,-0.07976,-0.10588,-0.07976
0.00000,0.13372,0.00000,0.13372,-0.10822,-0.08168,-0.10822,-0.08168
0.00000,0.13211,0.00000,0.13211,-0.11065,-0.08367,-0.11065,-0.08367
0.00000,0.13044,0.00000,0.13044,-0.11316,-0.08572,-0.11316,-0.08572
0.00000,0.12869,0.00000,0.12869,-0.11576,-0.08781,-0.11576,-0.08781
0.00000,0.12687,0.00000,0.12687,-0.11842,-0.08995,-0.11842,-0.08995
0.00000,0.12499,0.00000,0.12499,-0.12116,-0.09213,-0.12116,-0.09213
0.00000,0.12304,0.00000,0.12304,-0.12395,-0.09434,-0.12395,-0.09434
0.00000,0.12103,0.00000,0.12103,-0.12679,-0.09656,-0.12679,-0.09656
0.00000,0.11897,0.00000,0.11897,-0.12968,-0.09880,-0.12968,-0.09880
0.00000,0.11685,0.00000,0.11685,-0.13261,-0.10104,-0.13261,-0.10104
0.00000,0.11467,0.00000,0.11467,-0.13557,-0.10328,-0.13557,-0.10328
0.00000,0.11245,0.00000,0.11245,-0.13855,-0.10550,-0.13855,-0.10550
0.00000,0.11018,0.00000,0.11018,-0.14154,-0.10771,-0.14154,-0.10771
0.00000,0.10787,0.00000,0.10787,-0.14454,-0.10988,-0.14454,-0.10988
0.00000,0.10552,0.00000,0.10552,-0.14753,-0.11202,-0.14753,-0.11202
0.00000,0.10314,0.00000,0.10314,-0.15052,-0.11411,-0.15052,-0.11411
0.00000,0.10073,0.00000,0.10073,-0.15349,-0.11615,-0.15349,-0.11615
0.00000,0.09828,0.00000,0.09828,-0.15644,-0.11813,-0.15644,-0.11813
0.00000,0.09581,0.00000,0.09581,-0.15935,-0.12004,-0.15935,-0.12004
0.00000,0.09333,0.00000,0.09333,-0.16222,-0.12188,-0.16222,-0.12188
0.00000,0.09082,0.00000,0.09082,-0.16505,-0.12363,-0.16505,-0.12363
0.00000,0.08831,0.00000,0.08831,-0.16783,-0.12530,-0.16783,-0.12530
0.00000,0.08579,0.00000,0.08579,-0.17055,-0.12688,-0.17055,-0.12688
0.00000,0.08326,0.00000,0.08326,-0.17321,-0.12836,-0.17321,-0.12836
0.00000,0.08073,0.00000,0.08073,-0.17580,-0.12975,-0.17580,-0.12975
0.00000,0.07821,0.00000,0.07821,-0.17831,-0.13103,-0.17831,-0.13103
0.00000,0.07569,0.00000,0.07569,-0.18075,-0.13220,-0.18075,-0.13220
0.00000,0.07319,0.00000,0.07319,-0.18310,-0.13327,-0.18310,-0.13327
0.00000,0.07070,0.00000,0.07070,-0.18537,-0.13422,-0.18537,-0.13422
0.00000,0.06823,0.00000,0.06823,-0.18756,-0.13507,-0.18756,-0.13507
0.00000,0.06579,0.00000,0.06579,-0.18965,-0.13580,-0.18965,-0.13580
0.00221,0.06634,0.00221,0.06634,-0.19326,-0.13846,-0.19326,-0.13846
0.00694,0.07027,0.00694,0.07027,-0.19863,-0.14338,-0.19863,-0.14338
0.01218,0.07492,0.01218,0.07492,-0.20434,-0.14875,-0.20434,-0.14875
0.01748,0.07970,0.01748,0.07970,-0.21006,-0.15417,-0.21006,-0.15417
0.02272,0.08445,0.02272,0.08445,-0.21571,-0.15953,-0.21571,-0.15953
0.02789,0.08913,0.02789,0.08913,-0.22126,-0.16479,-0.22126,-0.16479
0.03296,0.09374,0.03296,0.09374,-0.22669,-0.16995,-0.22669,-0.16995
0.03792,0.09825,0.03792,0.09825,-0.23200,-0.17500,-0.23200,-0.17500
0.04277,0.10267,0.04277,0.10267,-0.23719,-0.17993,-0.23719,-0.17993
0.04750,0.10698,0.04750,0.10698,-0.24223,-0.18473,-0.24223,-0.18473
0.05209,0.11118,0.05209,0.11118,-0.24714,-0.18939,-0.24714,-0.18939
0.05655,0.11526,0.05655,0.11526,-0.25188,-0.19391,-0.25188,-0.19391
0.06086,0.11921,0.06086,0.11921,-0.25647,-0.19828,-0.25647,-0.19828
0.06503,0.12303,0.06503,0.12303,-0.26090,-0.20249,-0.26090,-0.20249
0.06903,0.12671,0.06903,0.12671,-0.26515,-0.20655,-0.26515,-0.20655
0.07288,0.13024,0.07288,0.13024,-0.26923,-0.21043,-0.26923,-0.21043
0.07656,0.13362,0.07656,0.13362,-0.27313,-0.21415,-0.27313,-0.21415
0.08006,0.13685,0.08006,0.13685,-0.27684,-0.21769,-0.27684,-0.21769
0.08339,0.13992,0.08339,0.13992,-0.28036,-0.22105,-0.28036,-0.22105
0.08654,0.14282,0.08654,0.14282,-0.28369,-0.22423,-0.28369,-0.22423
0.08952,0.14557,0.08952,0.14557,-0.28683,-0.22723,-0.28683,-0.22723
0.09230,0.14815,0.09230,0.14815,-0.28977,-0.23004,-0.28977,-0.23004
0.09491,0.15055,0.09491,0.15055,-0.29252,-0.23267,-0.29252,-0.23267
0.09733,0.15280,0.09733,0.15280,-0.29507,-0.23511,-0.29507,-0.23511
0.09957,0.15487,0.09957,0.15487,-0.29743,-0.23736,-0.29743,-0.23736
0.10163,0.15678,0.10163,0.15678,-0.29960,-0.23943,-0.29960,-0.23943
0.10351,0.15852,0.10351,0.15852,-0.30157,-0.24132,-0.30157,-0.24132
0.10521,0.16010,0.10521,0.16010,-0.30336,-0.24303,-0.30336,-0.24303
0.10673,0.16152,0.10673,0.16152,-0.30496,-0.24457,-0.30496,-0.24457
0.10809,0.16278,0.10809,0.16278,-0.30639,-0.24594,-0.30639,-0.24594
0.10928,0.16389,0.10928,0.16389,-0.30764,-0.24714,-0.30764,-0.24714
0.11032,0.16486,0.11032,0.16486,-0.30872,-0.24818,-0.30872,-0.24818
0.11121,0.16569,0.11121,0.16569,-0.30965,-0.24907,-0.30965,-0.24907
0.11195,0.16639,0.11195,0.16639,-0.31043,-0.24982,-0.31043,-0.24982
0.11257,0.16696,0.11257,0.16696,-0.31107,-0.25044,-0.31107,-0.25044
0.11306,0.16742,0.11306,0.16742,-0.31158,-0.25093,-0.31158,-0.25093
0.11344,0.16778,0.11344,0.16778,-0.31198,-0.25131,-0.31198,-0.25131
0.11372,0.16805,0.11372,0.16805,-0.31227,-0.25160,-0.31227,-0.25160
0.11391,0.16824,0.11391,0.16824,-0.31247,-0.25179,-0.31247,-0.25179
0.11404,0.16835,0.11404,0.16836,-0.31260,-0.25192,-0.31260,-0.25192
0.11411,0.16842,0.11411,0.16842,-0.31267,-0.25198,-0.31267,-0.25198
0.11414,0.16845,0.11414,0.16845,-0.31270,-0.25201,-0.31270,-0.25201
0.11414,0.16846,0.11414,0.16846,-0.31270,-0.25202,-0.31270,-0.25202
0.11414,0.16846,0.11414,0.16846,-0.31271,-0.25202,-0.31271,-0.25202
0.11414,0.16846,0.11414,0.16846,-0.31270,-0.25202,-0.31270,-0.25202
0.11412,0.16844,0.11412,0.16844,-0.31268,-0.25200,-0.31268,-0.25200
0.11407,0.16840,0.11407,0.16840,-0.31262,-0.25195,-0.31262,-0.25195
0.11397,0.16830,0.11397,0.16830,-0.31251,-0.25184,-0.31251,-0.25184
0.11380,0.16815,0.11380,0.16815,-0.31233,-0.25167,-0.31233,-0.25167
0.11355,0.16793,0.11355,0.16793,-0.31206,-0.25142,-0.31206,-0.25142
0.11320,0.16762,0.11320,0.16762,-0.31169,-0.25107,-0.31169,-0.25107
0.11275,0.16721,0.11275,0.16721,-0.31121,-0.25062,-0.31121,-0.25062
0.11218,0.16669,0.11218,0.16669,-0.31061,-0.25004,-0.31061,-0.25004
0.11148,0.16606,0.11148,0.16606,-0.30986,-0.24934,-0.30986,-0.24934
0.11065,0.16530,0.11065,0.16530,-0.30897,-0.24850,-0.30897,-0.24850
0.10966,0.16440,0.10966,0.16440,-0.30793,-0.24751,-0.30793,-0.24751
0.10853,0.16337,0.10853,0.16337,-0.30672,-0.24636,-0.30672,-0.24636
0.10723,0.16218,0.10723,0.16218,-0.30534,-0.24505,-0.30534,-0.24505
0.10576,0.16085,0.10576,0.16085,-0.30378,-0.24358,-0.30378,-0.24358
0.10413,0.15935,0.10413,0.15935,-0.30204,-0.24193,-0.30204,-0.24193
0.10232,0.15770,0.10232,0.15770,-0.30012,-0.24010,-0.30012,-0.24010
0.10033,0.15589,0.10033,0.15589,-0.29801,-0.23810,-0.29801,-0.23810
0.09816,0.15391,0.09816,0.15391,-0.29570,-0.23591,-0.29570,-0.23591
0.09581,0.15176,0.09581,0.15176,-0.29320,-0.23354,-0.29320,-0.23354
0.09328,0.14945,0.09328,0.14945,-0.29051,-0.23098,-0.29051,-0.23098
0.09057,0.14698,0.09057,0.14698,-0.28762,-0.22824,-0.28762,-0.22824
0.08767,0.14433,0.08767,0.14433,-0.28454,-0.22532,-0.28454,-0.22532
0.08460,0.14153,0.08460,0.14153,-0.28127,-0.22221,-0.28127,-0.22221
0.08135,0.13857,0.08135,0.13857,-0.27780,-0.21892,-0.27780,-0.21892
0.07792,0.13545,0.07792,0.13545,-0.27415,-0.21545,-0.27415,-0.21545
0.07433,0.13218,0.07433,0.13218,-0.27031,-0.21181,-0.27031,-0.21181
0.07056,0.12875,0.07056,0.12875,-0.26629,-0.20800,-0.26629,-0.20800
0.06664,0.12519,0.06664,0.12519,-0.26210,-0.20402,-0.26210,-0.20402
0.06256,0.12148,0.06256,0.12148,-0.25774,-0.19988,-0.25774,-0.19988
0.05833,0.11764,0.05833,0.11764,-0.25320,-0.19559,-0.25320,-0.19559
0.05395,0.11367,0.05395,0.11367,-0.24851,-0.19114,-0.24851,-0.19114
0.04944,0.10958,0.04944,0.10958,-0.24367,-0.18655,-0.24367,-0.18655
0.04480,0.10538,0.04480,0.10538,-0.23868,-0.18183,-0.23868,-0.18183
0.04003,0.10108,0.04003,0.10108,-0.23356,-0.17697,-0.23356,-0.17697
0.03515,0.09667,0.03515,0.09667,-0.22830,-0.17199,-0.22830,-0.17199
0.03016,0.09217,0.03016,0.09217,-0.22292,-0.16690,-0.22292,-0.16690
0.02507,0.08759,0.02507,0.08759,-0.21742,-0.16170,-0.21742,-0.16170
0.01990,0.08294,0.01990,0.08294,-0.21183,-0.15641,-0.21183,-0.15641
0.01464,0.07822,0.01464,0.07822,-0.20613,-0.15102,-0.20613,-0.15102
0.00931,0.07344,0.00931,0.07344,-0.20035,-0.14556,-0.20035,-0.14556
0.00392,0.06861,0.00392,0.06861,-0.19449,-0.14002,-0.19449,-0.14002
0.00000,0.06579,0.00000,0.06579,-0.18965,-0.13580,-0.18965,-0.13580
0.00000,0.06823,0.00000,0.06823,-0.18756,-0.13507,-0.18756,-0.13507
0.00000,0.07070,0.00000,0.07070,-0.18537,-0.13422,-0.18537,-0.13422
0.00000,0.07319,0.00000,0.07319,-0.18310,-0.13327,-0.18310,-0.13327
0.00000,0.07569,0.00000,0.07569,-0.18075,-0.13220,-0.18075,-0.13220
0.00000,0.07821,0.00000,0.07821,-0.17831,-0.13103,-0.17831,-0.13103
0.00000,0.08073,0.00000,0.08073,-0.17580,-0.12975,-0.17580,-0.12975
0.00000,0.08326,0.00000,0.08326,-0.17321,-0.12836,-0.17321,-0.12836
0.00000,0.08579,0.00000,0.08579,-0.17055,-0.12688,-0.17055,-0.12688
0.00000,0.08831,0.00000,0.08831,-0.16783,-0.12530,-0.16783,-0.12530
0.00000,0.09082,0.00000,0.09082,-0.16505,-0.12363,-0.16505,-0.12363
0.00000,0.09333,0.00000,0.09333,-0.16222,-0.12188,-0.16222,-0.12188
0.00000,0.09581,0.00000,0.09581,-0.15935,-0.12004,-0.15935,-0.12004
0.00000,0.09828,0.00000,0.09828,-0.15644,-0.11813,-0.15644,-0.11813
0.00000,0.10073,0.00000,0.10073,-0.15349,-0.11615,-0.15349,-0.11615
0.00000,0.10314,0.00000,0.10314,-0.15052,-0.11411,-0.15052,-0.11411
0.00000,0.10552,0.00000,0.10552,-0.14753,-0.11202,-0.14753,-0.11202
0.00000,0.10787,0.00000,0.10787,-0.14454,-0.10988,-0.14454,-0.10988
0.00000,0.11018,0.00000,0.11018,-0.14154,-0.10771,-0.14154,-0.10771
0.00000,0.11245,0.00000,0.11245,-0.13855,-0.10550,-0.13855,-0.10550
0.00000,0.11467,0.00000,0.11467,-0.13557,-0.10328,-0.13557,-0.10328
0.00000,0.11685,0.00000,0.11685,-0.13261,-0.10104,-0.13261,-0.10104
0.00000,0.11897,0.00000,0.11897,-0.12968,-0.09880,-0.12968,-0.09880
0.00000,0.12103,0.00000,0.12103,-0.12679,-0.09656,-0.12679,-0.09656
0.00000,0.12304,0.00000,0.12304,-0.12395,-0.09434,-0.12395,-0.09434
0.00000,0.12499,0.00000,0.12499,-0.12116,-0.09213,-0.12116,-0.09213
0.00000,0.12687,0.00000,0.12687,-0.11842,-0.08995,-0.11842,-0.08995
0.00000,0.12869,0.00000,0.12869,-0.11576,-0.08781,-0.11576,-0.08781
0.00000,0.13044,0.00000,0.13044,-0.11316,-0.08572,-0.11316,-0.08572
0.00000,0.13211,0.00000,0.13211,-0.11065,-0.08367,-0.11065,-0.08367
0.00000,0.13372,0.00000,0.13372,-0.10822,-0.08168,-0.10822,-0.08168
0.00000,0.13526,0.00000,0.13526,-0.10588,-0.07976,-0.10588,-0.07976
0.00000,0.13672,0.00000,0.13672,-0.10364,-0.07790,-0.10364,-0.07790
0.00000,0.13810,0.00000,0.13810,-0.10150,-0.07612,-0.10150,-0.07612
0.00000,0.13941,0.00000,0.13941,-0.09946,-0.07441,-0.09946,-0.07441
0.00000,0.14064,0.00000,0.14064,-0.09753,-0.07280,-0.09753,-0.07280
0.00000,0.14179,0.00000,0.14179,-0.09571,-0.07127,-0.09571,-0.07127
0.00000,0.14286,0.00000,0.14286,-0.09401,-0.06982,-0.09401,-0.06982
0.00000,0.14386,0.00000,0.14386,-0.09242,-0.06848,-0.09242,-0.06848
0.00000,0.14478,0.00000,0.14478,-0.09094,-0.06722,-0.09094,-0.06722
0.00000,0.14562,0.00000,0.14562,-0.08959,-0.06607,-0.08959,-0.06607
0.00000,0.14639,0.00000,0.14639,-0.08834,-0.06501,-0.08834,-0.06501
0.00000,0.14709,0.00000,0.14709,-0.08722,-0.06405,-0.08722,-0.06405
0.00000,0.14771,0.00000,0.14771,-0.08621,-0.06318,-0.08621,-0.06318
0.00000,0.14826,0.00000,0.14826,-0.08531,-0.06241,-0.08531,-0.06241
0.00000,0.14874,0.00000,0.14874,-0.08452,-0.06173,-0.08452,-0.06173
0.00000,0.14916,0.00000,0.14916,-0.08383,-0.06114,-0.08383,-0.06114
0.00000,0.14952,0.00000,0.14952,-0.08324,-0.06063,-0.08324,-0.06063
0.00000,0.14982,0.00000,0.14982,-0.08275,-0.06021,-0.08275,-0.06021
0.00000,0.15006,0.00000,0.15006,-0.08235,-0.05986,-0.08235,-0.05986
0.00000,0.15026,0.00000,0.15026,-0.08203,-0.05958,-0.08203,-0.05958
0.00000,0.15041,0.00000,0.15041,-0.08178,-0.05937,-0.08178,-0.05937
0.00000,0.15052,0.00000,0.15052,-0.08160,-0.05921,-0.08160,-0.05921
0.00000,0.15059,0.00000,0.15059,-0.08148,-0.05911,-0.08148,-0.05911
0.00000,0.15064,0.00000,0.15064,-0.08140,-0.05904,-0.08140,-0.05904
0.00000,0.15066,0.00000,0.15066,-0.08136,-0.05901,-0.08136,-0.05901
0.00000,0.15067,0.00000,0.15067,-0.08135,-0.05899,-0.08135,-0.05899
0.00000,0.15067,0.00000,0.15067,-0.08134,-0.05899,-0.08134,-0.05899
0.00000,0.15067,0.00000,0.15067,-0.08134,-0.05899,-0.08134,-0.05899
0.00000,0.15069,0.00000,0.15069,-0.08135,-0.05899,-0.08135,-0.05899
0.00000,0.15082,0.00000,0.15082,-0.08138,-0.05901,-0.08138,-0.05901
0.00000,0.15115,0.00000,0.15115,-0.08145,-0.05906,-0.08145,-0.05906
0.00000,0.15177,0.00000,0.15177,-0.08159,-0.05914,-0.08159,-0.05914
0.00000,0.15277,0.00000,0.15277,-0.08182,-0.05928,-0.08182,-0.05928
0.00000,0.15420,0.00000,0.15420,-0.08214,-0.05948,-0.08214,-0.05948
0.00000,0.15614,0.00000,0.15614,-0.08258,-0.05974,-0.08258,-0.05974
0.00000,0.15863,0.00000,0.15863,-0.08313,-0.06008,-0.08313,-0.06008
0.00000,0.16172,0.00000,0.16172,-0.08382,-0.06051,-0.08382,-0.06051
0.00000,0.16546,0.00000,0.16546,-0.08464,-0.06102,-0.08464,-0.06102
0.00000,0.16989,0.00000,0.16989,-0.08560,-0.06163,-0.08560,-0.06163
0.00000,0.17502,0.00000,0.17502,-0.08670,-0.06234,-0.08670,-0.06234
0.00000,0.18091,0.00000,0.18091,-0.08795,-0.06315,-0.08795,-0.06315
0.00000,0.18756,0.00000,0.18756,-0.08933,-0.06407,-0.08933,-0.06407
0.00000,0.19501,0.00000,0.19501,-0.09086,-0.06510,-0.09086,-0.06510
0.00000,0.20326,0.00000,0.20326,-0.09251,-0.06624,-0.09251,-0.06624
0.00000,0.21234,0.00000,0.21234,-0.09430,-0.06750,-0.09430,-0.06750
0.00000,0.22226,0.00000,0.22226,-0.09620,-0.06887,-0.09620,-0.06887
0.00000,0.23303,0.00000,0.23303,-0.09821,-0.07037,-0.09821,-0.07037
0.00000,0.24465,0.00000,0.24465,-0.10033,-0.07198,-0.10033,-0.07198
0.00000,0.25713,0.00000,0.25713,-0.10253,-0.07371,-0.10253,-0.07371
0.00000,0.27047,0.00000,0.27047,-0.10482,-0.07556,-0.10482,-0.07556
0.00000,0.28466,0.00000,0.28466,-0.10717,-0.07753,-0.10717,-0.07753
0.00000,0.29969,0.00000,0.29969,-0.10958,-0.07962,-0.10958,-0.07962
0.00000,0.31555,0.00000,0.31555,-0.11203,-0.08181,-0.11203,-0.08181
0.00000,0.33222,0.00000,0.33222,-0.11451,-0.08411,-0.11451,-0.08411
0.00000,0.34967,0.00000,0.34967,-0.11701,-0.08651,-0.11701,-0.08651
0.00000,0.36787,0.00000,0.36787,-0.11952,-0.08901,-0.11952,-0.08901
0.00000,0.38679,0.00000,0.38679,-0.12202,-0.09159,-0.12202,-0.09159
0.00000,0.40636,0.00000,0.40636,-0.12450,-0.09425,-0.12450,-0.09425
0.00000,0.42655,0.00000,0.42655,-0.12695,-0.09698,-0.12695,-0.09698
0.00000,0.44728,0.00000,0.44728,-0.12936,-0.09977,-0.12936,-0.09977
0.00000,0.46847,0.00000,0.46847,-0.13172,-0.10259,-0.13172,-0.10259
0.00000,0.49005,0.00000,0.49005,-0.13401,-0.10545,-0.13401,-0.10545
0.00000,0.51192,0.00000,0.51192,-0.13624,-0.10832,-0.13624,-0.10832
0.00000,0.51300,0.00000,0.51300,-0.13839,-0.10586,-0.13839,-0.10586
0.00000,0.51300,0.00000,0.51300,-0.14045,-0.10319,-0.14045,-0.10319
0.00000,0.51300,0.00000,0.51300,-0.14399,-0.10058,-0.14399,-0.10058
0.00000,0.51300,0.00000,0.51300,-0.14527,-0.09807,-0.14527,-0.09807
0.00000,0.51300,0.00000,0.51300,-0.14607,-0.09565,-0.14607,-0.09565
0.00000,0.51300,0.00000,0.51300,-0.14773,-0.09334,-0.14773,-0.09334
0.00000,0.51300,0.00000,0.51300,-0.14929,-0.09115,-0.14929,-0.09115
0.00000,0.51300,0.00000,0.51300,-0.15073,-0.08908,-0.15073,-0.08908
0.00000,0.51300,0.00000,0.51300,-0.15206,-0.08715,-0.15206,-0.08715
0.00000,0.51300,0.00000,0.51300,-0.15328,-0.08537,-0.15328,-0.08537
0.00000,0.51300,0.00000,0.51300,-0.15438,-0.08373,-0.15438,-0.08373
0.00000,0.51300,0.00000,0.51300,-0.15537,-0.08224,-0.15537,-0.08224
0.00000,0.51300,0.00000,0.51300,-0.15625,-0.08090,-0.15625,-0.08090
0.00000,0.51300,0.00000,0.51300,-0.15702,-0.07972,-0.15702,-0.07972
0.00000,0.51300,0.00000,0.51300,-0.15769,-0.07870,-0.15769,-0.07870
0.00000,0.51300,0.00000,0.51300,-0.15825,-0.07782,-0.15825,-0.07782
0.00000,0.51300,0.00000,0.51300,-0.15872,-0.07709,-0.15872,-0.07709
0.00000,0.51300,0.00000,0.51300,-0.15910,-0.07650,-0.15910,-0.07650
0.00000,0.51300,0.00000,0.51300,-0.15939,-0.07603,-0.15939,-0.07603
0.00000,0.51300,0.00000,0.51300,-0.15961,-0.07569,-0.15961,-0.07569
0.00000,0.51300,0.00000,0.51300,-0.15976,-0.07545,-0.15976,-0.07545
0.00000,0.51300,0.00000,0.51300,-0.15985,-0.07530,-0.15985,-0.07530
0.00000,0.51300,0.00000,0.51300,-0.15990,-0.07522,-0.15990,-0.07522
0.00000,0.51300,0.00000,0.51300,-0.15992,-0.07519,-0.15992,-0.07519
0.00000,0.51300,0.00000,0.51300,-0.15992,-0.07519,-0.15992,-0.07519
0.00000,0.51300,0.00000,0.51300,-0.15992,-0.07519,-0.15992,-0.07519
0.00000,0.51300,0.00000,0.51300,-0.15993,-0.07519,-0.15993,-0.07519
0.00000,0.51300,0.00000,0.51300,-0.15994,-0.07521,-0.15994,-0.07521
0.00000,0.51300,0.00000,0.51300,-0.15999,-0.07526,-0.15999,-0.07526
0.00000,0.51300,0.00000,0.51300,-0.16007,-0.07536,-0.16007,-0.07536
0.00000,0.51300,0.00000,0.51300,-0.16021,-0.07552,-0.16021,-0.07552
0.00000,0.51300,0.00000,0.51300,-0.16041,-0.07576,-0.16041,-0.07576
0.00000,0.51300,0.00000,0.51300,-0.16068,-0.07608,-0.16068,-0.07608
0.00000,0.51300,0.00000,0.51300,-0.16104,-0.07650,-0.16104,-0.07650
0.00000,0.51300,0.00000,0.51300,-0.16148,-0.07702,-0.16148,-0.07702
0.00000,0.51300,0.00000,0.51300,-0.16203,-0.07767,-0.16203,-0.07767
0.00000,0.51300,0.00000,0.51300,-0.16268,-0.07843,-0.16268,-0.07843
0.00000,0.51300,0.00000,0.51300,-0.16344,-0.07933,-0.16344,-0.07933
0.00000,0.51300,0.00000,0.51300,-0.16432,-0.08037,-0.16432,-0.08037
0.00000,0.51300,0.00000,0.51300,-0.16531,-0.08155,-0.16531,-0.08155
0.00000,0.51300,0.00000,0.51300,-0.16644,-0.08288,-0.16644,-0.08288
0.00000,0.51300,0.00000,0.51300,-0.16768,-0.08437,-0.16768,-0.08437
0.00000,0.51300,0.00000,0.51300,-0.16906,-0.08601,-0.16906,-0.08601
0.00000,0.51300,0.00000,0.51300,-0.17057,-0.08781,-0.17057,-0.08781
0.00000,0.51300,0.00000,0.51300,-0.17220,-0.08977,-0.17220,-0.08977
0.00000,0.51300,0.00000,0.51300,-0.17397,-0.09189,-0.17397,-0.09189
0.00000,0.51300,0.00000,0.51300,-0.17587,-0.09417,-0.17587,-0.09417
0.00000,0.51300,0.00000,0.51300,-0.17789,-0.09661,-0.17789,-0.09661
0.00000,0.51300,0.00000,0.51300,-0.18004,-0.09922,-0.18004,-0.09922
0.00000,0.51300,0.00000,0.51300,-0.18230,-0.10198,-0.18230,-0.10198
0.00000,0.51300,0.00000,0.51300,-0.18469,-0.10490,-0.18469,-0.10490
0.00000,0.51300,0.00000,0.51300,-0.18719,-0.10797,-0.18719,-0.10797
0.00000,0.51300,0.00000,0.51300,-0.18980,-0.11119,-0.18980,-0.11119
0.00000,0.51300,0.00000,0.51300,-0.19251,-0.11455,-0.19251,-0.11455
0.00000,0.51300,0.00000,0.51300,-0.19532,-0.11806,-0.19532,-0.11806
0.00000,0.51300,0.00000,0.51300,-0.19822,-0.12170,-0.19822,-0.12170
0.00000,0.51300,0.00000,0.51300,-0.20121,-0.12547,-0.20121,-0.12547
0.00000,0.51300,0.00000,0.51300,-0.20427,-0.12937,-0.20427,-0.12937
0.00000,0.51300,0.00000,0.51300,-0.20740,-0.13338,-0.20740,-0.13338
0.00000,0.51300,0.00000,0.51300,-0.21060,-0.13750,-0.21060,-0.13750
0.00000,0.51300,0.00000,0.51300,-0.21384,-0.14173,-0.21384,-0.14173
0.00000,0.51300,0.00000,0.51300,-0.21713,-0.14606,-0.21713,-0.14606
0.00000,0.51300,0.00000,0.51300,-0.22046,-0.15047,-0.22046,-0.15047
0.00000,0.51300,0.00000,0.51300,-0.22382,-0.15497,-0.22382,-0.15497
0.00000,0.51300,0.00000,0.51300,-0.22719,-0.15953,-0.22719,-0.15953
0.00000,0.51300,0.00000,0.51300,-0.23058,-0.16417,-0.23058,-0.16417
0.00000,0.51300,0.00000,0.51300,-0.23397,-0.16886,-0.23397,-0.16886
0.00000,0.51300,0.00000,0.51300,-0.23735,-0.17360,-0.23735,-0.17360
0.00000,0.51300,0.00000,0.51300,-0.24071,-0.17838,-0.24071,-0.17838
0.00000,0.51300,0.00000,0.51300,-0.24406,-0.18319,-0.24406,-0.18319
0.00000,0.51300,0.00000,0.51300,-0.24736,-0.18802,-0.24736,-0.18802
0.00000,0.51273,0.00000,0.51273,-0.25063,-0.19277,-0.25063,-0.19277
0.00000,0.49897,0.00000,0.49897,-0.25385,-0.19278,-0.25385,-0.19278
0.00000,0.48516,0.00000,0.48516,-0.25702,-0.19258,-0.25702,-0.19258
0.00000,0.47129,0.00000,0.47129,-0.26012,-0.19214,-0.26012,-0.19214
0.00000,0.45741,0.00000,0.45741,-0.26315,-0.19146,-0.26315,-0.19146
0.00000,0.44352,0.00000,0.44352,-0.26611,-0.19053,-0.26611,-0.19053
0.00000,0.42966,0.00000,0.42966,-0.26899,-0.18936,-0.26899,-0.18936
0.00000,0.41584,0.00000,0.41584,-0.27178,-0.18792,-0.27178,-0.18792
0.00000,0.40209,0.00000,0.40209,-0.27449,-0.18622,-0.27449,-0.18622
0.00000,0.38842,0.00000,0.38842,-0.27709,-0.18426,-0.27709,-0.18426
0.00000,0.37487,0.00000,0.37487,-0.27960,-0.18204,-0.27960,-0.18204
0.00000,0.36145,0.00000,0.36145,-0.28201,-0.17955,-0.28201,-0.17955
0.00000,0.34818,0.00000,0.34818,-0.28432,-0.17681,-0.28432,-0.17681
0.00000,0.33508,0.00000,0.33508,-0.28652,-0.17382,-0.28652,-0.17382
0.00000,0.32218,0.00000,0.32218,-0.28862,-0.17059,-0.28862,-0.17059
0.00000,0.30949,0.00000,0.30949,-0.29061,-0.16713,-0.29061,-0.16713
0.00000,0.29703,0.00000,0.29703,-0.29250,-0.16345,-0.29250,-0.16345
0.00000,0.28482,0.00000,0.28482,-0.29427,-0.15957,-0.29427,-0.15957
0.00000,0.27289,0.00000,0.27289,-0.29595,-0.15550,-0.29595,-0.15550
0.00000,0.26124,0.00000,0.26124,-0.29752,-0.15126,-0.29752,-0.15126
0.00000,0.24989,0.00000,0.24989,-0.29899,-0.14688,-0.29899,-0.14688
0.00000,0.23886,0.00000,0.23886,-0.30037,-0.14237,-0.30037,-0.14237
0.00000,0.22817,0.00000,0.22817,-0.30164,-0.13776,-0.30164,-0.13776
0.00241,0.22471,0.00241,0.22471,-0.30474,-0.13754,-0.30474,-0.13754
0.00662,0.22670,0.00662,0.22670,-0.30919,-0.14073,-0.30919,-0.14073
0.01106,0.22977,0.01106,0.22977,-0.31379,-0.14454,-0.31379,-0.14454
0.01542,0.23296,0.01542,0.23296,-0.31827,-0.14836,-0.31827,-0.14836
0.01961,0.23608,0.01961,0.23608,-0.32258,-0.15205,-0.32258,-0.15205
0.02361,0.23907,0.02361,0.23907,-0.32670,-0.15558,-0.32670,-0.15558
0.02743,0.24194,0.02743,0.24194,-0.33062,-0.15894,-0.33062,-0.15894
0.03105,0.24466,0.03105,0.24466,-0.33434,-0.16214,-0.33434,-0.16214
0.03447,0.24724,0.03447,0.24724,-0.33786,-0.16516,-0.33786,-0.16516
0.03769,0.24967,0.03769,0.24967,-0.34117,-0.16801,-0.34117,-0.16801
0.04072,0.25196,0.04072,0.25196,-0.34427,-0.17068,-0.34427,-0.17068
0.04354,0.25410,0.04354,0.25410,-0.34716,-0.17318,-0.34716,-0.17318
0.04616,0.25609,0.04616,0.25609,-0.34985,-0.17550,-0.34985,-0.17550
0.04857,0.25794,0.04857,0.25794,-0.35233,-0.17764,-0.35233,-0.17764
0.05079,0.25963,0.05079,0.25963,-0.35461,-0.17960,-0.35461,-0.17960
0.05282,0.26118,0.05282,0.26118,-0.35668,-0.18140,-0.35668,-0.18140
0.05465,0.26259,0.05465,0.26259,-0.35856,-0.18302,-0.35856,-0.18302
0.05629,0.26386,0.05629,0.26386,-0.36024,-0.18448,-0.36024,-0.18448
0.05774,0.26498,0.05774,0.26498,-0.36173,-0.18578,-0.36173,-0.18578
0.05903,0.26598,0.05903,0.26598,-0.36304,-0.18692,-0.36304,-0.18692
0.06014,0.26684,0.06014,0.26684,-0.36418,-0.18791,-0.36418,-0.18791
0.06108,0.26758,0.06108,0.26758,-0.36515,-0.18876,-0.36515,-0.18876
0.06188,0.26821,0.06188,0.26821,-0.36596,-0.18947,-0.36596,-0.18947
0.06253,0.26872,0.06253,0.26872,-0.36663,-0.19006,-0.36663,-0.19006
0.06305,0.26914,0.06305,0.26914,-0.36716,-0.19053,-0.36716,-0.19053
0.06346,0.26946,0.06346,0.26946,-0.36757,-0.19089,-0.36757,-0.19089
0.06375,0.26971,0.06375,0.26971,-0.36788,-0.19116,-0.36788,-0.19116
0.06396,0.26988,0.06396,0.26988,-0.36808,-0.19135,-0.36808,-0.19135
0.06408,0.26999,0.06408,0.26999,-0.36821,-0.19146,-0.36821,-0.19146
0.06415,0.27005,0.06415,0.27005,-0.36828,-0.19153,-0.36828,-0.19153
0.06418,0.27008,0.06418,0.27008,-0.36831,-0.19156,-0.36831,-0.19156
0.06419,0.27009,0.06419,0.27009,-0.36832,-0.19157,-0.36832,-0.19157
0.06419,0.27009,0.06419,0.27009,-0.36832,-0.19157,-0.36832,-0.19157
0.06419,0.27008,0.06419,0.27008,-0.36832,-0.19157,-0.36832,-0.19157
0.06420,0.27006,0.06420,0.27006,-0.36831,-0.19158,-0.36831,-0.19158
0.06422,0.27000,0.06422,0.27000,-0.36829,-0.19160,-0.36829,-0.19160
0.06427,0.26989,0.06427,0.26989,-0.36826,-0.19164,-0.36826,-0.19164
0.06433,0.26970,0.06433,0.26970,-0.36821,-0.19170,-0.36821,-0.19170
0.06443,0.26943,0.06443,0.26943,-0.36813,-0.19179,-0.36813,-0.19179
0.06456,0.26907,0.06456,0.26907,-0.36803,-0.19191,-0.36803,-0.19191
0.06473,0.26860,0.06473,0.26860,-0.36790,-0.19206,-0.36790,-0.19206
0.06493,0.26801,0.06493,0.26801,-0.36773,-0.19224,-0.36773,-0.19224
0.06518,0.26731,0.06518,0.26731,-0.36753,-0.19246,-0.36753,-0.19246
0.06547,0.26650,0.06547,0.26650,-0.36729,-0.19272,-0.36729,-0.19272
0.06580,0.26556,0.06580,0.26556,-0.36702,-0.19302,-0.36702,-0.19302
0.06617,0.26449,0.06617,0.26450,-0.36670,-0.19337,-0.36670,-0.19337
0.06659,0.26331,0.06659,0.26331,-0.36634,-0.19375,-0.36634,-0.19375
0.06704,0.26202,0.06704,0.26202,-0.36595,-0.19418,-0.36595,-0.19418
0.06755,0.26061,0.06755,0.26061,-0.36551,-0.19465,-0.36551,-0.19465
0.06809,0.25910,0.06809,0.25910,-0.36502,-0.19517,-0.36502,-0.19517
0.06867,0.25749,0.06867,0.25749,-0.36450,-0.19573,-0.36450,-0.19573
0.06929,0.25579,0.06929,0.25579,-0.36394,-0.19634,-0.36394,-0.19634
0.06994,0.25401,0.06994,0.25401,-0.36333,-0.19699,-0.36333,-0.19699
0.07063,0.25216,0.07063,0.25216,-0.36269,-0.19769,-0.36269,-0.19769
0.07135,0.25025,0.07135,0.25025,-0.36200,-0.19842,-0.36200,-0.19842
0.07210,0.24828,0.07210,0.24828,-0.36129,-0.19920,-0.36129,-0.19920
0.07287,0.24628,0.07287,0.24628,-0.36054,-0.20002,-0.36054,-0.20002
0.07366,0.24424,0.07366,0.24424,-0.35975,-0.20087,-0.35975,-0.20087
0.07448,0.24218,0.07448,0.24218,-0.35894,-0.20175,-0.35894,-0.20175
0.07531,0.24011,0.07531,0.24011,-0.35810,-0.20266,-0.35810,-0.20266
0.07615,0.23803,0.07615,0.23803,-0.35724,-0.20360,-0.35724,-0.20360
0.07700,0.23597,0.07700,0.23597,-0.35637,-0.20456,-0.35637,-0.20456
0.07785,0.23392,0.07785,0.23392,-0.35547,-0.20554,-0.35547,-0.20554
0.07871,0.23190,0.07871,0.23190,-0.35457,-0.20653,-0.35457,-0.20653
0.07956,0.22991,0.07956,0.22991,-0.35366,-0.20753,-0.35366,-0.20753
0.08041,0.22796,0.08041,0.22796,-0.35275,-0.20853,-0.35275,-0.20853
0.08125,0.22607,0.08125,0.22607,-0.35184,-0.20952,-0.35184,-0.20952
0.08207,0.22423,0.08207,0.22423,-0.35094,-0.21052,-0.35094,-0.21052
0.08288,0.22244,0.08288,0.22244,-0.35004,-0.21149,-0.35004,-0.21149
0.08366,0.22073,0.08366,0.22073,-0.34917,-0.21245,-0.34917,-0.21245
0.08443,0.21909,0.08443,0.21909,-0.34831,-0.21339,-0.34831,-0.21339
0.08516,0.21753,0.08516,0.21753,-0.34749,-0.21430,-0.34749,-0.21430
0.08586,0.21605,0.08586,0.21605,-0.34669,-0.21517,-0.34669,-0.21517
0.08653,0.21465,0.08653,0.21465,-0.34592,-0.21601,-0.34592,-0.21601
0.08717,0.21334,0.08717,0.21334,-0.34519,-0.21681,-0.34519,-0.21681
0.08776,0.21212,0.08776,0.21212,-0.34450,-0.21756,-0.34450,-0.21756
0.08832,0.21099,0.08832,0.21099,-0.34385,-0.21827,-0.34385,-0.21827
0.08883,0.20996,0.08883,0.20996,-0.34325,-0.21892,-0.34325,-0.21892
0.08930,0.20902,0.08930,0.20902,-0.34270,-0.21952,-0.34270,-0.21952
0.08973,0.20817,0.08973,0.20817,-0.34220,-0.22006,-0.34220,-0.22006
0.09011,0.20741,0.09011,0.20741,-0.34175,-0.22055,-0.34175,-0.22055
0.09045,0.20675,0.09045,0.20675,-0.34135,-0.22099,-0.34135,-0.22099
0.09074,0.20617,0.09074,0.20617,-0.34100,-0.22136,-0.34100,-0.22136
0.09099,0.20568,0.09099,0.20568,-0.34070,-0.22168,-0.34070,-0.22168
0.09120,0.20527,0.09120,0.20527,-0.34045,-0.22195,-0.34045,-0.22195
0.09136,0.20494,0.09136,0.20494,-0.34025,-0.22216,-0.34025,-0.22216
0.09149,0.20468,0.09149,0.20468,-0.34009,-0.22233,-0.34009,-0.22233
0.09159,0.20449,0.09159,0.20449,-0.33997,-0.22245,-0.33997,-0.22245
0.09165,0.20436,0.09165,0.20436,-0.33989,-0.22254,-0.33989,-0.22254
0.09169,0.20427,0.09169,0.20427,-0.33983,-0.22259,-0.33983,-0.22259
0.09171,0.20422,0.09171,0.20422,-0.33981,-0.22262,-0.33981,-0.22262
0.09172,0.20420,0.09172,0.20420,-0.33979,-0.22263,-0.33979,-0.22263
0.09172,0.20420,0.09172,0.20420,-0.33979,-0.22263,-0.33979,-0.22263
0.09172,0.20420,0.09172,0.20420,-0.33979,-0.22263,-0.33979,-0.22263
0.09172,0.20420,0.09172,0.20420,-0.33979,-0.22263,-0.33979,-0.22263
0.09172,0.20421,0.09172,0.20421,-0.33980,-0.22262,-0.33980,-0.22262
0.09171,0.20422,0.09171,0.20422,-0.33981,-0.22261,-0.33981,-0.22261
0.09169,0.20426,0.09169,0.20426,-0.33983,-0.22258,-0.33983,-0.22258
0.09165,0.20432,0.09165,0.20432,-0.33987,-0.22254,-0.33987,-0.22254
0.09160,0.20440,0.09160,0.20440,-0.33992,-0.22247,-0.33992,-0.22247
0.09154,0.20452,0.09154,0.20452,-0.33999,-0.22239,-0.33999,-0.22239
0.09145,0.20467,0.09145,0.20467,-0.34009,-0.22228,-0.34009,-0.22228
0.09135,0.20486,0.09135,0.20486,-0.34021,-0.22214,-0.34021,-0.22214
0.09122,0.20510,0.09122,0.20510,-0.34035,-0.22198,-0.34035,-0.22198
0.09107,0.20538,0.09107,0.20538,-0.34053,-0.22178,-0.34053,-0.22178
0.09089,0.20571,0.09089,0.20571,-0.34073,-0.22155,-0.34073,-0.22155
0.09068,0.20609,0.09068,0.20609,-0.34097,-0.22128,-0.34097,-0.22128
0.09044,0.20653,0.09044,0.20653,-0.34124,-0.22098,-0.34124,-0.22098
0.09018,0.20703,0.09018,0.20703,-0.34154,-0.22063,-0.34154,-0.22063
0.08988,0.20758,0.08988,0.20758,-0.34187,-0.22025,-0.34187,-0.22025
0.08955,0.20820,0.08955,0.20820,-0.34225,-0.21983,-0.34225,-0.21983
0.08919,0.20889,0.08919,0.20889,-0.34265,-0.21938,-0.34265,-0.21938
0.08880,0.20963,0.08880,0.20963,-0.34309,-0.21888,-0.34309,-0.21888
0.08838,0.21045,0.08838,0.21045,-0.34357,-0.21834,-0.34357,-0.21834
0.08793,0.21133,0.08793,0.21133,-0.34408,-0.21776,-0.34408,-0.21776
0.08744,0.21229,0.08744,0.21229,-0.34463,-0.21714,-0.34463,-0.21714
0.08692,0.21331,0.08692,0.21331,-0.34521,-0.21649,-0.34521,-0.21649
0.08637,0.21441,0.08637,0.21441,-0.34583,-0.21579,-0.34583,-0.21579
0.08579,0.21558,0.08579,0.21558,-0.34648,-0.21506,-0.34648,-0.21506
0.08518,0.21683,0.08518,0.21683,-0.34716,-0.21430,-0.34716,-0.21430
0.08454,0.21815,0.08454,0.21815,-0.34787,-0.21350,-0.34787,-0.21350
0.08387,0.21955,0.08387,0.21955,-0.34860,-0.21267,-0.34860,-0.21267
0.08317,0.22102,0.08317,0.22102,-0.34937,-0.21181,-0.34937,-0.21181
0.08244,0.22257,0.08244,0.22257,-0.35016,-0.21092,-0.35016,-0.21092
0.08169,0.22420,0.08169,0.22420,-0.35097,-0.21000,-0.35097,-0.21000
0.08091,0.22590,0.08091,0.22590,-0.35181,-0.20906,-0.35181,-0.20906
0.08011,0.22769,0.08011,0.22769,-0.35267,-0.20810,-0.35267,-0.20810
0.07928,0.22955,0.07928,0.22955,-0.35354,-0.20712,-0.35354,-0.20712
0.07844,0.23149,0.07844,0.23149,-0.35443,-0.20612,-0.35443,-0.20612
0.07757,0.23350,0.07757,0.23350,-0.35534,-0.20511,-0.35534,-0.20511
0.07668,0.23560,0.07668,0.23560,-0.35625,-0.20409,-0.35625,-0.20409
0.07577,0.23777,0.07577,0.23777,-0.35718,-0.20306,-0.35718,-0.20306
0.07485,0.24002,0.07485,0.24002,-0.35811,-0.20203,-0.35811,-0.20203
0.07391,0.24234,0.07391,0.24234,-0.35905,-0.20099,-0.35905,-0.20099
0.07296,0.24475,0.07296,0.24475,-0.35999,-0.19996,-0.35999,-0.19996
0.07200,0.24722,0.07200,0.24722,-0.36093,-0.19893,-0.36093,-0.19893
0.07102,0.24977,0.07102,0.24977,-0.36186,-0.19791,-0.36186,-0.19791
0.07004,0.25240,0.07004,0.25240,-0.36279,-0.19689,-0.36279,-0.19689
0.06904,0.25509,0.06904,0.25509,-0.36372,-0.19590,-0.36372,-0.19590
0.06804,0.25786,0.06804,0.25786,-0.36464,-0.19492,-0.36464,-0.19492
0.06704,0.26069,0.06704,0.26069,-0.36554,-0.19396,-0.36554,-0.19396
0.06603,0.26360,0.06603,0.26360,-0.36644,-0.19302,-0.36644,-0.19302
0.06502,0.26656,0.06502,0.26656,-0.36731,-0.19212,-0.36731,-0.19212
0.06401,0.26959,0.06401,0.26959,-0.36818,-0.19124,-0.36818,-0.19124
0.06300,0.27268,0.06300,0.27268,-0.36902,-0.19039,-0.36902,-0.19039
0.06200,0.27583,0.06200,0.27583,-0.36984,-0.18957,-0.36984,-0.18957
0.06099,0.27903,0.06099,0.27903,-0.37065,-0.18880,-0.37065,-0.18880
0.06000,0.28228,0.06000,0.28228,-0.37143,-0.18806,-0.37143,-0.18806
0.05901,0.28557,0.05901,0.28557,-0.37218,-0.18736,-0.37218,-0.18736
0.05803,0.28891,0.05803,0.28891,-0.37291,-0.18671,-0.37291,-0.18671
0.05705,0.29229,0.05705,0.29229,-0.37362,-0.18610,-0.37362,-0.18610
0.05609,0.29570,0.05609,0.29570,-0.37430,-0.18553,-0.37430,-0.18553
0.05514,0.29913,0.05514,0.29913,-0.37495,-0.18501,-0.37495,-0.18501
0.05421,0.30259,0.05421,0.30259,-0.37557,-0.18454,-0.37557,-0.18454
0.05329,0.30607,0.05329,0.30607,-0.37617,-0.18412,-0.37617,-0.18412
0.05239,0.30956,0.05239,0.30956,-0.37673,-0.18374,-0.37673,-0.18374
0.05150,0.31305,0.05150,0.31305,-0.37727,-0.18341,-0.37727,-0.18341
0.05063,0.31653,0.05063,0.31653,-0.37778,-0.18312,-0.37778,-0.18312
0.04979,0.32001,0.04979,0.32001,-0.37826,-0.18289,-0.37826,-0.18289
0.04896,0.32346,0.04896,0.32346,-0.37872,-0.18269,-0.37872,-0.18269
0.04816,0.32689,0.04816,0.32689,-0.37915,-0.18254,-0.37915,-0.18254
0.04738,0.33029,0.04738,0.33029,-0.37955,-0.18243,-0.37955,-0.18243
0.04663,0.33364,0.04663,0.33364,-0.37992,-0.18236,-0.37992,-0.18236
0.04590,0.33694,0.04590,0.33694,-0.38027,-0.18232,-0.38027,-0.18232
0.04520,0.34018,0.04520,0.34018,-0.38060,-0.18232,-0.38060,-0.18232
0.04452,0.34335,0.04452,0.34335,-0.38090,-0.18236,-0.38090,-0.18236
0.04388,0.34644,0.04388,0.34644,-0.38118,-0.18242,-0.38118,-0.18242
0.04326,0.34944,0.04326,0.34944,-0.38143,-0.18250,-0.38143,-0.18250
0.04267,0.35235,0.04267,0.35235,-0.38167,-0.18261,-0.38167,-0.18261
0.04211,0.35515,0.04211,0.35515,-0.38189,-0.18273,-0.38189,-0.18273
0.04159,0.35785,0.04159,0.35785,-0.38208,-0.18288,-0.38208,-0.18288
0.04109,0.36042,0.04109,0.36042,-0.38226,-0.18303,-0.38226,-0.18303
0.04062,0.36287,0.04062,0.36287,-0.38243,-0.18320,-0.38243,-0.18320
0.04019,0.36518,0.04019,0.36518,-0.38258,-0.18337,-0.38258,-0.18337
0.03979,0.36736,0.03979,0.36736,-0.38271,-0.18354,-0.38271,-0.18354
0.03942,0.36940,0.03942,0.36940,-0.38283,-0.18371,-0.38283,-0.18371
0.03908,0.37129,0.03908,0.37129,-0.38294,-0.18388,-0.38294,-0.18388
0.03877,0.37303,0.03877,0.37303,-0.38303,-0.18405,-0.38303,-0.18405
0.03849,0.37462,0.03849,0.37462,-0.38312,-0.18421,-0.38312,-0.18421
0.03824,0.37606,0.03824,0.37606,-0.38320,-0.18436,-0.38320,-0.18436
0.03802,0.37735,0.03802,0.37735,-0.38326,-0.18450,-0.38326,-0.18450
0.03782,0.37849,0.03782,0.37849,-0.38332,-0.18463,-0.38332,-0.18463
0.03766,0.37949,0.03766,0.37949,-0.38337,-0.18475,-0.38337,-0.18475
0.03751,0.38035,0.03751,0.38035,-0.38341,-0.18485,-0.38341,-0.18485
0.03740,0.38108,0.03740,0.38108,-0.38345,-0.18494,-0.38345,-0.18494
0.03730,0.38168,0.03730,0.38168,-0.38347,-0.18502,-0.38347,-0.18502
0.03722,0.38217,0.03722,0.38217,-0.38350,-0.18509,-0.38350,-0.18509
0.03717,0.38254,0.03717,0.38254,-0.38352,-0.18514,-0.38352,-0.18514
0.03712,0.38282,0.03712,0.38282,-0.38353,-0.18518,-0.38353,-0.18518
0.03710,0.38302,0.03710,0.38302,-0.38354,-0.18521,-0.38354,-0.18521
0.03708,0.38314,0.03708,0.38314,-0.38355,-0.18523,-0.38355,-0.18523
0.03707,0.38321,0.03707,0.38321,-0.38355,-0.18525,-0.38355,-0.18525
0.03707,0.38324,0.03707,0.38324,-0.38356,-0.18526,-0.38356,-0.18526
0.03707,0.38325,0.03707,0.38325,-0.38356,-0.18526,-0.38356,-0.18526
0.03707,0.38325,0.03707,0.38325,-0.38356,-0.18526,-0.38356,-0.18526
0.03707,0.38325,0.03707,0.38325,-0.38356,-0.18526,-0.38356,-0.18526
0.03707,0.38324,0.03707,0.38324,-0.38355,-0.18526,-0.38355,-0.18526
0.03706,0.38322,0.03706,0.38322,-0.38354,-0.18525,-0.38354,-0.18525
0.03704,0.38318,0.03704,0.38318,-0.38351,-0.18522,-0.38351,-0.18522
0.03701,0.38310,0.03701,0.38310,-0.38347,-0.18519,-0.38347,-0.18519
0.03696,0.38299,0.03696,0.38299,-0.38340,-0.18513,-0.38340,-0.18513
0.03690,0.38283,0.03690,0.38283,-0.38331,-0.18506,-0.38331,-0.18506
0.03681,0.38263,0.03681,0.38263,-0.38319,-0.18495,-0.38319,-0.18495
0.03670,0.38236,0.03670,0.38236,-0.38303,-0.18482,-0.38303,-0.18482
0.03656,0.38203,0.03656,0.38203,-0.38285,-0.18466,-0.38285,-0.18466
0.03640,0.38163,0.03640,0.38163,-0.38262,-0.18446,-0.38262,-0.18446
0.03620,0.38115,0.03620,0.38115,-0.38234,-0.18423,-0.38234,-0.18423
0.03598,0.38060,0.03598,0.38060,-0.38203,-0.18395,-0.38203,-0.18395
0.03571,0.37996,0.03571,0.37996,-0.38166,-0.18364,-0.38166,-0.18364
0.03541,0.37922,0.03541,0.37922,-0.38124,-0.18328,-0.38124,-0.18328
0.03507,0.37839,0.03507,0.37839,-0.38077,-0.18287,-0.38077,-0.18287
0.03469,0.37747,0.03469,0.37747,-0.38024,-0.18241,-0.38024,-0.18241
0.03427,0.37644,0.03427,0.37644,-0.37965,-0.18190,-0.37965,-0.18190
0.03380,0.37530,0.03380,0.37530,-0.37900,-0.18134,-0.37900,-0.18134
0.03329,0.37406,0.03329,0.37406,-0.37828,-0.18072,-0.37828,-0.18072
0.03273,0.37270,0.03273,0.37270,-0.37750,-0.18005,-0.37750,-0.18005
0.03212,0.37123,0.03212,0.37123,-0.37665,-0.17932,-0.37665,-0.17932
0.03147,0.36964,0.03147,0.36964,-0.37573,-0.17854,-0.37573,-0.17854
0.03076,0.36793,0.03076,0.36793,-0.37474,-0.17770,-0.37474,-0.17770
0.03000,0.36610,0.03000,0.36610,-0.37368,-0.17679,-0.37368,-0.17679
0.02919,0.36415,0.02919,0.36415,-0.37254,-0.17583,-0.37254,-0.17583
0.02833,0.36208,0.02833,0.36208,-0.37132,-0.17481,-0.37132,-0.17481
0.02741,0.35989,0.02741,0.35989,-0.37003,-0.17373,-0.37003,-0.17373
0.02644,0.35757,0.02644,0.35758,-0.36866,-0.17259,-0.36866,-0.17259
0.02541,0.35514,0.02541,0.35514,-0.36721,-0.17138,-0.36721,-0.17138
0.02433,0.35257,0.02433,0.35257,-0.36567,-0.17012,-0.36567,-0.17012
0.02319,0.34989,0.02319,0.34989,-0.36406,-0.16880,-0.36406,-0.16880
0.02199,0.34709,0.02199,0.34709,-0.36236,-0.16742,-0.36236,-0.16742
0.02074,0.34416,0.02074,0.34416,-0.36058,-0.16598,-0.36058,-0.16598
0.01943,0.34111,0.01943,0.34111,-0.35871,-0.16449,-0.35871,-0.16449
0.01807,0.33795,0.01807,0.33795,-0.35676,-0.16293,-0.35676,-0.16293
0.01665,0.33467,0.01665,0.33467,-0.35472,-0.16132,-0.35472,-0.16132
0.01518,0.33128,0.01518,0.33128,-0.35260,-0.15966,-0.35260,-0.15966
0.01365,0.32777,0.01365,0.32777,-0.35039,-0.15794,-0.35039,-0.15794
0.01206,0.32416,0.01206,0.32416,-0.34810,-0.15617,-0.34810,-0.15617
0.01042,0.32043,0.01042,0.32043,-0.34572,-0.15435,-0.34572,-0.15435
0.00873,0.31660,0.00873,0.31660,-0.34325,-0.15248,-0.34325,-0.15248
0.00698,0.31267,0.00698,0.31267,-0.34070,-0.15056,-0.34070,-0.15056
0.00518,0.30864,0.00518,0.30864,-0.33806,-0.14859,-0.33806,-0.14859
0.00333,0.30451,0.00333,0.30451,-0.33533,-0.14658,-0.33533,-0.14658
0.00142,0.30029,0.00142,0.30029,-0.33252,-0.14453,-0.33252,-0.14453
0.00000,0.29806,0.00000,0.29806,-0.33005,-0.14372,-0.33005,-0.14372
0.00000,0.30142,0.00000,0.30142,-0.32869,-0.14633,-0.32869,-0.14633
0.00000,0.30468,0.00000,0.30468,-0.32727,-0.14885,-0.32727,-0.14885
0.00000,0.30781,0.00000,0.30781,-0.32579,-0.15127,-0.32579,-0.15127
0.00000,0.31082,0.00000,0.31082,-0.32425,-0.15359,-0.32425,-0.15359
0.00000,0.31370,0.00000,0.31370,-0.32265,-0.15579,-0.32265,-0.15579
0.00000,0.31643,0.00000,0.31643,-0.32098,-0.15789,-0.32098,-0.15789
0.00000,0.31900,0.00000,0.31900,-0.31926,-0.15986,-0.31926,-0.15986
0.00000,0.32142,0.00000,0.32142,-0.31747,-0.16171,-0.31747,-0.16171
0.00000,0.32367,0.00000,0.32367,-0.31561,-0.16344,-0.31561,-0.16344
0.00000,0.32574,0.00000,0.32574,-0.31369,-0.16504,-0.31369,-0.16504
0.00000,0.32764,0.00000,0.32764,-0.31171,-0.16652,-0.31171,-0.16652
0.00000,0.32935,0.00000,0.32935,-0.30966,-0.16786,-0.30966,-0.16786
0.00000,0.33087,0.00000,0.33087,-0.30754,-0.16907,-0.30754,-0.16907
0.00000,0.33220,0.00000,0.33220,-0.30535,-0.17014,-0.30535,-0.17014
0.00000,0.33333,0.00000,0.33333,-0.30310,-0.17109,-0.30310,-0.17109
0.00000,0.33427,0.00000,0.33427,-0.30078,-0.17189,-0.30078,-0.17189
0.00000,0.33500,0.00000,0.33500,-0.29839,-0.17257,-0.29839,-0.17257
0.00000,0.33553,0.00000,0.33553,-0.29593,-0.17311,-0.29593,-0.17311
0.00000,0.33585,0.00000,0.33585,-0.29341,-0.17352,-0.29341,-0.17352
0.00000,0.33597,0.00000,0.33597,-0.29081,-0.17380,-0.29081,-0.17380
0.00000,0.33588,0.00000,0.33588,-0.28816,-0.17395,-0.28816,-0.17395
0.00000,0.33558,0.00000,0.33558,-0.28543,-0.17397,-0.28543,-0.17397
0.00000,0.33509,0.00000,0.33509,-0.28264,-0.17386,-0.28264,-0.17386
0.00000,0.33438,0.00000,0.33438,-0.27978,-0.17363,-0.27978,-0.17363
0.00000,0.33348,0.00000,0.33348,-0.27685,-0.17327,-0.27685,-0.17327
0.00000,0.33237,0.00000,0.33237,-0.27387,-0.17280,-0.27387,-0.17280
0.00000,0.33106,0.00000,0.33106,-0.27082,-0.17221,-0.27082,-0.17221
0.00000,0.32956,0.00000,0.32956,-0.26771,-0.17150,-0.26771,-0.17150
0.00000,0.32786,0.00000,0.32786,-0.26453,-0.17068,-0.26453,-0.17068
0.00000,0.32598,0.00000,0.32598,-0.26130,-0.16975,-0.26130,-0.16975
0.00000,0.32391,0.00000,0.32391,-0.25801,-0.16871,-0.25801,-0.16871
0.00000,0.32165,0.00000,0.32165,-0.25466,-0.16757,-0.25466,-0.16757
0.00000,0.31922,0.00000,0.31922,-0.25126,-0.16633,-0.25126,-0.16633
0.00000,0.31661,0.00000,0.31661,-0.24780,-0.16500,-0.24780,-0.16500
0.00000,0.31383,0.00000,0.31383,-0.24429,-0.16356,-0.24429,-0.16356
0.00000,0.31089,0.00000,0.31089,-0.24073,-0.16204,-0.24073,-0.16204
0.00000,0.30778,0.00000,0.30778,-0.23713,-0.16043,-0.23713,-0.16043
0.00000,0.30452,0.00000,0.30452,-0.23347,-0.15873,-0.23347,-0.15873
0.00000,0.30112,0.00000,0.30112,-0.22978,-0.15696,-0.22978,-0.15696
0.00000,0.29756,0.00000,0.29756,-0.22604,-0.15510,-0.22604,-0.15510
0.00000,0.29387,0.00000,0.29387,-0.22226,-0.15318,-0.22226,-0.15318
0.00000,0.29004,0.00000,0.29004,-0.21844,-0.15118,-0.21844,-0.15118
0.00000,0.28609,0.00000,0.28609,-0.21459,-0.14911,-0.21459,-0.14911
0.00000,0.28201,0.00000,0.28201,-0.21071,-0.14698,-0.21071,-0.14698
0.00000,0.27782,0.00000,0.27782,-0.20680,-0.14479,-0.20680,-0.14479
0.00000,0.27351,0.00000,0.27351,-0.20286,-0.14254,-0.20286,-0.14254
0.00000,0.26911,0.00000,0.26911,-0.19889,-0.14023,-0.19889,-0.14023
0.00000,0.26460,0.00000,0.26460,-0.19491,-0.13788,-0.19491,-0.13788
0.00000,0.26000,0.00000,0.26000,-0.19090,-0.13548,-0.19090,-0.13548
0.00000,0.25532,0.00000,0.25532,-0.18688,-0.13303,-0.18688,-0.13303
0.00000,0.25056,0.00000,0.25056,-0.18284,-0.13055,-0.18284,-0.13055
0.00000,0.24572,0.00000,0.24572,-0.17879,-0.12802,-0.17879,-0.12802
0.00000,0.24082,0.00000,0.24082,-0.17473,-0.12547,-0.17473,-0.12547
0.00000,0.23585,0.00000,0.23585,-0.17067,-0.12288,-0.17067,-0.12288
0.00000,0.23083,0.00000,0.23083,-0.16660,-0.12026,-0.16660,-0.12026
0.00000,0.22576,0.00000,0.22576,-0.16254,-0.11762,-0.16254,-0.11762
0.00000,0.22065,0.00000,0.22065,-0.15847,-0.11496,-0.15847,-0.11496
0.00000,0.21549,0.00000,0.21549,-0.15441,-0.11228,-0.15441,-0.11228
0.00000,0.21031,0.00000,0.21031,-0.15036,-0.10958,-0.15036,-0.10958
0.00000,0.20510,0.00000,0.20510,-0.14633,-0.10687,-0.14633,-0.10687
0.00000,0.19988,0.00000,0.19988,-0.14230,-0.10415,-0.14230,-0.10415
0.00000,0.19464,0.00000,0.19464,-0.13829,-0.10143,-0.13829,-0.10143
0.00000,0.18939,0.00000,0.18939,-0.13431,-0.09870,-0.13431,-0.09870
0.00000,0.18413,0.00000,0.18413,-0.13034,-0.09597,-0.13034,-0.09597
0.00000,0.17889,0.00000,0.17889,-0.12640,-0.09324,-0.12640,-0.09324
0.00000,0.17365,0.00000,0.17365,-0.12249,-0.09052,-0.12249,-0.09052
0.00000,0.16842,0.00000,0.16842,-0.11860,-0.08781,-0.11860,-0.08781
0.00000,0.16321,0.00000,0.16321,-0.11475,-0.08510,-0.11475,-0.08510
0.00000,0.15803,0.00000,0.15803,-0.11094,-0.08241,-0.11094,-0.08241
0.00000,0.15288,0.00000,0.15288,-0.10716,-0.07974,-0.10716,-0.07974
0.00000,0.14776,0.00000,0.14776,-0.10343,-0.07708,-0.10343,-0.07708
0.00000,0.14268,0.00000,0.14268,-0.09974,-0.07444,-0.09974,-0.07444
0.00000,0.13764,0.00000,0.13764,-0.09609,-0.07182,-0.09609,-0.07182
0.00000,0.13265,0.00000,0.13265,-0.09249,-0.06923,-0.09249,-0.06923
0.00000,0.12772,0.00000,0.12772,-0.08894,-0.06667,-0.08894,-0.06667
0.00000,0.12284,0.00000,0.12284,-0.08544,-0.06413,-0.08544,-0.06413
0.00000,0.11802,0.00000,0.11802,-0.08200,-0.06163,-0.08200,-0.06163
0.00000,0.11327,0.00000,0.11327,-0.07862,-0.05916,-0.07862,-0.05916
0.00000,0.10859,0.00000,0.10859,-0.07529,-0.05673,-0.07529,-0.05673
0.00000,0.10398,0.00000,0.10398,-0.07202,-0.05433,-0.07202,-0.05433
0.00000,0.09945,0.00000,0.09945,-0.06882,-0.05198,-0.06882,-0.05198
0.00000,0.09500,0.00000,0.09500,-0.06568,-0.04966,-0.06568,-0.04966
0.00000,0.09063,0.00000,0.09063,-0.06261,-0.04739,-0.06261,-0.04739
0.00000,0.08635,0.00000,0.08635,-0.05960,-0.04516,-0.05960,-0.04516
0.00000,0.08216,0.00000,0.08216,-0.05666,-0.04298,-0.05666,-0.04298
0.00000,0.07806,0.00000,0.07806,-0.05380,-0.04085,-0.05380,-0.04085
0.00000,0.07406,0.00000,0.07406,-0.05100,-0.03876,-0.05100,-0.03876
0.00000,0.07015,0.00000,0.07015,-0.04828,-0.03673,-0.04828,-0.03673
0.00000,0.06635,0.00000,0.06635,-0.04563,-0.03474,-0.04563,-0.03474
0.00000,0.06264,0.00000,0.06264,-0.04306,-0.03281,-0.04306,-0.03281
0.00000,0.05904,0.00000,0.05904,-0.04056,-0.03094,-0.04056,-0.03094
0.00000,0.05555,0.00000,0.05555,-0.03814,-0.02911,-0.03814,-0.02911
0.00000,0.05217,0.00000,0.05217,-0.03580,-0.02735,-0.03580,-0.02735
0.00000,0.04889,0.00000,0.04889,-0.03354,-0.02564,-0.03354,-0.02564
0.00000,0.04573,0.00000,0.04573,-0.03135,-0.02399,-0.03135,-0.02399
0.00000,0.04268,0.00000,0.04268,-0.02925,-0.02239,-0.02925,-0.02239
0.00000,0.03974,0.00000,0.03974,-0.02722,-0.02086,-0.02722,-0.02086
0.00000,0.03691,0.00000,0.03691,-0.02528,-0.01938,-0.02528,-0.01938
0.00000,0.03420,0.00000,0.03420,-0.02341,-0.01796,-0.02341,-0.01796
0.00000,0.03160,0.00000,0.03160,-0.02163,-0.01660,-0.02163,-0.01660
0.00000,0.02912,0.00000,0.02912,-0.01992,-0.01530,-0.01992,-0.01530
0.00000,0.02675,0.00000,0.02675,-0.01830,-0.01406,-0.01830,-0.01406
0.00000,0.02449,0.00000,0.02449,-0.01675,-0.01288,-0.01675,-0.01288
0.00000,0.02235,0.00000,0.02235,-0.01529,-0.01176,-0.01529,-0.01176
0.00000,0.02032,0.00000,0.02032,-0.01390,-0.01070,-0.01390,-0.01070
0.00000,0.01840,0.00000,0.01840,-0.01259,-0.00970,-0.01259,-0.00970
0.00000,0.01660,0.00000,0.01660,-0.01136,-0.00875,-0.01136,-0.00875
0.00000,0.01490,0.00000,0.01490,-0.01020,-0.00786,-0.01020,-0.00786
0.00000,0.01331,0.00000,0.01331,-0.00911,-0.00703,-0.00911,-0.00703
0.00000,0.01183,0.00000,0.01183,-0.00810,-0.00625,-0.00810,-0.00625
0.00000,0.01045,0.00000,0.01045,-0.00716,-0.00553,-0.00716,-0.00553
0.00000,0.00918,0.00000,0.00918,-0.00629,-0.00486,-0.00629,-0.00486
0.00000,0.00800,0.00000,0.00800,-0.00549,-0.00425,-0.00549,-0.00425
0.00000,0.00693,0.00000,0.00693,-0.00476,-0.00368,-0.00476,-0.00368
0.00000,0.00595,0.00000,0.00595,-0.00409,-0.00317,-0.00409,-0.00317
0.00000,0.00505,0.00000,0.00505,-0.00348,-0.00270,-0.00348,-0.00270
0.00000,0.00425,0.00000,0.00425,-0.00294,-0.00228,-0.00294,-0.00228
0.00000,0.00354,0.00000,0.00354,-0.00245,-0.00190,-0.00245,-0.00190
0.00000,0.00290,0.00000,0.00290,-0.00202,-0.00157,-0.00202,-0.00157
0.00000,0.00234,0.00000,0.00234,-0.00164,-0.00128,-0.00164,-0.00128
0.00000,0.00186,0.00000,0.00186,-0.00131,-0.00102,-0.00131,-0.00102
0.00000,0.00145,0.00000,0.00145,-0.00103,-0.00080,-0.00103,-0.00080
0.00000,0.00110,0.00000,0.00110,-0.00079,-0.00062,-0.00079,-0.00062
0.00000,0.00081,0.00000,0.00081,-0.00059,-0.00047,-0.00059,-0.00047
0.00000,0.00057,0.00000,0.00057,-0.00043,-0.00034,-0.00043,-0.00034
0.00000,0.00039,0.00000,0.00039,-0.00031,-0.00025,-0.00031,-0.00025
0.00000,0.00025,0.00000,0.00025,-0.00021,-0.00017,-0.00021,-0.00017
0.00000,0.00014,0.00000,0.00014,-0.00014,-0.00012,-0.00014,-0.00012
0.00000,0.00007,0.00000,0.00007,-0.00010,-0.00008,-0.00010,-0.00008
0.00000,0.00003,0.00000,0.00003,-0.00007,-0.00006,-0.00007,-0.00006
0.00000,0.00001,0.00000,0.00001,-0.00005,-0.00005,-0.00005,-0.00005
0.00000,0.00000,0.00000,0.00000,-0.00005,-0.00005,-0.00005,-0.00005
0.00000,0.00000,0.00000,0.00000,-0.00005,-0.00005,-0.00005,-0.00005
