-0.00008,0.00017,-0.00017,0.00017,0.00006,-0.00010,0.00007,-0.00005
-0.00015,0.00025,-0.00026,0.00031,0.00008,-0.00013,0.00010,-0.00010
-0.00026,0.00037,-0.00034,0.00046,0.00012,-0.00017,0.00012,-0.00015
-0.00038,0.00049,-0.00042,0.00062,0.00016,-0.00021,0.00015,-0.00020
-0.00052,0.00062,-0.00051,0.00078,0.00020,-0.00025,0.00018,-0.00025
-0.00067,0.00076,-0.00057,0.00091,0.00025,-0.00030,0.00019,-0.00030
-0.00079,0.00092,-0.00073,0.00108,0.00028,-0.00035,0.00025,-0.00035
-0.00093,0.00103,-0.00093,0.00116,0.00033,-0.00039,0.00031,-0.00038
-0.00110,0.00111,-0.00104,0.00133,0.00038,-0.00041,0.00034,-0.00044
-0.00126,0.00120,-0.00114,0.00150,0.00043,-0.00044,0.00038,-0.00049
-0.00143,0.00127,-0.00124,0.00166,0.00048,-0.00047,0.00041,-0.00055
-0.00157,0.00144,-0.00141,0.00183,0.00053,-0.00052,0.00046,-0.00061
-0.00175,0.00154,-0.00157,0.00196,0.00058,-0.00056,0.00051,-0.00065
-0.00187,0.00166,-0.00151,0.00211,0.00062,-0.00060,0.00049,-0.00070
-0.00204,0.00175,-0.00168,0.00219,0.00067,-0.00063,0.00054,-0.00073
-0.00221,0.00185,-0.00184,0.00228,0.00072,-0.00067,0.00059,-0.00076
-0.00233,0.00201,-0.00201,0.00245,0.00076,-0.00072,0.00064,-0.00082
-0.00240,0.00218,-0.00221,0.00262,0.00077,-0.00078,0.00070,-0.00088
-0.00248,0.00235,-0.00238,0.00276,0.00080,-0.00084,0.00075,-0.00093
-0.00258,0.00251,-0.00255,0.00293,0.00082,-0.00090,0.00080,-0.00099
-0.00271,0.00268,-0.00271,0.00308,0.00086,-0.00096,0.00085,-0.00104
-0.00283,0.00284,-0.00288,0.00322,0.00089,-0.00102,0.00090,-0.00110
-0.00294,0.00301,-0.00305,0.00339,0.00092,-0.00108,0.00095,-0.00116
-0.00304,0.00317,-0.00321,0.00356,0.00095,-0.00114,0.00099,-0.00122
-0.00301,0.00334,-0.00338,0.00367,0.00093,-0.00120,0.00104,-0.00126
-0.00304,0.00347,-0.00354,0.00378,0.00093,-0.00125,0.00109,-0.00131
-0.00296,0.00364,-0.00371,0.00394,0.00090,-0.00131,0.00113,-0.00137
-0.00303,0.00381,-0.00388,0.00402,0.00092,-0.00137,0.00118,-0.00140
-0.00311,0.00394,-0.00403,0.00413,0.00093,-0.00143,0.00122,-0.00145
-0.00322,0.00409,-0.00419,0.00426,0.00096,-0.00148,0.00126,-0.00150
-0.00329,0.00425,-0.00436,0.00436,0.00097,-0.00155,0.00131,-0.00154
-0.00335,0.00442,-0.00453,0.00447,0.00098,-0.00161,0.00135,-0.00159
-0.00342,0.00459,-0.00470,0.00462,0.00099,-0.00168,0.00139,-0.00165
-0.00350,0.00475,-0.00486,0.00474,0.00100,-0.00175,0.00143,-0.00170
-0.00353,0.00492,-0.00503,0.00473,0.00100,-0.00181,0.00147,-0.00171
-0.00362,0.00509,-0.00520,0.00487,0.00101,-0.00188,0.00151,-0.00177
-0.00363,0.00525,-0.00536,0.00501,0.00100,-0.00195,0.00155,-0.00183
-0.00333,0.00535,-0.00544,0.00490,0.00089,-0.00200,0.00156,-0.00181
-0.00335,0.00552,-0.00561,0.00500,0.00088,-0.00207,0.00160,-0.00186
-0.00343,0.00552,-0.00578,0.00511,0.00089,-0.00208,0.00164,-0.00191
-0.00354,0.00567,-0.00594,0.00527,0.00091,-0.00215,0.00168,-0.00198
-0.00351,0.00584,-0.00611,0.00535,0.00088,-0.00223,0.00171,-0.00203
-0.00365,0.00600,-0.00628,0.00552,0.00091,-0.00230,0.00175,-0.00210
-0.00365,0.00617,-0.00644,0.00563,0.00088,-0.00237,0.00178,-0.00216
-0.00360,0.00634,-0.00661,0.00575,0.00085,-0.00245,0.00181,-0.00222
-0.00353,0.00651,-0.00678,0.00588,0.00080,-0.00253,0.00184,-0.00228
-0.00358,0.00667,-0.00695,0.00600,0.00080,-0.00260,0.00187,-0.00235
-0.00369,0.00684,-0.00711,0.00613,0.00081,-0.00268,0.00190,-0.00241
-0.00372,0.00691,-0.00714,0.00618,0.00079,-0.00273,0.00189,-0.00245
-0.00375,0.00700,-0.00722,0.00627,0.00078,-0.00279,0.00189,-0.00251
-0.00377,0.00717,-0.00739,0.00641,0.00075,-0.00287,0.00192,-0.00258
-0.00383,0.00734,-0.00755,0.00652,0.00075,-0.00295,0.00194,-0.00265
-0.00383,0.00750,-0.00772,0.00663,0.00071,-0.00303,0.00197,-0.00271
-0.00399,0.00767,-0.00789,0.00680,0.00074,-0.00312,0.00199,-0.00280
-0.00403,0.00784,-0.00806,0.00682,0.00072,-0.00320,0.00201,-0.00284
-0.00409,0.00800,-0.00822,0.00699,0.00070,-0.00329,0.00203,-0.00292
-0.00412,0.00817,-0.00839,0.00705,0.00068,-0.00338,0.00205,-0.00298
-0.00415,0.00834,-0.00856,0.00709,0.00066,-0.00347,0.00207,-0.00302
-0.00415,0.00850,-0.00872,0.00707,0.00062,-0.00356,0.00209,-0.00305
-0.00429,0.00867,-0.00889,0.00714,0.00063,-0.00365,0.00211,-0.00311
-0.00435,0.00884,-0.00906,0.00723,0.00061,-0.00374,0.00213,-0.00318
-0.00444,0.00901,-0.00922,0.00740,0.00060,-0.00384,0.00214,-0.00328
-0.00448,0.00917,-0.00939,0.00743,0.00057,-0.00393,0.00215,-0.00333
-0.00450,0.00934,-0.00956,0.00747,0.00053,-0.00403,0.00217,-0.00338
-0.00448,0.00951,-0.00973,0.00747,0.00048,-0.00412,0.00218,-0.00342
-0.00457,0.00967,-0.00989,0.00758,0.00047,-0.00422,0.00219,-0.00351
-0.00474,0.00982,-0.01006,0.00774,0.00048,-0.00432,0.00220,-0.00360
-0.00488,0.00997,-0.01023,0.00789,0.00048,-0.00441,0.00220,-0.00370
-0.00501,0.01009,-0.01039,0.00805,0.00047,-0.00450,0.00221,-0.00380
-0.00503,0.01025,-0.01056,0.00809,0.00042,-0.00460,0.00221,-0.00386
-0.00506,0.01042,-0.01073,0.00814,0.00038,-0.00471,0.00222,-0.00393
-0.00506,0.01059,-0.01089,0.00817,0.00033,-0.00481,0.00222,-0.00399
-0.00511,0.01075,-0.01106,0.00824,0.00029,-0.00492,0.00222,-0.00407
-0.00515,0.01092,-0.01123,0.00831,0.00025,-0.00503,0.00222,-0.00415
-0.00520,0.01109,-0.01140,0.00837,0.00021,-0.00514,0.00222,-0.00422
-0.00524,0.01126,-0.01156,0.00843,0.00017,-0.00525,0.00222,-0.00430
-0.00530,0.01142,-0.01173,0.00852,0.00012,-0.00537,0.00221,-0.00439
-0.00531,0.01159,-0.01190,0.00863,0.00007,-0.00548,0.00220,-0.00449
-0.00531,0.01176,-0.01206,0.00872,0.00000,-0.00560,0.00220,-0.00458
-0.00536,0.01192,-0.01223,0.00880,-0.00004,-0.00572,0.00219,-0.00467
-0.00542,0.01209,-0.01240,0.00887,-0.00009,-0.00584,0.00218,-0.00476
-0.00548,0.01226,-0.01256,0.00895,-0.00014,-0.00596,0.00217,-0.00485
-0.00553,0.01242,-0.01273,0.00903,-0.00019,-0.00608,0.00215,-0.00494
-0.00558,0.01259,-0.01290,0.00912,-0.00024,-0.00621,0.00214,-0.00504
-0.00562,0.01276,-0.01307,0.00918,-0.00030,-0.00633,0.00212,-0.00513
-0.00565,0.01293,-0.01323,0.00923,-0.00037,-0.00646,0.00210,-0.00522
-0.00568,0.01309,-0.01340,0.00928,-0.00043,-0.00659,0.00208,-0.00531
-0.00571,0.01326,-0.01357,0.00934,-0.00050,-0.00672,0.00206,-0.00541
-0.00574,0.01343,-0.01373,0.00939,-0.00056,-0.00685,0.00204,-0.00550
-0.00577,0.01359,-0.01390,0.00949,-0.00063,-0.00698,0.00202,-0.00561
-0.00582,0.01377,-0.01405,0.00957,-0.00070,-0.00712,0.00198,-0.00572
-0.00590,0.01394,-0.01422,0.00969,-0.00075,-0.00726,0.00196,-0.00584
-0.00597,0.01410,-0.01438,0.00978,-0.00082,-0.00740,0.00193,-0.00596
-0.00601,0.01427,-0.01454,0.00984,-0.00089,-0.00754,0.00189,-0.00606
-0.00603,0.01444,-0.01471,0.00989,-0.00097,-0.00768,0.00186,-0.00617
-0.00608,0.01461,-0.01488,0.00996,-0.00104,-0.00782,0.00183,-0.00628
-0.00615,0.01472,-0.01503,0.01004,-0.00111,-0.00795,0.00179,-0.00640
-0.00619,0.01489,-0.01519,0.01009,-0.00119,-0.00810,0.00175,-0.00650
-0.00623,0.01505,-0.01536,0.01013,-0.00127,-0.00825,0.00171,-0.00661
-0.00623,0.01522,-0.01553,0.01017,-0.00137,-0.00840,0.00167,-0.00672
-0.00632,0.01539,-0.01569,0.01010,-0.00143,-0.00855,0.00163,-0.00679
-0.00642,0.01555,-0.01586,0.01003,-0.00150,-0.00870,0.00159,-0.00687
-0.00653,0.01572,-0.01603,0.00996,-0.00157,-0.00886,0.00154,-0.00695
-0.00664,0.01589,-0.01620,0.00988,-0.00164,-0.00902,0.00149,-0.00702
-0.00668,0.01605,-0.01636,0.00993,-0.00173,-0.00917,0.00144,-0.00714
-0.00671,0.01622,-0.01653,0.00998,-0.00182,-0.00934,0.00139,-0.00727
-0.00678,0.01639,-0.01670,0.01005,-0.00191,-0.00950,0.00134,-0.00740
-0.00685,0.01656,-0.01686,0.01013,-0.00199,-0.00966,0.00129,-0.00754
-0.00694,0.01672,-0.01703,0.01023,-0.00208,-0.00983,0.00123,-0.00768
-0.00700,0.01689,-0.01720,0.01030,-0.00217,-0.01000,0.00117,-0.00782
-0.00706,0.01706,-0.01736,0.01038,-0.00227,-0.01017,0.00112,-0.00796
-0.00711,0.01722,-0.01753,0.01044,-0.00237,-0.01034,0.00105,-0.00810
-0.00716,0.01739,-0.01770,0.01051,-0.00247,-0.01051,0.00099,-0.00824
-0.00721,0.01756,-0.01787,0.01057,-0.00258,-0.01069,0.00093,-0.00838
-0.00727,0.01772,-0.01803,0.01066,-0.00268,-0.01087,0.00086,-0.00853
-0.00732,0.01789,-0.01820,0.01069,-0.00279,-0.01105,0.00079,-0.00867
-0.00737,0.01806,-0.01837,0.01073,-0.00290,-0.01123,0.00072,-0.00881
-0.00741,0.01823,-0.01853,0.01078,-0.00301,-0.01141,0.00065,-0.00895
-0.00745,0.01839,-0.01870,0.01083,-0.00313,-0.01160,0.00058,-0.00910
-0.00749,0.01856,-0.01887,0.01088,-0.00325,-0.01178,0.00050,-0.00925
-0.00754,0.01873,-0.01903,0.01095,-0.00337,-0.01197,0.00042,-0.00940
-0.00754,0.01889,-0.01920,0.01097,-0.00350,-0.01216,0.00034,-0.00955
-0.00756,0.01906,-0.01937,0.01101,-0.00363,-0.01236,0.00026,-0.00970
-0.00761,0.01923,-0.01954,0.01106,-0.00376,-0.01255,0.00018,-0.00985
-0.00767,0.01939,-0.01970,0.01113,-0.00388,-0.01275,0.00009,-0.01002
-0.00774,0.01956,-0.01987,0.01120,-0.00400,-0.01295,0.00001,-0.01019
-0.00790,0.01973,-0.02004,0.01137,-0.00410,-0.01315,-0.00008,-0.01039
-0.00806,0.01990,-0.02020,0.01154,-0.00419,-0.01335,-0.00017,-0.01059
-0.00813,0.02006,-0.02037,0.01159,-0.00431,-0.01356,-0.00026,-0.01076
-0.00825,0.02023,-0.02054,0.01164,-0.00443,-0.01377,-0.00036,-0.01093
-0.00839,0.02040,-0.02070,0.01177,-0.00453,-0.01398,-0.00045,-0.01113
-0.00840,0.02056,-0.02087,0.01191,-0.00469,-0.01419,-0.00055,-0.01133
-0.00857,0.02073,-0.02104,0.01208,-0.00479,-0.01440,-0.00065,-0.01154
-0.00869,0.02090,-0.02121,0.01222,-0.00491,-0.01462,-0.00075,-0.01175
-0.00882,0.02106,-0.02137,0.01235,-0.00503,-0.01483,-0.00086,-0.01195
-0.00890,0.02123,-0.02154,0.01244,-0.00516,-0.01505,-0.00096,-0.01215
-0.00902,0.02140,-0.02171,0.01258,-0.00529,-0.01527,-0.00107,-0.01236
-0.00915,0.02157,-0.02187,0.01271,-0.00542,-0.01550,-0.00118,-0.01257
-0.00931,0.02173,-0.02204,0.01288,-0.00553,-0.01572,-0.00129,-0.01280
-0.00948,0.02190,-0.02221,0.01305,-0.00565,-0.01595,-0.00141,-0.01302
-0.00965,0.02207,-0.02237,0.01321,-0.00577,-0.01618,-0.00152,-0.01325
-0.00977,0.02223,-0.02254,0.01335,-0.00590,-0.01641,-0.00164,-0.01347
-0.00994,0.02240,-0.02271,0.01351,-0.00602,-0.01665,-0.00176,-0.01371
-0.01011,0.02257,-0.02288,0.01368,-0.00615,-0.01688,-0.00188,-0.01394
-0.01016,0.02273,-0.02304,0.01377,-0.00631,-0.01712,-0.00201,-0.01416
-0.01022,0.02290,-0.02321,0.01383,-0.00648,-0.01736,-0.00213,-0.01436
-0.01034,0.02307,-0.02338,0.01395,-0.00662,-0.01760,-0.00226,-0.01459
-0.01039,0.02324,-0.02354,0.01400,-0.00679,-0.01785,-0.00239,-0.01479
-0.01042,0.02340,-0.02371,0.01404,-0.00697,-0.01810,-0.00252,-0.01500
-0.01054,0.02357,-0.02388,0.01417,-0.00713,-0.01834,-0.00265,-0.01524
-0.01056,0.02374,-0.02404,0.01419,-0.00731,-0.01860,-0.00279,-0.01544
-0.01072,0.02390,-0.02421,0.01436,-0.00745,-0.01885,-0.00293,-0.01569
-0.01088,0.02407,-0.02438,0.01452,-0.00760,-0.01911,-0.00307,-0.01594
-0.01103,0.02424,-0.02455,0.01467,-0.00775,-0.01936,-0.00321,-0.01620
-0.01113,0.02440,-0.02471,0.01484,-0.00792,-0.01962,-0.00335,-0.01646
-0.01130,0.02457,-0.02488,0.01501,-0.00807,-0.01988,-0.00350,-0.01672
-0.01139,0.02474,-0.02505,0.01504,-0.00825,-0.02015,-0.00364,-0.01693
-0.01144,0.02491,-0.02521,0.01509,-0.00844,-0.02042,-0.00379,-0.01716
-0.01143,0.02506,-0.02526,0.01515,-0.00865,-0.02068,-0.00399,-0.01740
-0.01147,0.02521,-0.02532,0.01524,-0.00885,-0.02094,-0.00418,-0.01764
-0.01163,0.02537,-0.02549,0.01541,-0.00901,-0.02122,-0.00433,-0.01791
-0.01159,0.02554,-0.02566,0.01544,-0.00924,-0.02149,-0.00449,-0.01814
-0.01148,0.02571,-0.02582,0.01539,-0.00950,-0.02177,-0.00465,-0.01835
-0.01137,0.02587,-0.02599,0.01534,-0.00975,-0.02205,-0.00481,-0.01855
-0.01129,0.02604,-0.02616,0.01527,-0.01000,-0.02233,-0.00498,-0.01875
-0.01115,0.02621,-0.02632,0.01526,-0.01027,-0.02262,-0.00514,-0.01898
-0.01102,0.02637,-0.02649,0.01525,-0.01054,-0.02290,-0.00531,-0.01920
-0.01090,0.02654,-0.02666,0.01523,-0.01081,-0.02319,-0.00548,-0.01943
-0.01078,0.02671,-0.02683,0.01521,-0.01108,-0.02348,-0.00565,-0.01966
-0.01067,0.02688,-0.02699,0.01519,-0.01136,-0.02377,-0.00582,-0.01988
-0.01055,0.02704,-0.02716,0.01517,-0.01163,-0.02407,-0.00600,-0.02012
-0.01042,0.02721,-0.02733,0.01517,-0.01191,-0.02437,-0.00618,-0.02036
-0.01031,0.02738,-0.02749,0.01515,-0.01219,-0.02467,-0.00636,-0.02059
-0.01022,0.02754,-0.02766,0.01511,-0.01246,-0.02497,-0.00654,-0.02082
-0.01013,0.02771,-0.02783,0.01508,-0.01274,-0.02527,-0.00672,-0.02106
-0.01006,0.02788,-0.02799,0.01503,-0.01301,-0.02558,-0.00691,-0.02129
-0.00999,0.02804,-0.02816,0.01497,-0.01328,-0.02589,-0.00710,-0.02152
-0.00993,0.02821,-0.02833,0.01491,-0.01355,-0.02620,-0.00729,-0.02176
-0.00987,0.02838,-0.02850,0.01486,-0.01383,-0.02651,-0.00748,-0.02200
-0.00980,0.02855,-0.02866,0.01481,-0.01410,-0.02683,-0.00768,-0.02224
-0.00972,0.02871,-0.02883,0.01478,-0.01439,-0.02715,-0.00787,-0.02248
-0.00963,0.02888,-0.02900,0.01475,-0.01468,-0.02747,-0.00807,-0.02274
-0.00956,0.02905,-0.02916,0.01472,-0.01496,-0.02779,-0.00827,-0.02299
-0.00946,0.02921,-0.02933,0.01471,-0.01526,-0.02811,-0.00847,-0.02326
-0.00937,0.02938,-0.02950,0.01469,-0.01556,-0.02844,-0.00868,-0.02352
-0.00930,0.02955,-0.02966,0.01466,-0.01585,-0.02877,-0.00888,-0.02378
-0.00924,0.02971,-0.02983,0.01462,-0.01614,-0.02910,-0.00909,-0.02403
-0.00918,0.02988,-0.03000,0.01457,-0.01643,-0.02944,-0.00930,-0.02429
-0.00913,0.03005,-0.03017,0.01452,-0.01673,-0.02977,-0.00952,-0.02455
-0.00907,0.03022,-0.03033,0.01448,-0.01702,-0.03011,-0.00973,-0.02482
-0.00902,0.03038,-0.03050,0.01443,-0.01732,-0.03045,-0.00995,-0.02508
-0.00897,0.03055,-0.03067,0.01439,-0.01762,-0.03079,-0.01017,-0.02535
-0.00899,0.03069,-0.03077,0.01438,-0.01789,-0.03113,-0.01041,-0.02564
-0.00899,0.03083,-0.03087,0.01439,-0.01818,-0.03147,-0.01066,-0.02593
-0.00898,0.03097,-0.03096,0.01438,-0.01847,-0.03181,-0.01091,-0.02621
-0.00897,0.03109,-0.03103,0.01439,-0.01877,-0.03215,-0.01117,-0.02651
-0.00880,0.03115,-0.03111,0.01422,-0.01911,-0.03246,-0.01143,-0.02675
-0.00876,0.03131,-0.03127,0.01417,-0.01942,-0.03282,-0.01166,-0.02702
-0.00872,0.03147,-0.03144,0.01412,-0.01973,-0.03317,-0.01189,-0.02731
-0.00868,0.03163,-0.03161,0.01407,-0.02004,-0.03353,-0.01213,-0.02759
-0.00864,0.03180,-0.03177,0.01402,-0.02036,-0.03390,-0.01236,-0.02788
-0.00860,0.03196,-0.03194,0.01397,-0.02067,-0.03426,-0.01260,-0.02816
-0.00857,0.03212,-0.03211,0.01392,-0.02099,-0.03462,-0.01284,-0.02845
-0.00853,0.03227,-0.03228,0.01387,-0.02131,-0.03499,-0.01309,-0.02875
-0.00850,0.03242,-0.03244,0.01382,-0.02163,-0.03536,-0.01333,-0.02904
-0.00846,0.03257,-0.03260,0.01378,-0.02196,-0.03572,-0.01358,-0.02934
-0.00843,0.03271,-0.03276,0.01373,-0.02228,-0.03609,-0.01383,-0.02964
-0.00840,0.03285,-0.03292,0.01369,-0.02261,-0.03646,-0.01409,-0.02994
-0.00837,0.03298,-0.03307,0.01365,-0.02294,-0.03683,-0.01434,-0.03025
-0.00834,0.03311,-0.03321,0.01361,-0.02327,-0.03720,-0.01461,-0.03056
-0.00830,0.03327,-0.03338,0.01357,-0.02360,-0.03759,-0.01486,-0.03087
-0.00825,0.03344,-0.03355,0.01353,-0.02394,-0.03797,-0.01512,-0.03118
-0.00821,0.03361,-0.03371,0.01350,-0.02428,-0.03837,-0.01538,-0.03150
-0.00816,0.03377,-0.03388,0.01347,-0.02463,-0.03876,-0.01564,-0.03182
-0.00812,0.03394,-0.03405,0.01344,-0.02497,-0.03915,-0.01591,-0.03214
-0.00807,0.03411,-0.03421,0.01340,-0.02532,-0.03955,-0.01617,-0.03246
-0.00803,0.03427,-0.03438,0.01337,-0.02567,-0.03995,-0.01644,-0.03279
-0.00799,0.03444,-0.03455,0.01334,-0.02602,-0.04035,-0.01671,-0.03312
-0.00795,0.03461,-0.03471,0.01331,-0.02638,-0.04075,-0.01698,-0.03345
-0.00790,0.03478,-0.03488,0.01328,-0.02673,-0.04116,-0.01726,-0.03378
-0.00786,0.03494,-0.03505,0.01325,-0.02709,-0.04157,-0.01753,-0.03412
-0.00782,0.03511,-0.03522,0.01322,-0.02745,-0.04198,-0.01781,-0.03445
-0.00778,0.03528,-0.03538,0.01319,-0.02781,-0.04239,-0.01809,-0.03479
-0.00774,0.03544,-0.03555,0.01316,-0.02818,-0.04281,-0.01837,-0.03513
-0.00770,0.03561,-0.03572,0.01313,-0.02854,-0.04322,-0.01865,-0.03548
-0.00767,0.03578,-0.03588,0.01309,-0.02891,-0.04364,-0.01894,-0.03582
-0.00764,0.03594,-0.03605,0.01305,-0.02927,-0.04406,-0.01922,-0.03616
-0.00761,0.03611,-0.03622,0.01301,-0.02964,-0.04449,-0.01951,-0.03651
-0.00758,0.03628,-0.03638,0.01297,-0.03001,-0.04491,-0.01980,-0.03686
-0.00755,0.03645,-0.03655,0.01294,-0.03038,-0.04534,-0.02010,-0.03721
-0.00753,0.03661,-0.03672,0.01290,-0.03076,-0.04577,-0.02039,-0.03756
-0.00749,0.03678,-0.03689,0.01287,-0.03113,-0.04621,-0.02069,-0.03792
-0.00745,0.03695,-0.03705,0.01284,-0.03152,-0.04664,-0.02098,-0.03828
-0.00742,0.03711,-0.03722,0.01281,-0.03190,-0.04708,-0.02128,-0.03864
-0.00738,0.03728,-0.03739,0.01278,-0.03228,-0.04752,-0.02159,-0.03901
-0.00734,0.03745,-0.03755,0.01276,-0.03267,-0.04796,-0.02189,-0.03937
-0.00731,0.03761,-0.03772,0.01273,-0.03306,-0.04840,-0.02219,-0.03974
-0.00727,0.03778,-0.03789,0.01271,-0.03345,-0.04885,-0.02250,-0.04011
-0.00723,0.03795,-0.03805,0.01268,-0.03384,-0.04930,-0.02281,-0.04049
-0.00719,0.03812,-0.03822,0.01266,-0.03424,-0.04975,-0.02312,-0.04086
-0.00715,0.03828,-0.03839,0.01264,-0.03464,-0.05020,-0.02343,-0.04124
-0.00711,0.03845,-0.03856,0.01261,-0.03504,-0.05065,-0.02375,-0.04162
-0.00708,0.03862,-0.03872,0.01259,-0.03544,-0.05111,-0.02406,-0.04200
-0.00704,0.03878,-0.03889,0.01257,-0.03584,-0.05157,-0.02438,-0.04239
-0.00700,0.03895,-0.03906,0.01255,-0.03625,-0.05203,-0.02470,-0.04277
-0.00697,0.03912,-0.03922,0.01252,-0.03665,-0.05249,-0.02502,-0.04316
-0.00693,0.03928,-0.03939,0.01250,-0.03706,-0.05296,-0.02534,-0.04355
-0.00690,0.03945,-0.03956,0.01247,-0.03747,-0.05342,-0.02566,-0.04394
-0.00687,0.03962,-0.03972,0.01245,-0.03788,-0.05389,-0.02599,-0.04433
-0.00683,0.03979,-0.03989,0.01242,-0.03830,-0.05436,-0.02632,-0.04473
-0.00680,0.03995,-0.04006,0.01239,-0.03871,-0.05484,-0.02665,-0.04512
-0.00675,0.04012,-0.04023,0.01239,-0.03914,-0.05531,-0.02698,-0.04553
-0.00670,0.04029,-0.04039,0.01238,-0.03956,-0.05579,-0.02731,-0.04594
-0.00669,0.04044,-0.04054,0.01234,-0.03997,-0.05626,-0.02765,-0.04632
-0.00667,0.04051,-0.04065,0.01232,-0.04040,-0.05672,-0.02801,-0.04674
-0.00679,0.04062,-0.04079,0.01217,-0.04073,-0.05714,-0.02832,-0.04706
-0.00674,0.04079,-0.04096,0.01213,-0.04120,-0.05766,-0.02870,-0.04750
-0.00687,0.04090,-0.04109,0.01198,-0.04153,-0.05809,-0.02901,-0.04783
-0.00682,0.04106,-0.04123,0.01195,-0.04198,-0.05860,-0.02938,-0.04826
-0.00694,0.04117,-0.04136,0.01181,-0.04234,-0.05905,-0.02972,-0.04861
-0.00688,0.04133,-0.04150,0.01178,-0.04283,-0.05959,-0.03012,-0.04906
-0.00683,0.04150,-0.04162,0.01178,-0.04327,-0.06008,-0.03049,-0.04949
-0.00678,0.04167,-0.04173,0.01178,-0.04371,-0.06058,-0.03085,-0.04992
-0.00674,0.04184,-0.04185,0.01178,-0.04416,-0.06108,-0.03122,-0.05035
-0.00669,0.04200,-0.04202,0.01177,-0.04460,-0.06158,-0.03158,-0.05077
-0.00665,0.04217,-0.04218,0.01175,-0.04505,-0.06209,-0.03193,-0.05120
-0.00662,0.04234,-0.04235,0.01174,-0.04549,-0.06260,-0.03229,-0.05163
-0.00658,0.04250,-0.04252,0.01172,-0.04594,-0.06310,-0.03264,-0.05206
-0.00656,0.04267,-0.04268,0.01169,-0.04639,-0.06361,-0.03300,-0.05249
-0.00654,0.04284,-0.04285,0.01166,-0.04684,-0.06413,-0.03336,-0.05292
-0.00651,0.04300,-0.04302,0.01163,-0.04728,-0.06464,-0.03372,-0.05335
-0.00649,0.04317,-0.04318,0.01160,-0.04773,-0.06516,-0.03408,-0.05378
-0.00645,0.04334,-0.04335,0.01159,-0.04819,-0.06567,-0.03445,-0.05423
-0.00640,0.04351,-0.04352,0.01158,-0.04866,-0.06619,-0.03481,-0.05467
-0.00636,0.04367,-0.04368,0.01157,-0.04912,-0.06672,-0.03518,-0.05512
-0.00633,0.04384,-0.04385,0.01155,-0.04958,-0.06724,-0.03555,-0.05556
-0.00631,0.04401,-0.04402,0.01152,-0.05004,-0.06777,-0.03592,-0.05600
-0.00628,0.04417,-0.04418,0.01149,-0.05050,-0.06829,-0.03629,-0.05645
-0.00626,0.04434,-0.04435,0.01147,-0.05096,-0.06882,-0.03666,-0.05689
-0.00623,0.04451,-0.04452,0.01144,-0.05143,-0.06936,-0.03704,-0.05734
-0.00621,0.04467,-0.04469,0.01142,-0.05189,-0.06989,-0.03741,-0.05779
-0.00618,0.04484,-0.04485,0.01139,-0.05236,-0.07043,-0.03779,-0.05824
-0.00616,0.04501,-0.04502,0.01136,-0.05283,-0.07096,-0.03817,-0.05870
-0.00613,0.04518,-0.04519,0.01134,-0.05331,-0.07150,-0.03854,-0.05915
-0.00611,0.04534,-0.04535,0.01131,-0.05378,-0.07204,-0.03893,-0.05961
-0.00609,0.04551,-0.04552,0.01129,-0.05425,-0.07259,-0.03931,-0.06007
-0.00606,0.04568,-0.04569,0.01126,-0.05473,-0.07313,-0.03969,-0.06053
-0.00604,0.04584,-0.04585,0.01124,-0.05521,-0.07368,-0.04007,-0.06099
-0.00601,0.04601,-0.04602,0.01121,-0.05569,-0.07423,-0.04046,-0.06145
-0.00599,0.04618,-0.04619,0.01119,-0.05617,-0.07478,-0.04085,-0.06191
-0.00597,0.04634,-0.04636,0.01116,-0.05665,-0.07533,-0.04124,-0.06238
-0.00595,0.04651,-0.04652,0.01113,-0.05713,-0.07588,-0.04163,-0.06285
-0.00593,0.04668,-0.04669,0.01110,-0.05762,-0.07644,-0.04202,-0.06331
-0.00591,0.04685,-0.04686,0.01107,-0.05810,-0.07699,-0.04241,-0.06378
-0.00589,0.04701,-0.04702,0.01104,-0.05859,-0.07755,-0.04280,-0.06425
-0.00588,0.04718,-0.04719,0.01100,-0.05908,-0.07811,-0.04320,-0.06472
-0.00587,0.04735,-0.04736,0.01097,-0.05956,-0.07868,-0.04359,-0.06519
-0.00585,0.04751,-0.04752,0.01094,-0.06006,-0.07924,-0.04399,-0.06567
-0.00583,0.04768,-0.04769,0.01091,-0.06055,-0.07981,-0.04439,-0.06615
-0.00581,0.04785,-0.04786,0.01089,-0.06104,-0.08038,-0.04478,-0.06663
-0.00578,0.04801,-0.04803,0.01086,-0.06154,-0.08095,-0.04518,-0.06711
-0.00575,0.04817,-0.04818,0.01085,-0.06204,-0.08151,-0.04559,-0.06760
-0.00573,0.04817,-0.04818,0.01084,-0.06255,-0.08203,-0.04606,-0.06808
-0.00571,0.04834,-0.04835,0.01081,-0.06305,-0.08260,-0.04646,-0.06857
-0.00569,0.04850,-0.04847,0.01080,-0.06355,-0.08317,-0.04689,-0.06906
-0.00566,0.04863,-0.04863,0.01077,-0.06406,-0.08374,-0.04730,-0.06955
-0.00564,0.04871,-0.04873,0.01075,-0.06456,-0.08429,-0.04773,-0.07004
-0.00560,0.04883,-0.04885,0.01075,-0.06508,-0.08485,-0.04816,-0.07054
-0.00561,0.04896,-0.04902,0.01068,-0.06557,-0.08542,-0.04857,-0.07102
-0.00564,0.04904,-0.04919,0.01061,-0.06606,-0.08597,-0.04898,-0.07149
-0.00562,0.04920,-0.04935,0.01058,-0.06657,-0.08656,-0.04939,-0.07199
-0.00560,0.04937,-0.04952,0.01056,-0.06708,-0.08715,-0.04980,-0.07248
-0.00558,0.04954,-0.04969,0.01053,-0.06760,-0.08774,-0.05021,-0.07298
-0.00556,0.04970,-0.04985,0.01051,-0.06811,-0.08833,-0.05063,-0.07348
-0.00555,0.04987,-0.05002,0.01047,-0.06862,-0.08892,-0.05104,-0.07397
-0.00554,0.05004,-0.05019,0.01043,-0.06914,-0.08951,-0.05146,-0.07447
-0.00553,0.05021,-0.05035,0.01040,-0.06965,-0.09011,-0.05187,-0.07497
-0.00552,0.05037,-0.05052,0.01037,-0.07017,-0.09070,-0.05229,-0.07547
-0.00550,0.05054,-0.05069,0.01034,-0.07069,-0.09130,-0.05271,-0.07597
-0.00548,0.05071,-0.05086,0.01031,-0.07121,-0.09190,-0.05313,-0.07648
-0.00546,0.05083,-0.05102,0.01028,-0.07173,-0.09249,-0.05355,-0.07698
-0.00544,0.05090,-0.05111,0.01026,-0.07226,-0.09306,-0.05400,-0.07750
-0.00543,0.05093,-0.05114,0.01024,-0.07278,-0.09361,-0.05448,-0.07801
-0.00541,0.05086,-0.05105,0.01023,-0.07331,-0.09413,-0.05501,-0.07852
-0.00540,0.05079,-0.05097,0.01022,-0.07383,-0.09465,-0.05555,-0.07904
-0.00538,0.05071,-0.05088,0.01021,-0.07436,-0.09517,-0.05608,-0.07956
-0.00536,0.05064,-0.05079,0.01019,-0.07489,-0.09569,-0.05661,-0.08008
-0.00535,0.05057,-0.05071,0.01018,-0.07542,-0.09621,-0.05715,-0.08060
-0.00533,0.05050,-0.05062,0.01017,-0.07595,-0.09673,-0.05769,-0.08112
-0.00532,0.05043,-0.05053,0.01015,-0.07648,-0.09726,-0.05822,-0.08164
-0.00530,0.05035,-0.05045,0.01014,-0.07702,-0.09778,-0.05876,-0.08217
-0.00529,0.05028,-0.05036,0.01013,-0.07755,-0.09831,-0.05930,-0.08269
-0.00527,0.05021,-0.05027,0.01012,-0.07809,-0.09884,-0.05985,-0.08322
-0.00525,0.05013,-0.05019,0.01010,-0.07862,-0.09937,-0.06039,-0.08374
-0.00524,0.05006,-0.05010,0.01009,-0.07916,-0.09990,-0.06093,-0.08427
-0.00522,0.04999,-0.05001,0.01008,-0.07970,-0.10043,-0.06148,-0.08480
-0.00521,0.04991,-0.04992,0.01006,-0.08024,-0.10096,-0.06202,-0.08533
-0.00519,0.04984,-0.04983,0.01005,-0.08078,-0.10149,-0.06257,-0.08586
-0.00517,0.04976,-0.04974,0.01004,-0.08132,-0.10203,-0.06312,-0.08639
-0.00516,0.04969,-0.04965,0.01002,-0.08187,-0.10256,-0.06367,-0.08693
-0.00514,0.04961,-0.04956,0.01001,-0.08241,-0.10310,-0.06422,-0.08746
-0.00512,0.04954,-0.04947,0.00999,-0.08295,-0.10363,-0.06477,-0.08799
-0.00511,0.04946,-0.04938,0.00998,-0.08350,-0.10417,-0.06532,-0.08853
-0.00509,0.04939,-0.04929,0.00997,-0.08405,-0.10471,-0.06588,-0.08907
-0.00507,0.04931,-0.04920,0.00995,-0.08459,-0.10525,-0.06643,-0.08960
-0.00506,0.04924,-0.04911,0.00994,-0.08514,-0.10579,-0.06699,-0.09014
-0.00504,0.04916,-0.04902,0.00993,-0.08569,-0.10633,-0.06754,-0.09068
-0.00502,0.04908,-0.04893,0.00991,-0.08624,-0.10687,-0.06810,-0.09122
-0.00501,0.04901,-0.04884,0.00990,-0.08679,-0.10741,-0.06866,-0.09176
-0.00499,0.04893,-0.04874,0.00988,-0.08735,-0.10795,-0.06922,-0.09230
-0.00497,0.04885,-0.04865,0.00987,-0.08790,-0.10850,-0.06978,-0.09285
-0.00496,0.04878,-0.04856,0.00986,-0.08845,-0.10904,-0.07034,-0.09339
-0.00494,0.04870,-0.04847,0.00984,-0.08901,-0.10959,-0.07090,-0.09393
-0.00492,0.04862,-0.04837,0.00983,-0.08956,-0.11013,-0.07147,-0.09448
-0.00491,0.04854,-0.04828,0.00982,-0.09012,-0.11068,-0.07203,-0.09502
-0.00489,0.04847,-0.04819,0.00980,-0.09068,-0.11123,-0.07260,-0.09557
-0.00487,0.04839,-0.04809,0.00979,-0.09124,-0.11177,-0.07316,-0.09612
-0.00486,0.04831,-0.04800,0.00977,-0.09179,-0.11232,-0.07373,-0.09666
-0.00484,0.04823,-0.04790,0.00976,-0.09235,-0.11287,-0.07430,-0.09721
-0.00482,0.04815,-0.04781,0.00974,-0.09291,-0.11342,-0.07486,-0.09776
-0.00480,0.04807,-0.04771,0.00973,-0.09347,-0.11397,-0.07543,-0.09831
-0.00479,0.04799,-0.04762,0.00972,-0.09404,-0.11452,-0.07600,-0.09886
-0.00477,0.04791,-0.04752,0.00970,-0.09460,-0.11508,-0.07657,-0.09941
-0.00475,0.04783,-0.04743,0.00969,-0.09516,-0.11563,-0.07714,-0.09996
-0.00474,0.04775,-0.04733,0.00967,-0.09572,-0.11618,-0.07772,-0.10051
-0.00472,0.04767,-0.04724,0.00966,-0.09629,-0.11674,-0.07829,-0.10107
-0.00470,0.04759,-0.04714,0.00964,-0.09685,-0.11729,-0.07886,-0.10162
-0.00468,0.04751,-0.04704,0.00963,-0.09742,-0.11784,-0.07944,-0.10217
-0.00467,0.04743,-0.04695,0.00961,-0.09798,-0.11840,-0.08001,-0.10273
-0.00465,0.04735,-0.04685,0.00960,-0.09855,-0.11895,-0.08059,-0.10328
-0.00463,0.04727,-0.04675,0.00959,-0.09912,-0.11951,-0.08116,-0.10384
-0.00461,0.04719,-0.04666,0.00957,-0.09969,-0.12007,-0.08174,-0.10440
-0.00460,0.04711,-0.04656,0.00956,-0.10025,-0.12062,-0.08232,-0.10495
-0.00458,0.04703,-0.04646,0.00954,-0.10082,-0.12118,-0.08290,-0.10551
-0.00456,0.04694,-0.04636,0.00953,-0.10139,-0.12174,-0.08348,-0.10607
-0.00454,0.04686,-0.04626,0.00951,-0.10196,-0.12230,-0.08405,-0.10662
-0.00452,0.04678,-0.04617,0.00950,-0.10253,-0.12286,-0.08463,-0.10718
-0.00451,0.04670,-0.04607,0.00948,-0.10310,-0.12342,-0.08521,-0.10774
-0.00449,0.04662,-0.04597,0.00947,-0.10367,-0.12397,-0.08580,-0.10830
-0.00447,0.04653,-0.04587,0.00945,-0.10425,-0.12453,-0.08638,-0.10886
-0.00445,0.04645,-0.04577,0.00944,-0.10482,-0.12509,-0.08696,-0.10942
-0.00444,0.04637,-0.04567,0.00942,-0.10539,-0.12565,-0.08754,-0.10998
-0.00442,0.04628,-0.04557,0.00941,-0.10596,-0.12622,-0.08813,-0.11054
-0.00440,0.04620,-0.04547,0.00939,-0.10654,-0.12678,-0.08871,-0.11110
-0.00438,0.04612,-0.04537,0.00938,-0.10711,-0.12734,-0.08929,-0.11166
-0.00436,0.04603,-0.04527,0.00936,-0.10768,-0.12790,-0.08988,-0.11222
-0.00435,0.04595,-0.04517,0.00935,-0.10826,-0.12846,-0.09046,-0.11279
-0.00433,0.04586,-0.04507,0.00933,-0.10883,-0.12902,-0.09105,-0.11335
-0.00431,0.04578,-0.04497,0.00932,-0.10941,-0.12958,-0.09163,-0.11391
-0.00429,0.04570,-0.04487,0.00930,-0.10998,-0.13015,-0.09222,-0.11447
-0.00427,0.04561,-0.04476,0.00929,-0.11056,-0.13071,-0.09281,-0.11504
-0.00425,0.04553,-0.04466,0.00927,-0.11113,-0.13127,-0.09339,-0.11560
-0.00424,0.04544,-0.04456,0.00925,-0.11171,-0.13183,-0.09398,-0.11616
-0.00422,0.04536,-0.04446,0.00924,-0.11229,-0.13240,-0.09457,-0.11673
-0.00420,0.04527,-0.04436,0.00922,-0.11286,-0.13296,-0.09515,-0.11729
-0.00418,0.04519,-0.04425,0.00921,-0.11344,-0.13352,-0.09574,-0.11785
-0.00416,0.04510,-0.04415,0.00919,-0.11402,-0.13409,-0.09633,-0.11842
-0.00414,0.04501,-0.04405,0.00918,-0.11459,-0.13465,-0.09692,-0.11898
-0.00413,0.04493,-0.04395,0.00916,-0.11517,-0.13521,-0.09751,-0.11955
-0.00411,0.04484,-0.04384,0.00915,-0.11575,-0.13578,-0.09810,-0.12011
-0.00409,0.04476,-0.04374,0.00913,-0.11633,-0.13634,-0.09869,-0.12067
-0.00407,0.04467,-0.04364,0.00912,-0.11690,-0.13690,-0.09928,-0.12124
-0.00405,0.04458,-0.04353,0.00910,-0.11748,-0.13747,-0.09987,-0.12180
-0.00403,0.04450,-0.04343,0.00908,-0.11806,-0.13803,-0.10046,-0.12237
-0.00401,0.04441,-0.04332,0.00907,-0.11864,-0.13859,-0.10105,-0.12293
-0.00400,0.04432,-0.04322,0.00905,-0.11922,-0.13916,-0.10164,-0.12350
-0.00398,0.04424,-0.04312,0.00904,-0.11979,-0.13972,-0.10223,-0.12406
-0.00396,0.04415,-0.04301,0.00902,-0.12037,-0.14028,-0.10282,-0.12463
-0.00394,0.04406,-0.04291,0.00900,-0.12095,-0.14084,-0.10341,-0.12519
-0.00392,0.04397,-0.04280,0.00899,-0.12153,-0.14141,-0.10400,-0.12575
-0.00390,0.04389,-0.04270,0.00897,-0.12211,-0.14197,-0.10459,-0.12632
-0.00388,0.04380,-0.04259,0.00896,-0.12268,-0.14253,-0.10518,-0.12688
-0.00386,0.04371,-0.04249,0.00894,-0.12326,-0.14310,-0.10578,-0.12745
-0.00385,0.04362,-0.04238,0.00893,-0.12384,-0.14366,-0.10637,-0.12801
-0.00383,0.04353,-0.04227,0.00891,-0.12442,-0.14422,-0.10696,-0.12858
-0.00381,0.04345,-0.04217,0.00889,-0.12499,-0.14478,-0.10755,-0.12914
-0.00379,0.04336,-0.04206,0.00888,-0.12557,-0.14534,-0.10814,-0.12970
-0.00377,0.04327,-0.04196,0.00886,-0.12615,-0.14590,-0.10873,-0.13027
-0.00375,0.04318,-0.04185,0.00885,-0.12673,-0.14647,-0.10932,-0.13083
-0.00373,0.04309,-0.04174,0.00883,-0.12730,-0.14703,-0.10992,-0.13139
-0.00371,0.04300,-0.04164,0.00881,-0.12788,-0.14759,-0.11051,-0.13196
-0.00369,0.04291,-0.04153,0.00880,-0.12846,-0.14815,-0.11110,-0.13252
-0.00367,0.04282,-0.04142,0.00878,-0.12904,-0.14871,-0.11169,-0.13308
-0.00366,0.04273,-0.04132,0.00876,-0.12961,-0.14927,-0.11228,-0.13364
-0.00364,0.04265,-0.04121,0.00875,-0.13019,-0.14983,-0.11287,-0.13420
-0.00362,0.04256,-0.04110,0.00873,-0.13076,-0.15038,-0.11346,-0.13477
-0.00360,0.04247,-0.04099,0.00872,-0.13134,-0.15094,-0.11405,-0.13533
-0.00358,0.04238,-0.04088,0.00870,-0.13192,-0.15150,-0.11464,-0.13589
-0.00356,0.04229,-0.04078,0.00868,-0.13249,-0.15206,-0.11523,-0.13645
-0.00354,0.04220,-0.04067,0.00867,-0.13307,-0.15262,-0.11582,-0.13701
-0.00352,0.04211,-0.04056,0.00865,-0.13364,-0.15317,-0.11641,-0.13757
-0.00350,0.04202,-0.04045,0.00863,-0.13421,-0.15373,-0.11700,-0.13813
-0.00348,0.04193,-0.04034,0.00862,-0.13479,-0.15429,-0.11759,-0.13869
-0.00346,0.04184,-0.04024,0.00860,-0.13536,-0.15484,-0.11818,-0.13925
-0.00344,0.04174,-0.04013,0.00859,-0.13594,-0.15540,-0.11877,-0.13981
-0.00343,0.04165,-0.04002,0.00857,-0.13651,-0.15595,-0.11936,-0.14036
-0.00341,0.04156,-0.03991,0.00855,-0.13708,-0.15650,-0.11995,-0.14092
-0.00339,0.04147,-0.03980,0.00854,-0.13765,-0.15706,-0.12054,-0.14148
-0.00337,0.04138,-0.03969,0.00852,-0.13823,-0.15761,-0.12113,-0.14203
-0.00335,0.04129,-0.03958,0.00850,-0.13880,-0.15816,-0.12172,-0.14259
-0.00333,0.04120,-0.03947,0.00849,-0.13937,-0.15871,-0.12230,-0.14315
-0.00331,0.04111,-0.03936,0.00847,-0.13994,-0.15927,-0.12289,-0.14370
-0.00329,0.04102,-0.03925,0.00845,-0.14051,-0.15982,-0.12348,-0.14426
-0.00327,0.04092,-0.03914,0.00844,-0.14108,-0.16037,-0.12406,-0.14481
-0.00325,0.04083,-0.03903,0.00842,-0.14165,-0.16091,-0.12465,-0.14536
-0.00323,0.04074,-0.03892,0.00840,-0.14221,-0.16146,-0.12524,-0.14592
-0.00321,0.04065,-0.03881,0.00839,-0.14278,-0.16201,-0.12582,-0.14647
-0.00319,0.04056,-0.03870,0.00837,-0.14335,-0.16256,-0.12641,-0.14702
-0.00317,0.04047,-0.03859,0.00835,-0.14392,-0.16311,-0.12699,-0.14757
-0.00315,0.04037,-0.03848,0.00834,-0.14448,-0.16365,-0.12758,-0.14812
-0.00313,0.04028,-0.03837,0.00832,-0.14505,-0.16420,-0.12816,-0.14867
-0.00311,0.04019,-0.03826,0.00830,-0.14561,-0.16474,-0.12874,-0.14922
-0.00309,0.04010,-0.03815,0.00829,-0.14618,-0.16528,-0.12932,-0.14977
-0.00307,0.04000,-0.03804,0.00827,-0.14674,-0.16583,-0.12991,-0.15032
-0.00306,0.03991,-0.03793,0.00825,-0.14730,-0.16637,-0.13049,-0.15087
-0.00304,0.03982,-0.03782,0.00824,-0.14787,-0.16691,-0.13107,-0.15141
-0.00302,0.03973,-0.03770,0.00822,-0.14843,-0.16745,-0.13165,-0.15196
-0.00300,0.03963,-0.03759,0.00820,-0.14899,-0.16799,-0.13223,-0.15250
-0.00298,0.03954,-0.03748,0.00819,-0.14955,-0.16853,-0.13281,-0.15305
-0.00296,0.03945,-0.03737,0.00817,-0.15011,-0.16907,-0.13339,-0.15359
-0.00294,0.03936,-0.03726,0.00815,-0.15067,-0.16960,-0.13397,-0.15413
-0.00292,0.03926,-0.03715,0.00814,-0.15123,-0.17014,-0.13455,-0.15468
-0.00290,0.03917,-0.03704,0.00812,-0.15179,-0.17068,-0.13512,-0.15522
-0.00288,0.03908,-0.03692,0.00810,-0.15234,-0.17121,-0.13570,-0.15576
-0.00286,0.03898,-0.03681,0.00808,-0.15290,-0.17174,-0.13628,-0.15630
-0.00284,0.03889,-0.03670,0.00807,-0.15345,-0.17228,-0.13685,-0.15684
-0.00282,0.03880,-0.03659,0.00805,-0.15401,-0.17281,-0.13743,-0.15738
-0.00280,0.03870,-0.03648,0.00803,-0.15456,-0.17334,-0.13800,-0.15791
-0.00278,0.03861,-0.03636,0.00802,-0.15511,-0.17387,-0.13857,-0.15845
-0.00276,0.03852,-0.03625,0.00800,-0.15567,-0.17440,-0.13915,-0.15898
-0.00274,0.03842,-0.03614,0.00798,-0.15622,-0.17492,-0.13972,-0.15952
-0.00272,0.03833,-0.03603,0.00797,-0.15677,-0.17545,-0.14029,-0.16005
-0.00270,0.03824,-0.03591,0.00795,-0.15732,-0.17598,-0.14086,-0.16058
-0.00268,0.03814,-0.03580,0.00793,-0.15787,-0.17650,-0.14143,-0.16112
-0.00266,0.03805,-0.03569,0.00791,-0.15841,-0.17703,-0.14200,-0.16165
-0.00264,0.03795,-0.03558,0.00790,-0.15896,-0.17755,-0.14257,-0.16218
-0.00262,0.03786,-0.03546,0.00788,-0.15951,-0.17807,-0.14314,-0.16271
-0.00260,0.03777,-0.03535,0.00786,-0.16005,-0.17859,-0.14370,-0.16323
-0.00258,0.03767,-0.03524,0.00785,-0.16060,-0.17911,-0.14427,-0.16376
-0.00256,0.03758,-0.03512,0.00783,-0.16114,-0.17963,-0.14483,-0.16429
-0.00254,0.03748,-0.03501,0.00781,-0.16168,-0.18014,-0.14540,-0.16481
-0.00252,0.03739,-0.03490,0.00780,-0.16222,-0.18066,-0.14596,-0.16534
-0.00250,0.03730,-0.03479,0.00778,-0.16276,-0.18117,-0.14652,-0.16586
-0.00248,0.03720,-0.03467,0.00776,-0.16330,-0.18169,-0.14708,-0.16638
-0.00246,0.03711,-0.03456,0.00774,-0.16384,-0.18220,-0.14765,-0.16690
-0.00244,0.03701,-0.03445,0.00773,-0.16438,-0.18271,-0.14821,-0.16742
-0.00242,0.03692,-0.03433,0.00771,-0.16491,-0.18322,-0.14877,-0.16794
-0.00241,0.03683,-0.03422,0.00769,-0.16545,-0.18373,-0.14932,-0.16846
-0.00239,0.03673,-0.03411,0.00768,-0.16598,-0.18424,-0.14988,-0.16897
-0.00237,0.03664,-0.03399,0.00766,-0.16651,-0.18474,-0.15044,-0.16949
-0.00235,0.03654,-0.03388,0.00764,-0.16704,-0.18525,-0.15099,-0.17000
-0.00233,0.03645,-0.03377,0.00762,-0.16758,-0.18575,-0.15155,-0.17051
-0.00231,0.03635,-0.03365,0.00761,-0.16810,-0.18626,-0.15210,-0.17103
-0.00229,0.03626,-0.03354,0.00759,-0.16863,-0.18676,-0.15265,-0.17154
-0.00227,0.03616,-0.03343,0.00757,-0.16916,-0.18726,-0.15320,-0.17205
-0.00225,0.03607,-0.03331,0.00756,-0.16969,-0.18776,-0.15375,-0.17255
-0.00223,0.03598,-0.03320,0.00754,-0.17021,-0.18825,-0.15430,-0.17306
-0.00221,0.03588,-0.03309,0.00752,-0.17073,-0.18875,-0.15485,-0.17357
-0.00219,0.03579,-0.03297,0.00750,-0.17126,-0.18924,-0.15540,-0.17407
-0.00217,0.03569,-0.03286,0.00749,-0.17178,-0.18974,-0.15595,-0.17458
-0.00215,0.03560,-0.03274,0.00747,-0.17230,-0.19023,-0.15649,-0.17508
-0.00213,0.03550,-0.03263,0.00745,-0.17282,-0.19072,-0.15704,-0.17558
-0.00211,0.03541,-0.03252,0.00743,-0.17334,-0.19121,-0.15758,-0.17608
-0.00209,0.03531,-0.03240,0.00742,-0.17385,-0.19170,-0.15812,-0.17658
-0.00207,0.03522,-0.03229,0.00740,-0.17437,-0.19218,-0.15866,-0.17707
-0.00205,0.03512,-0.03218,0.00738,-0.17488,-0.19267,-0.15920,-0.17757
-0.00203,0.03503,-0.03206,0.00737,-0.17539,-0.19315,-0.15974,-0.17806
-0.00201,0.03494,-0.03195,0.00735,-0.17591,-0.19364,-0.16028,-0.17856
-0.00199,0.03484,-0.03183,0.00733,-0.17642,-0.19412,-0.16082,-0.17905
-0.00197,0.03475,-0.03172,0.00731,-0.17692,-0.19460,-0.16135,-0.17954
-0.00195,0.03465,-0.03161,0.00730,-0.17743,-0.19507,-0.16189,-0.18003
-0.00193,0.03456,-0.03149,0.00728,-0.17794,-0.19555,-0.16242,-0.18052
-0.00191,0.03446,-0.03138,0.00726,-0.17844,-0.19603,-0.16295,-0.18100
-0.00189,0.03437,-0.03127,0.00725,-0.17895,-0.19650,-0.16348,-0.18149
-0.00187,0.03427,-0.03115,0.00723,-0.17945,-0.19697,-0.16401,-0.18197
-0.00185,0.03418,-0.03104,0.00721,-0.17995,-0.19744,-0.16454,-0.18245
-0.00183,0.03408,-0.03093,0.00719,-0.18045,-0.19791,-0.16507,-0.18293
-0.00181,0.03399,-0.03081,0.00718,-0.18095,-0.19838,-0.16559,-0.18341
-0.00179,0.03390,-0.03070,0.00716,-0.18145,-0.19884,-0.16612,-0.18389
-0.00177,0.03380,-0.03058,0.00714,-0.18194,-0.19931,-0.16664,-0.18437
-0.00175,0.03371,-0.03047,0.00713,-0.18244,-0.19977,-0.16717,-0.18484
-0.00173,0.03361,-0.03036,0.00711,-0.18293,-0.20023,-0.16769,-0.18532
-0.00172,0.03352,-0.03024,0.00709,-0.18342,-0.20069,-0.16821,-0.18579
-0.00170,0.03342,-0.03013,0.00707,-0.18391,-0.20115,-0.16873,-0.18626
-0.00168,0.03333,-0.03002,0.00706,-0.18440,-0.20161,-0.16924,-0.18673
-0.00166,0.03324,-0.02990,0.00704,-0.18488,-0.20206,-0.16976,-0.18720
-0.00164,0.03314,-0.02979,0.00702,-0.18537,-0.20251,-0.17027,-0.18767
-0.00162,0.03305,-0.02968,0.00701,-0.18585,-0.20297,-0.17079,-0.18813
-0.00160,0.03295,-0.02956,0.00699,-0.18634,-0.20342,-0.17130,-0.18859
-0.00158,0.03286,-0.02945,0.00697,-0.18682,-0.20386,-0.17181,-0.18906
-0.00156,0.03276,-0.02934,0.00695,-0.18730,-0.20431,-0.17232,-0.18952
-0.00154,0.03267,-0.02922,0.00694,-0.18778,-0.20476,-0.17283,-0.18997
-0.00152,0.03258,-0.02911,0.00692,-0.18825,-0.20520,-0.17333,-0.19043
-0.00150,0.03248,-0.02900,0.00690,-0.18873,-0.20564,-0.17384,-0.19089
-0.00148,0.03239,-0.02888,0.00689,-0.18920,-0.20608,-0.17434,-0.19134
-0.00146,0.03229,-0.02877,0.00687,-0.18967,-0.20652,-0.17485,-0.19180
-0.00144,0.03220,-0.02866,0.00685,-0.19014,-0.20696,-0.17535,-0.19225
-0.00142,0.03211,-0.02855,0.00683,-0.19061,-0.20739,-0.17585,-0.19270
-0.00140,0.03201,-0.02843,0.00682,-0.19108,-0.20783,-0.17635,-0.19314
-0.00138,0.03192,-0.02832,0.00680,-0.19155,-0.20826,-0.17684,-0.19359
-0.00136,0.03182,-0.02821,0.00678,-0.19201,-0.20869,-0.17734,-0.19404
-0.00134,0.03173,-0.02809,0.00677,-0.19247,-0.20911,-0.17783,-0.19448
-0.00133,0.03164,-0.02798,0.00675,-0.19294,-0.20954,-0.17833,-0.19492
-0.00131,0.03154,-0.02787,0.00673,-0.19340,-0.20997,-0.17882,-0.19536
-0.00129,0.03145,-0.02776,0.00671,-0.19385,-0.21039,-0.17931,-0.19580
-0.00127,0.03136,-0.02764,0.00670,-0.19431,-0.21081,-0.17980,-0.19624
-0.00125,0.03126,-0.02753,0.00668,-0.19476,-0.21123,-0.18028,-0.19667
-0.00123,0.03117,-0.02742,0.00666,-0.19522,-0.21165,-0.18077,-0.19710
-0.00121,0.03108,-0.02731,0.00665,-0.19567,-0.21206,-0.18125,-0.19754
-0.00119,0.03098,-0.02719,0.00663,-0.19612,-0.21248,-0.18174,-0.19797
-0.00117,0.03089,-0.02708,0.00661,-0.19657,-0.21289,-0.18222,-0.19840
-0.00115,0.03080,-0.02697,0.00660,-0.19702,-0.21330,-0.18270,-0.19882
-0.00113,0.03070,-0.02686,0.00658,-0.19746,-0.21371,-0.18318,-0.19925
-0.00111,0.03061,-0.02675,0.00656,-0.19790,-0.21412,-0.18365,-0.19967
-0.00110,0.03052,-0.02664,0.00654,-0.19835,-0.21452,-0.18413,-0.20009
-0.00108,0.03043,-0.02652,0.00653,-0.19879,-0.21493,-0.18460,-0.20051
-0.00106,0.03033,-0.02641,0.00651,-0.19923,-0.21533,-0.18507,-0.20093
-0.00104,0.03024,-0.02630,0.00649,-0.19966,-0.21573,-0.18555,-0.20135
-0.00102,0.03015,-0.02619,0.00648,-0.20010,-0.21613,-0.18601,-0.20176
-0.00100,0.03005,-0.02608,0.00646,-0.20053,-0.21652,-0.18648,-0.20218
-0.00098,0.02996,-0.02597,0.00644,-0.20096,-0.21692,-0.18695,-0.20259
-0.00096,0.02987,-0.02586,0.00643,-0.20139,-0.21731,-0.18741,-0.20300
-0.00094,0.02978,-0.02574,0.00641,-0.20182,-0.21770,-0.18788,-0.20341
-0.00092,0.02969,-0.02563,0.00639,-0.20225,-0.21809,-0.18834,-0.20381
-0.00091,0.02959,-0.02552,0.00638,-0.20267,-0.21847,-0.18880,-0.20422
-0.00089,0.02950,-0.02541,0.00636,-0.20310,-0.21886,-0.18926,-0.20462
-0.00087,0.02941,-0.02530,0.00634,-0.20352,-0.21924,-0.18971,-0.20502
-0.00085,0.02932,-0.02519,0.00633,-0.20394,-0.21962,-0.19017,-0.20542
-0.00083,0.02923,-0.02508,0.00631,-0.20436,-0.22000,-0.19062,-0.20582
-0.00081,0.02913,-0.02497,0.00629,-0.20477,-0.22038,-0.19107,-0.20622
-0.00079,0.02904,-0.02486,0.00627,-0.20519,-0.22076,-0.19152,-0.20661
-0.00077,0.02895,-0.02475,0.00626,-0.20560,-0.22113,-0.19197,-0.20700
-0.00075,0.02886,-0.02464,0.00624,-0.20601,-0.22150,-0.19242,-0.20740
-0.00074,0.02877,-0.02453,0.00622,-0.20642,-0.22187,-0.19287,-0.20778
-0.00072,0.02868,-0.02442,0.00621,-0.20683,-0.22224,-0.19331,-0.20817
-0.00070,0.02859,-0.02431,0.00619,-0.20724,-0.22261,-0.19375,-0.20856
-0.00068,0.02850,-0.02420,0.00617,-0.20764,-0.22297,-0.19419,-0.20894
-0.00066,0.02840,-0.02409,0.00616,-0.20804,-0.22334,-0.19463,-0.20932
-0.00064,0.02831,-0.02398,0.00614,-0.20845,-0.22370,-0.19507,-0.20970
-0.00062,0.02822,-0.02387,0.00613,-0.20884,-0.22406,-0.19551,-0.21008
-0.00061,0.02813,-0.02376,0.00611,-0.20924,-0.22441,-0.19594,-0.21046
-0.00059,0.02804,-0.02365,0.00609,-0.20964,-0.22477,-0.19637,-0.21083
-0.00057,0.02795,-0.02355,0.00608,-0.21003,-0.22512,-0.19681,-0.21121
-0.00055,0.02786,-0.02344,0.00606,-0.21042,-0.22547,-0.19723,-0.21158
-0.00053,0.02777,-0.02333,0.00604,-0.21081,-0.22582,-0.19766,-0.21195
-0.00051,0.02768,-0.02322,0.00603,-0.21120,-0.22617,-0.19809,-0.21232
-0.00050,0.02759,-0.02311,0.00601,-0.21159,-0.22651,-0.19851,-0.21268
-0.00048,0.02750,-0.02300,0.00599,-0.21197,-0.22686,-0.19894,-0.21305
-0.00046,0.02741,-0.02290,0.00598,-0.21236,-0.22720,-0.19936,-0.21341
-0.00044,0.02732,-0.02279,0.00596,-0.21274,-0.22754,-0.19978,-0.21377
-0.00042,0.02723,-0.02268,0.00594,-0.21312,-0.22788,-0.20019,-0.21413
-0.00040,0.02714,-0.02257,0.00593,-0.21350,-0.22821,-0.20061,-0.21449
-0.00039,0.02706,-0.02247,0.00591,-0.21387,-0.22855,-0.20102,-0.21484
-0.00037,0.02697,-0.02236,0.00590,-0.21425,-0.22888,-0.20144,-0.21519
-0.00035,0.02688,-0.02225,0.00588,-0.21462,-0.22921,-0.20185,-0.21555
-0.00033,0.02679,-0.02214,0.00586,-0.21499,-0.22954,-0.20226,-0.21590
-0.00031,0.02670,-0.02204,0.00585,-0.21536,-0.22986,-0.20267,-0.21624
-0.00030,0.02661,-0.02193,0.00583,-0.21573,-0.23019,-0.20307,-0.21659
-0.00028,0.02652,-0.02182,0.00581,-0.21609,-0.23051,-0.20348,-0.21693
-0.00026,0.02644,-0.02172,0.00580,-0.21645,-0.23083,-0.20388,-0.21728
-0.00024,0.02635,-0.02161,0.00578,-0.21682,-0.23115,-0.20428,-0.21762
-0.00022,0.02626,-0.02151,0.00577,-0.21718,-0.23146,-0.20468,-0.21796
-0.00021,0.02617,-0.02140,0.00575,-0.21753,-0.23178,-0.20508,-0.21829
-0.00019,0.02608,-0.02129,0.00573,-0.21789,-0.23209,-0.20547,-0.21863
-0.00017,0.02600,-0.02119,0.00572,-0.21824,-0.23240,-0.20587,-0.21896
-0.00015,0.02591,-0.02108,0.00570,-0.21860,-0.23271,-0.20626,-0.21929
-0.00014,0.02582,-0.02098,0.00569,-0.21895,-0.23302,-0.20665,-0.21962
-0.00012,0.02573,-0.02087,0.00567,-0.21930,-0.23332,-0.20704,-0.21995
-0.00010,0.02565,-0.02077,0.00565,-0.21964,-0.23363,-0.20743,-0.22028
-0.00008,0.02556,-0.02066,0.00564,-0.21999,-0.23393,-0.20781,-0.22060
-0.00007,0.02547,-0.02056,0.00562,-0.22033,-0.23423,-0.20820,-0.22092
-0.00005,0.02539,-0.02046,0.00561,-0.22067,-0.23452,-0.20858,-0.22124
-0.00003,0.02530,-0.02035,0.00559,-0.22101,-0.23482,-0.20896,-0.22156
-0.00001,0.02522,-0.02025,0.00558,-0.22135,-0.23511,-0.20934,-0.22188
0.00000,0.02513,-0.02014,0.00556,-0.22169,-0.23541,-0.20971,-0.22220
0.00002,0.02504,-0.02004,0.00554,-0.22202,-0.23570,-0.21009,-0.22251
0.00004,0.02496,-0.01994,0.00553,-0.22235,-0.23598,-0.21046,-0.22282
0.00006,0.02487,-0.01983,0.00551,-0.22269,-0.23627,-0.21083,-0.22313
0.00007,0.02479,-0.01973,0.00550,-0.22301,-0.23655,-0.21120,-0.22344
0.00009,0.02470,-0.01963,0.00548,-0.22334,-0.23683,-0.21157,-0.22374
0.00011,0.02462,-0.01953,0.00547,-0.22367,-0.23711,-0.21194,-0.22405
0.00013,0.02453,-0.01942,0.00545,-0.22399,-0.23739,-0.21230,-0.22435
0.00014,0.02445,-0.01932,0.00543,-0.22431,-0.23767,-0.21267,-0.22465
0.00016,0.02436,-0.01922,0.00542,-0.22463,-0.23794,-0.21303,-0.22495
0.00018,0.02428,-0.01912,0.00540,-0.22495,-0.23822,-0.21339,-0.22525
0.00019,0.02419,-0.01902,0.00539,-0.22527,-0.23849,-0.21375,-0.22554
0.00021,0.02411,-0.01892,0.00537,-0.22558,-0.23876,-0.21410,-0.22584
0.00023,0.02403,-0.01881,0.00536,-0.22589,-0.23902,-0.21446,-0.22613
0.00024,0.02394,-0.01871,0.00534,-0.22620,-0.23929,-0.21481,-0.22642
0.00026,0.02386,-0.01861,0.00533,-0.22651,-0.23955,-0.21516,-0.22671
0.00028,0.02378,-0.01851,0.00531,-0.22682,-0.23981,-0.21551,-0.22699
0.00029,0.02369,-0.01841,0.00530,-0.22713,-0.24007,-0.21586,-0.22728
0.00031,0.02361,-0.01831,0.00528,-0.22743,-0.24033,-0.21620,-0.22756
0.00033,0.02353,-0.01821,0.00527,-0.22773,-0.24058,-0.21655,-0.22784
0.00034,0.02344,-0.01811,0.00525,-0.22803,-0.24084,-0.21689,-0.22812
0.00036,0.02336,-0.01801,0.00524,-0.22833,-0.24109,-0.21723,-0.22840
0.00038,0.02328,-0.01791,0.00522,-0.22863,-0.24134,-0.21757,-0.22867
0.00039,0.02320,-0.01782,0.00521,-0.22892,-0.24159,-0.21791,-0.22895
0.00041,0.02312,-0.01772,0.00519,-0.22921,-0.24183,-0.21824,-0.22922
0.00043,0.02303,-0.01762,0.00518,-0.22951,-0.24208,-0.21858,-0.22949
0.00044,0.02295,-0.01752,0.00516,-0.22979,-0.24232,-0.21891,-0.22976
0.00046,0.02287,-0.01742,0.00515,-0.23008,-0.24256,-0.21924,-0.23002
0.00048,0.02279,-0.01732,0.00513,-0.23037,-0.24280,-0.21957,-0.23029
0.00049,0.02271,-0.01723,0.00512,-0.23065,-0.24304,-0.21990,-0.23055
0.00051,0.02263,-0.01713,0.00510,-0.23093,-0.24327,-0.22022,-0.23081
0.00052,0.02255,-0.01703,0.00509,-0.23121,-0.24351,-0.22055,-0.23107
0.00054,0.02247,-0.01694,0.00507,-0.23149,-0.24374,-0.22087,-0.23133
0.00056,0.02239,-0.01684,0.00506,-0.23177,-0.24397,-0.22119,-0.23159
0.00057,0.02231,-0.01674,0.00504,-0.23205,-0.24419,-0.22151,-0.23184
0.00059,0.02223,-0.01665,0.00503,-0.23232,-0.24442,-0.22182,-0.23209
0.00060,0.02215,-0.01655,0.00501,-0.23259,-0.24465,-0.22214,-0.23234
0.00062,0.02207,-0.01645,0.00500,-0.23286,-0.24487,-0.22245,-0.23259
0.00064,0.02199,-0.01636,0.00498,-0.23313,-0.24509,-0.22276,-0.23284
0.00065,0.02191,-0.01626,0.00497,-0.23340,-0.24531,-0.22307,-0.23309
0.00067,0.02183,-0.01617,0.00496,-0.23366,-0.24552,-0.22338,-0.23333
0.00068,0.02175,-0.01607,0.00494,-0.23392,-0.24574,-0.22369,-0.23357
0.00070,0.02168,-0.01598,0.00493,-0.23418,-0.24595,-0.22399,-0.23381
0.00072,0.02160,-0.01589,0.00491,-0.23444,-0.24617,-0.22430,-0.23405
0.00073,0.02152,-0.01579,0.00490,-0.23470,-0.24638,-0.22460,-0.23429
0.00075,0.02144,-0.01570,0.00488,-0.23496,-0.24658,-0.22490,-0.23452
0.00076,0.02136,-0.01560,0.00487,-0.23521,-0.24679,-0.22519,-0.23476
0.00078,0.02129,-0.01551,0.00486,-0.23546,-0.24699,-0.22549,-0.23499
0.00079,0.02121,-0.01542,0.00484,-0.23572,-0.24720,-0.22579,-0.23522
0.00081,0.02113,-0.01533,0.00483,-0.23596,-0.24740,-0.22608,-0.23545
0.00082,0.02106,-0.01523,0.00481,-0.23621,-0.24760,-0.22637,-0.23568
0.00084,0.02098,-0.01514,0.00480,-0.23646,-0.24780,-0.22666,-0.23590
0.00085,0.02090,-0.01505,0.00479,-0.23670,-0.24799,-0.22695,-0.23612
0.00087,0.02083,-0.01496,0.00477,-0.23694,-0.24819,-0.22723,-0.23635
0.00088,0.02075,-0.01487,0.00476,-0.23719,-0.24838,-0.22752,-0.23657
0.00090,0.02068,-0.01477,0.00474,-0.23742,-0.24857,-0.22780,-0.23679
0.00091,0.02060,-0.01468,0.00473,-0.23766,-0.24876,-0.22808,-0.23700
0.00093,0.02053,-0.01459,0.00472,-0.23790,-0.24895,-0.22836,-0.23722
0.00094,0.02045,-0.01450,0.00470,-0.23813,-0.24913,-0.22864,-0.23743
0.00096,0.02038,-0.01441,0.00469,-0.23836,-0.24932,-0.22892,-0.23764
0.00097,0.02030,-0.01432,0.00468,-0.23860,-0.24950,-0.22919,-0.23785
0.00099,0.02023,-0.01423,0.00466,-0.23882,-0.24968,-0.22947,-0.23806
0.00100,0.02016,-0.01414,0.00465,-0.23905,-0.24986,-0.22974,-0.23827
0.00102,0.02008,-0.01406,0.00463,-0.23928,-0.25004,-0.23001,-0.23848
0.00103,0.02001,-0.01397,0.00462,-0.23950,-0.25022,-0.23028,-0.23868
0.00105,0.01994,-0.01388,0.00461,-0.23972,-0.25039,-0.23054,-0.23888
0.00106,0.01986,-0.01379,0.00459,-0.23995,-0.25056,-0.23081,-0.23908
0.00108,0.01979,-0.01370,0.00458,-0.24016,-0.25073,-0.23107,-0.23928
0.00109,0.01972,-0.01362,0.00457,-0.24038,-0.25090,-0.23133,-0.23948
0.00110,0.01965,-0.01353,0.00455,-0.24060,-0.25107,-0.23159,-0.23968
0.00112,0.01957,-0.01344,0.00454,-0.24081,-0.25124,-0.23185,-0.23987
0.00113,0.01950,-0.01335,0.00453,-0.24103,-0.25140,-0.23211,-0.24007
0.00115,0.01943,-0.01327,0.00451,-0.24124,-0.25157,-0.23236,-0.24026
0.00116,0.01936,-0.01318,0.00450,-0.24145,-0.25173,-0.23262,-0.24045
0.00118,0.01929,-0.01310,0.00449,-0.24166,-0.25189,-0.23287,-0.24063
0.00119,0.01922,-0.01301,0.00448,-0.24186,-0.25205,-0.23312,-0.24082
0.00120,0.01915,-0.01293,0.00446,-0.24207,-0.25220,-0.23337,-0.24101
0.00122,0.01908,-0.01284,0.00445,-0.24227,-0.25236,-0.23361,-0.24119
0.00123,0.01901,-0.01276,0.00444,-0.24247,-0.25251,-0.23386,-0.24137
0.00125,0.01894,-0.01267,0.00442,-0.24267,-0.25267,-0.23410,-0.24155
0.00126,0.01887,-0.01259,0.00441,-0.24287,-0.25282,-0.23435,-0.24173
0.00127,0.01880,-0.01250,0.00440,-0.24307,-0.25297,-0.23459,-0.24191
0.00129,0.01873,-0.01242,0.00439,-0.24326,-0.25311,-0.23483,-0.24209
0.00130,0.01866,-0.01234,0.00437,-0.24346,-0.25326,-0.23507,-0.24226
0.00131,0.01859,-0.01226,0.00436,-0.24365,-0.25341,-0.23530,-0.24243
0.00133,0.01852,-0.01217,0.00435,-0.24384,-0.25355,-0.23554,-0.24261
0.00134,0.01845,-0.01209,0.00434,-0.24403,-0.25369,-0.23577,-0.24278
0.00135,0.01839,-0.01201,0.00432,-0.24422,-0.25383,-0.23600,-0.24295
0.00137,0.01832,-0.01193,0.00431,-0.24441,-0.25397,-0.23623,-0.24311
0.00138,0.01825,-0.01185,0.00430,-0.24459,-0.25411,-0.23646,-0.24328
0.00139,0.01818,-0.01176,0.00429,-0.24478,-0.25424,-0.23669,-0.24344
0.00141,0.01812,-0.01168,0.00427,-0.24496,-0.25438,-0.23691,-0.24361
0.00142,0.01805,-0.01160,0.00426,-0.24514,-0.25451,-0.23714,-0.24377
0.00143,0.01799,-0.01152,0.00425,-0.24532,-0.25464,-0.23736,-0.24393
0.00145,0.01792,-0.01144,0.00424,-0.24550,-0.25478,-0.23758,-0.24409
0.00146,0.01785,-0.01136,0.00423,-0.24567,-0.25490,-0.23780,-0.24425
0.00147,0.01779,-0.01129,0.00421,-0.24585,-0.25503,-0.23802,-0.24440
0.00149,0.01772,-0.01121,0.00420,-0.24602,-0.25516,-0.23823,-0.24456
0.00150,0.01766,-0.01113,0.00419,-0.24619,-0.25528,-0.23845,-0.24471
0.00151,0.01759,-0.01105,0.00418,-0.24636,-0.25541,-0.23866,-0.24486
0.00152,0.01753,-0.01097,0.00417,-0.24653,-0.25553,-0.23887,-0.24501
0.00154,0.01746,-0.01089,0.00415,-0.24670,-0.25565,-0.23908,-0.24516
0.00155,0.01740,-0.01082,0.00414,-0.24687,-0.25577,-0.23929,-0.24531
0.00156,0.01734,-0.01074,0.00413,-0.24703,-0.25589,-0.23950,-0.24546
0.00158,0.01727,-0.01066,0.00412,-0.24720,-0.25601,-0.23971,-0.24560
0.00159,0.01721,-0.01059,0.00411,-0.24736,-0.25612,-0.23991,-0.24574
0.00160,0.01715,-0.01051,0.00410,-0.24752,-0.25624,-0.24012,-0.24589
0.00161,0.01709,-0.01044,0.00408,-0.24768,-0.25635,-0.24032,-0.24603
0.00162,0.01702,-0.01036,0.00407,-0.24784,-0.25646,-0.24052,-0.24617
0.00164,0.01696,-0.01029,0.00406,-0.24799,-0.25657,-0.24072,-0.24631
0.00165,0.01690,-0.01021,0.00405,-0.24815,-0.25668,-0.24091,-0.24644
0.00166,0.01684,-0.01014,0.00404,-0.24830,-0.25679,-0.24111,-0.24658
0.00167,0.01678,-0.01006,0.00403,-0.24845,-0.25690,-0.24130,-0.24671
0.00169,0.01672,-0.00999,0.00402,-0.24861,-0.25700,-0.24150,-0.24685
0.00170,0.01666,-0.00992,0.00401,-0.24876,-0.25710,-0.24169,-0.24698
0.00171,0.01659,-0.00984,0.00399,-0.24890,-0.25721,-0.24188,-0.24711
0.00172,0.01653,-0.00977,0.00398,-0.24905,-0.25731,-0.24207,-0.24724
0.00173,0.01647,-0.00970,0.00397,-0.24920,-0.25741,-0.24226,-0.24737
0.00174,0.01642,-0.00963,0.00396,-0.24934,-0.25751,-0.24244,-0.24750
0.00176,0.01636,-0.00955,0.00395,-0.24949,-0.25761,-0.24263,-0.24762
0.00177,0.01630,-0.00948,0.00394,-0.24963,-0.25771,-0.24281,-0.24775
0.00178,0.01624,-0.00941,0.00393,-0.24977,-0.25780,-0.24299,-0.24787
0.00179,0.01618,-0.00934,0.00392,-0.24991,-0.25790,-0.24317,-0.24799
0.00180,0.01612,-0.00927,0.00391,-0.25005,-0.25799,-0.24335,-0.24811
0.00181,0.01606,-0.00920,0.00390,-0.25018,-0.25808,-0.24353,-0.24823
0.00183,0.01601,-0.00913,0.00389,-0.25032,-0.25817,-0.24371,-0.24835
0.00184,0.01595,-0.00906,0.00388,-0.25045,-0.25826,-0.24388,-0.24847
0.00185,0.01589,-0.00899,0.00386,-0.25059,-0.25835,-0.24406,-0.24858
0.00186,0.01584,-0.00893,0.00385,-0.25072,-0.25844,-0.24423,-0.24870
0.00187,0.01578,-0.00886,0.00384,-0.25085,-0.25853,-0.24440,-0.24881
0.00188,0.01572,-0.00879,0.00383,-0.25098,-0.25861,-0.24457,-0.24893
0.00189,0.01567,-0.00872,0.00382,-0.25111,-0.25870,-0.24474,-0.24904
0.00190,0.01561,-0.00865,0.00381,-0.25124,-0.25878,-0.24490,-0.24915
0.00191,0.01556,-0.00859,0.00380,-0.25136,-0.25886,-0.24507,-0.24926
0.00192,0.01550,-0.00852,0.00379,-0.25149,-0.25895,-0.24524,-0.24937
0.00194,0.01545,-0.00845,0.00378,-0.25161,-0.25903,-0.24540,-0.24947
0.00195,0.01539,-0.00839,0.00377,-0.25173,-0.25911,-0.24556,-0.24958
0.00196,0.01534,-0.00832,0.00376,-0.25186,-0.25918,-0.24572,-0.24968
0.00197,0.01528,-0.00826,0.00375,-0.25198,-0.25926,-0.24588,-0.24979
0.00198,0.01523,-0.00819,0.00374,-0.25210,-0.25934,-0.24604,-0.24989
0.00199,0.01518,-0.00813,0.00373,-0.25221,-0.25941,-0.24620,-0.24999
0.00200,0.01512,-0.00806,0.00372,-0.25233,-0.25949,-0.24635,-0.25009
0.00201,0.01507,-0.00800,0.00371,-0.25245,-0.25956,-0.24651,-0.25019
0.00202,0.01502,-0.00794,0.00370,-0.25256,-0.25963,-0.24666,-0.25029
0.00203,0.01497,-0.00787,0.00369,-0.25267,-0.25970,-0.24681,-0.25039
0.00204,0.01491,-0.00781,0.00368,-0.25279,-0.25978,-0.24696,-0.25049
0.00205,0.01486,-0.00775,0.00368,-0.25290,-0.25984,-0.24711,-0.25058
0.00206,0.01481,-0.00769,0.00367,-0.25301,-0.25991,-0.24726,-0.25068
0.00207,0.01476,-0.00763,0.00366,-0.25312,-0.25998,-0.24741,-0.25077
0.00208,0.01471,-0.00756,0.00365,-0.25322,-0.26005,-0.24755,-0.25086
0.00209,0.01466,-0.00750,0.00364,-0.25333,-0.26011,-0.24770,-0.25095
0.00210,0.01461,-0.00744,0.00363,-0.25344,-0.26018,-0.24784,-0.25104
0.00211,0.01456,-0.00738,0.00362,-0.25354,-0.26024,-0.24798,-0.25113
0.00212,0.01451,-0.00732,0.00361,-0.25365,-0.26031,-0.24812,-0.25122
0.00213,0.01446,-0.00726,0.00360,-0.25375,-0.26037,-0.24826,-0.25131
0.00214,0.01441,-0.00720,0.00359,-0.25385,-0.26043,-0.24840,-0.25140
0.00215,0.01436,-0.00715,0.00358,-0.25395,-0.26049,-0.24854,-0.25148
0.00216,0.01431,-0.00709,0.00357,-0.25405,-0.26055,-0.24867,-0.25157
0.00217,0.01427,-0.00703,0.00357,-0.25415,-0.26061,-0.24881,-0.25165
0.00218,0.01422,-0.00697,0.00356,-0.25425,-0.26067,-0.24894,-0.25173
0.00219,0.01417,-0.00691,0.00355,-0.25434,-0.26072,-0.24907,-0.25181
0.00219,0.01412,-0.00686,0.00354,-0.25444,-0.26078,-0.24921,-0.25190
0.00220,0.01408,-0.00680,0.00353,-0.25453,-0.26084,-0.24934,-0.25198
0.00221,0.01403,-0.00674,0.00352,-0.25463,-0.26089,-0.24947,-0.25205
0.00222,0.01398,-0.00669,0.00351,-0.25472,-0.26094,-0.24959,-0.25213
0.00223,0.01394,-0.00663,0.00351,-0.25481,-0.26100,-0.24972,-0.25221
0.00224,0.01389,-0.00658,0.00350,-0.25490,-0.26105,-0.24985,-0.25229
0.00225,0.01385,-0.00652,0.00349,-0.25499,-0.26110,-0.24997,-0.25236
0.00226,0.01380,-0.00647,0.00348,-0.25508,-0.26115,-0.25009,-0.25244
0.00227,0.01376,-0.00641,0.00347,-0.25517,-0.26120,-0.25022,-0.25251
0.00228,0.01371,-0.00636,0.00346,-0.25526,-0.26125,-0.25034,-0.25258
0.00228,0.01367,-0.00631,0.00346,-0.25534,-0.26130,-0.25046,-0.25266
0.00229,0.01362,-0.00625,0.00345,-0.25543,-0.26135,-0.25058,-0.25273
0.00230,0.01358,-0.00620,0.00344,-0.25551,-0.26140,-0.25070,-0.25280
0.00231,0.01354,-0.00615,0.00343,-0.25560,-0.26144,-0.25081,-0.25287
0.00232,0.01349,-0.00609,0.00342,-0.25568,-0.26149,-0.25093,-0.25294
0.00233,0.01345,-0.00604,0.00342,-0.25576,-0.26153,-0.25104,-0.25300
0.00233,0.01341,-0.00599,0.00341,-0.25584,-0.26158,-0.25116,-0.25307
0.00234,0.01337,-0.00594,0.00340,-0.25592,-0.26162,-0.25127,-0.25314
0.00235,0.01333,-0.00589,0.00339,-0.25600,-0.26166,-0.25138,-0.25320
0.00236,0.01328,-0.00584,0.00338,-0.25608,-0.26171,-0.25149,-0.25327
0.00237,0.01324,-0.00579,0.00338,-0.25615,-0.26175,-0.25160,-0.25333
0.00238,0.01320,-0.00574,0.00337,-0.25623,-0.26179,-0.25171,-0.25340
0.00238,0.01316,-0.00569,0.00336,-0.25631,-0.26183,-0.25182,-0.25346
0.00239,0.01312,-0.00564,0.00335,-0.25638,-0.26187,-0.25192,-0.25352
0.00240,0.01308,-0.00559,0.00335,-0.25645,-0.26191,-0.25203,-0.25358
0.00241,0.01304,-0.00555,0.00334,-0.25653,-0.26195,-0.25213,-0.25364
0.00241,0.01300,-0.00550,0.00333,-0.25660,-0.26198,-0.25224,-0.25370
0.00242,0.01296,-0.00545,0.00333,-0.25667,-0.26202,-0.25234,-0.25376
0.00243,0.01292,-0.00540,0.00332,-0.25674,-0.26206,-0.25244,-0.25382
0.00244,0.01288,-0.00536,0.00331,-0.25681,-0.26209,-0.25254,-0.25388
0.00244,0.01285,-0.00531,0.00330,-0.25688,-0.26213,-0.25264,-0.25393
0.00245,0.01281,-0.00526,0.00330,-0.25695,-0.26216,-0.25274,-0.25399
0.00246,0.01277,-0.00522,0.00329,-0.25702,-0.26220,-0.25284,-0.25404
0.00247,0.01273,-0.00517,0.00328,-0.25708,-0.26223,-0.25293,-0.25410
0.00247,0.01270,-0.00513,0.00328,-0.25715,-0.26227,-0.25303,-0.25415
0.00248,0.01266,-0.00508,0.00327,-0.25721,-0.26230,-0.25312,-0.25421
0.00249,0.01262,-0.00504,0.00326,-0.25728,-0.26233,-0.25322,-0.25426
0.00250,0.01259,-0.00500,0.00326,-0.25734,-0.26236,-0.25331,-0.25431
0.00250,0.01255,-0.00495,0.00325,-0.25740,-0.26239,-0.25340,-0.25436
0.00251,0.01251,-0.00491,0.00324,-0.25747,-0.26242,-0.25349,-0.25441
0.00252,0.01248,-0.00487,0.00324,-0.25753,-0.26245,-0.25358,-0.25446
0.00252,0.01244,-0.00482,0.00323,-0.25759,-0.26248,-0.25367,-0.25451
0.00253,0.01241,-0.00478,0.00322,-0.25765,-0.26251,-0.25376,-0.25456
0.00254,0.01237,-0.00474,0.00322,-0.25771,-0.26254,-0.25385,-0.25461
0.00254,0.01234,-0.00470,0.00321,-0.25776,-0.26257,-0.25393,-0.25466
0.00255,0.01231,-0.00466,0.00320,-0.25782,-0.26260,-0.25402,-0.25470
0.00256,0.01227,-0.00462,0.00320,-0.25788,-0.26262,-0.25410,-0.25475
0.00256,0.01224,-0.00458,0.00319,-0.25794,-0.26265,-0.25418,-0.25479
0.00257,0.01221,-0.00454,0.00319,-0.25799,-0.26268,-0.25427,-0.25484
0.00258,0.01217,-0.00450,0.00318,-0.25805,-0.26270,-0.25435,-0.25488
0.00258,0.01214,-0.00446,0.00317,-0.25810,-0.26273,-0.25443,-0.25493
0.00259,0.01211,-0.00442,0.00317,-0.25815,-0.26275,-0.25451,-0.25497
0.00259,0.01208,-0.00438,0.00316,-0.25821,-0.26278,-0.25459,-0.25501
0.00260,0.01205,-0.00434,0.00316,-0.25826,-0.26280,-0.25467,-0.25505
0.00261,0.01201,-0.00430,0.00315,-0.25831,-0.26282,-0.25474,-0.25510
0.00261,0.01198,-0.00427,0.00314,-0.25836,-0.26285,-0.25482,-0.25514
0.00262,0.01195,-0.00423,0.00314,-0.25841,-0.26287,-0.25490,-0.25518
0.00262,0.01192,-0.00419,0.00313,-0.25846,-0.26289,-0.25497,-0.25522
0.00263,0.01189,-0.00416,0.00313,-0.25851,-0.26291,-0.25504,-0.25526
0.00264,0.01186,-0.00412,0.00312,-0.25856,-0.26293,-0.25512,-0.25529
0.00264,0.01183,-0.00408,0.00312,-0.25861,-0.26296,-0.25519,-0.25533
0.00265,0.01180,-0.00405,0.00311,-0.25865,-0.26298,-0.25526,-0.25537
0.00265,0.01177,-0.00401,0.00311,-0.25870,-0.26300,-0.25533,-0.25541
0.00266,0.01175,-0.00398,0.00310,-0.25875,-0.26302,-0.25540,-0.25544
0.00266,0.01172,-0.00394,0.00310,-0.25879,-0.26304,-0.25547,-0.25548
0.00267,0.01169,-0.00391,0.00309,-0.25884,-0.26306,-0.25554,-0.25552
0.00267,0.01166,-0.00388,0.00309,-0.25888,-0.26307,-0.25561,-0.25555
0.00268,0.01163,-0.00384,0.00308,-0.25893,-0.26309,-0.25567,-0.25559
0.00269,0.01161,-0.00381,0.00307,-0.25897,-0.26311,-0.25574,-0.25562
0.00269,0.01158,-0.00378,0.00307,-0.25901,-0.26313,-0.25580,-0.25565
0.00270,0.01155,-0.00374,0.00306,-0.25905,-0.26315,-0.25587,-0.25569
0.00270,0.01153,-0.00371,0.00306,-0.25909,-0.26316,-0.25593,-0.25572
0.00271,0.01150,-0.00368,0.00306,-0.25913,-0.26318,-0.25599,-0.25575
0.00271,0.01147,-0.00365,0.00305,-0.25917,-0.26320,-0.25605,-0.25578
0.00272,0.01145,-0.00362,0.00305,-0.25921,-0.26321,-0.25612,-0.25581
0.00272,0.01142,-0.00359,0.00304,-0.25925,-0.26323,-0.25618,-0.25585
0.00273,0.01140,-0.00356,0.00304,-0.25929,-0.26324,-0.25624,-0.25588
0.00273,0.01137,-0.00353,0.00303,-0.25933,-0.26326,-0.25629,-0.25591
0.00274,0.01135,-0.00350,0.00303,-0.25937,-0.26327,-0.25635,-0.25594
0.00274,0.01132,-0.00347,0.00302,-0.25940,-0.26329,-0.25641,-0.25596
0.00274,0.01130,-0.00344,0.00302,-0.25944,-0.26330,-0.25647,-0.25599
0.00275,0.01128,-0.00341,0.00301,-0.25948,-0.26332,-0.25652,-0.25602
0.00275,0.01125,-0.00338,0.00301,-0.25951,-0.26333,-0.25658,-0.25605
0.00276,0.01123,-0.00335,0.00301,-0.25955,-0.26334,-0.25663,-0.25608
0.00276,0.01121,-0.00333,0.00300,-0.25958,-0.26336,-0.25669,-0.25610
0.00277,0.01118,-0.00330,0.00300,-0.25962,-0.26337,-0.25674,-0.25613
0.00277,0.01116,-0.00327,0.00299,-0.25965,-0.26338,-0.25679,-0.25616
0.00278,0.01114,-0.00325,0.00299,-0.25968,-0.26340,-0.25684,-0.25618
0.00278,0.01112,-0.00322,0.00298,-0.25971,-0.26341,-0.25689,-0.25621
0.00278,0.01110,-0.00319,0.00298,-0.25975,-0.26342,-0.25694,-0.25623
0.00279,0.01107,-0.00317,0.00298,-0.25978,-0.26343,-0.25699,-0.25626
0.00279,0.01105,-0.00314,0.00297,-0.25981,-0.26344,-0.25704,-0.25628
0.00280,0.01103,-0.00312,0.00297,-0.25984,-0.26345,-0.25709,-0.25630
0.00280,0.01101,-0.00309,0.00297,-0.25987,-0.26347,-0.25714,-0.25633
0.00280,0.01099,-0.00307,0.00296,-0.25990,-0.26348,-0.25719,-0.25635
0.00281,0.01097,-0.00304,0.00296,-0.25993,-0.26349,-0.25723,-0.25637
0.00281,0.01095,-0.00302,0.00295,-0.25996,-0.26350,-0.25728,-0.25639
0.00282,0.01093,-0.00300,0.00295,-0.25999,-0.26351,-0.25732,-0.25642
0.00282,0.01091,-0.00297,0.00295,-0.26001,-0.26352,-0.25737,-0.25644
0.00282,0.01089,-0.00295,0.00294,-0.26004,-0.26353,-0.25741,-0.25646
0.00283,0.01088,-0.00293,0.00294,-0.26007,-0.26354,-0.25745,-0.25648
0.00283,0.01086,-0.00290,0.00294,-0.26010,-0.26355,-0.25750,-0.25650
0.00283,0.01084,-0.00288,0.00293,-0.26012,-0.26355,-0.25754,-0.25652
0.00284,0.01082,-0.00286,0.00293,-0.26015,-0.26356,-0.25758,-0.25654
0.00284,0.01080,-0.00284,0.00293,-0.26017,-0.26357,-0.25762,-0.25656
0.00284,0.01079,-0.00282,0.00292,-0.26020,-0.26358,-0.25766,-0.25658
0.00285,0.01077,-0.00280,0.00292,-0.26022,-0.26359,-0.25770,-0.25660
0.00285,0.01075,-0.00278,0.00292,-0.26025,-0.26360,-0.25774,-0.25662
0.00285,0.01074,-0.00276,0.00291,-0.26027,-0.26360,-0.25777,-0.25663
0.00286,0.01072,-0.00274,0.00291,-0.26029,-0.26361,-0.25781,-0.25665
0.00286,0.01070,-0.00272,0.00291,-0.26032,-0.26362,-0.25785,-0.25667
0.00286,0.01069,-0.00270,0.00290,-0.26034,-0.26363,-0.25788,-0.25669
0.00287,0.01067,-0.00268,0.00290,-0.26036,-0.26364,-0.25792,-0.25670
0.00287,0.01066,-0.00266,0.00290,-0.26038,-0.26364,-0.25795,-0.25672
0.00287,0.01064,-0.00264,0.00290,-0.26040,-0.26365,-0.25799,-0.25674
0.00288,0.01063,-0.00262,0.00289,-0.26042,-0.26366,-0.25802,-0.25675
0.00288,0.01061,-0.00261,0.00289,-0.26045,-0.26366,-0.25806,-0.25677
0.00288,0.01060,-0.00259,0.00289,-0.26047,-0.26367,-0.25809,-0.25678
0.00288,0.01058,-0.00257,0.00289,-0.26049,-0.26368,-0.25812,-0.25680
0.00289,0.01057,-0.00255,0.00288,-0.26050,-0.26368,-0.25815,-0.25681
0.00289,0.01055,-0.00254,0.00288,-0.26052,-0.26369,-0.25818,-0.25683
0.00289,0.01054,-0.00252,0.00288,-0.26054,-0.26369,-0.25821,-0.25684
0.00289,0.01053,-0.00250,0.00288,-0.26056,-0.26370,-0.25824,-0.25686
0.00290,0.01051,-0.00249,0.00287,-0.26058,-0.26371,-0.25827,-0.25687
0.00290,0.01050,-0.00247,0.00287,-0.26060,-0.26371,-0.25830,-0.25688
0.00290,0.01049,-0.00246,0.00287,-0.26061,-0.26372,-0.25833,-0.25690
0.00290,0.01048,-0.00244,0.00287,-0.26063,-0.26372,-0.25836,-0.25691
0.00291,0.01046,-0.00243,0.00286,-0.26065,-0.26373,-0.25839,-0.25692
0.00291,0.01045,-0.00241,0.00286,-0.26066,-0.26373,-0.25841,-0.25693
0.00291,0.01044,-0.00240,0.00286,-0.26068,-0.26374,-0.25844,-0.25695
0.00291,0.01043,-0.00238,0.00286,-0.26070,-0.26374,-0.25847,-0.25696
0.00292,0.01042,-0.00237,0.00285,-0.26071,-0.26375,-0.25849,-0.25697
0.00292,0.01041,-0.00236,0.00285,-0.26073,-0.26375,-0.25852,-0.25698
0.00292,0.01039,-0.00234,0.00285,-0.26074,-0.26375,-0.25854,-0.25699
0.00292,0.01038,-0.00233,0.00285,-0.26076,-0.26376,-0.25856,-0.25700
0.00292,0.01037,-0.00232,0.00285,-0.26077,-0.26376,-0.25859,-0.25701
0.00293,0.01036,-0.00231,0.00284,-0.26078,-0.26377,-0.25861,-0.25703
0.00293,0.01035,-0.00229,0.00284,-0.26080,-0.26377,-0.25863,-0.25704
0.00293,0.01034,-0.00228,0.00284,-0.26081,-0.26378,-0.25865,-0.25705
0.00293,0.01033,-0.00227,0.00284,-0.26082,-0.26378,-0.25868,-0.25706
0.00293,0.01032,-0.00226,0.00284,-0.26084,-0.26378,-0.25870,-0.25706
0.00294,0.01031,-0.00225,0.00284,-0.26085,-0.26379,-0.25872,-0.25707
0.00294,0.01030,-0.00224,0.00283,-0.26086,-0.26379,-0.25874,-0.25708
0.00294,0.01030,-0.00223,0.00283,-0.26087,-0.26379,-0.25876,-0.25709
0.00294,0.01029,-0.00221,0.00283,-0.26089,-0.26380,-0.25878,-0.25710
0.00294,0.01028,-0.00220,0.00283,-0.26090,-0.26380,-0.25880,-0.25711
0.00294,0.01027,-0.00219,0.00283,-0.26091,-0.26380,-0.25881,-0.25712
0.00294,0.01026,-0.00218,0.00283,-0.26092,-0.26381,-0.25883,-0.25713
0.00295,0.01025,-0.00217,0.00282,-0.26093,-0.26381,-0.25885,-0.25713
0.00295,0.01025,-0.00217,0.00282,-0.26094,-0.26381,-0.25887,-0.25714
0.00295,0.01024,-0.00216,0.00282,-0.26095,-0.26381,-0.25888,-0.25715
0.00295,0.01023,-0.00215,0.00282,-0.26096,-0.26382,-0.25890,-0.25716
0.00295,0.01022,-0.00214,0.00282,-0.26097,-0.26382,-0.25892,-0.25716
0.00295,0.01022,-0.00213,0.00282,-0.26098,-0.26382,-0.25893,-0.25717
0.00295,0.01021,-0.00212,0.00282,-0.26099,-0.26382,-0.25895,-0.25718
0.00296,0.01020,-0.00211,0.00282,-0.26100,-0.26383,-0.25896,-0.25718
0.00296,0.01020,-0.00211,0.00281,-0.26101,-0.26383,-0.25897,-0.25719
0.00296,0.01019,-0.00210,0.00281,-0.26101,-0.26383,-0.25899,-0.25720
0.00296,0.01018,-0.00209,0.00281,-0.26102,-0.26383,-0.25900,-0.25720
0.00296,0.01018,-0.00208,0.00281,-0.26103,-0.26384,-0.25901,-0.25721
0.00296,0.01017,-0.00208,0.00281,-0.26104,-0.26384,-0.25903,-0.25721
0.00296,0.01017,-0.00207,0.00281,-0.26104,-0.26384,-0.25904,-0.25722
0.00296,0.01016,-0.00206,0.00281,-0.26105,-0.26384,-0.25905,-0.25722
0.00297,0.01016,-0.00206,0.00281,-0.26106,-0.26384,-0.25906,-0.25723
0.00297,0.01015,-0.00205,0.00281,-0.26107,-0.26385,-0.25908,-0.25723
0.00297,0.01015,-0.00204,0.00280,-0.26107,-0.26385,-0.25909,-0.25724
0.00297,0.01014,-0.00204,0.00280,-0.26108,-0.26385,-0.25910,-0.25724
0.00297,0.01014,-0.00203,0.00280,-0.26108,-0.26385,-0.25911,-0.25725
0.00297,0.01013,-0.00203,0.00280,-0.26109,-0.26385,-0.25912,-0.25725
0.00297,0.01013,-0.00202,0.00280,-0.26110,-0.26385,-0.25913,-0.25726
0.00297,0.01012,-0.00202,0.00280,-0.26110,-0.26386,-0.25914,-0.25726
0.00297,0.01012,-0.00201,0.00280,-0.26111,-0.26386,-0.25914,-0.25727
0.00297,0.01011,-0.00201,0.00280,-0.26111,-0.26386,-0.25915,-0.25727
0.00297,0.01011,-0.00200,0.00280,-0.26112,-0.26386,-0.25916,-0.25727
0.00297,0.01011,-0.00200,0.00280,-0.26112,-0.26386,-0.25917,-0.25728
0.00298,0.01010,-0.00199,0.00280,-0.26113,-0.26386,-0.25918,-0.25728
0.00298,0.01010,-0.00199,0.00280,-0.26113,-0.26386,-0.25919,-0.25728
0.00298,0.01010,-0.00199,0.00280,-0.26114,-0.26386,-0.25919,-0.25729
0.00298,0.01009,-0.00198,0.00279,-0.26114,-0.26387,-0.25920,-0.25729
0.00298,0.01009,-0.00198,0.00279,-0.26114,-0.26387,-0.25921,-0.25729
0.00298,0.01009,-0.00197,0.00279,-0.26115,-0.26387,-0.25921,-0.25730
0.00298,0.01008,-0.00197,0.00279,-0.26115,-0.26387,-0.25922,-0.25730
0.00298,0.01008,-0.00197,0.00279,-0.26115,-0.26387,-0.25922,-0.25730
0.00298,0.01008,-0.00196,0.00279,-0.26116,-0.26387,-0.25923,-0.25730
0.00298,0.01008,-0.00196,0.00279,-0.26116,-0.26387,-0.25924,-0.25731
0.00298,0.01007,-0.00196,0.00279,-0.26116,-0.26387,-0.25924,-0.25731
0.00298,0.01007,-0.00196,0.00279,-0.26117,-0.26387,-0.25925,-0.25731
0.00298,0.01007,-0.00195,0.00279,-0.26117,-0.26387,-0.25925,-0.25731
0.00298,0.01007,-0.00195,0.00279,-0.26117,-0.26387,-0.25925,-0.25731
0.00298,0.01007,-0.00195,0.00279,-0.26118,-0.26387,-0.25926,-0.25732
0.00298,0.01006,-0.00195,0.00279,-0.26118,-0.26388,-0.25926,-0.25732
0.00298,0.01006,-0.00194,0.00279,-0.26118,-0.26388,-0.25927,-0.25732
0.00298,0.01006,-0.00194,0.00279,-0.26118,-0.26388,-0.25927,-0.25732
0.00298,0.01006,-0.00194,0.00279,-0.26118,-0.26388,-0.25927,-0.25732
0.00298,0.01006,-0.00194,0.00279,-0.26119,-0.26388,-0.25928,-0.25732
0.00298,0.01006,-0.00194,0.00279,-0.26119,-0.26388,-0.25928,-0.25733
0.00298,0.01006,-0.00194,0.00279,-0.26119,-0.26388,-0.25928,-0.25733
0.00298,0.01005,-0.00193,0.00279,-0.26119,-0.26388,-0.25928,-0.25733
0.00298,0.01005,-0.00193,0.00279,-0.26119,-0.26388,-0.25929,-0.25733
0.00298,0.01005,-0.00193,0.00279,-0.26119,-0.26388,-0.25929,-0.25733
0.00298,0.01005,-0.00193,0.00279,-0.26119,-0.26388,-0.25929,-0.25733
0.00298,0.01005,-0.00193,0.00279,-0.26120,-0.26388,-0.25929,-0.25733
0.00298,0.01005,-0.00193,0.00279,-0.26120,-0.26388,-0.25929,-0.25733
0.00299,0.01005,-0.00193,0.00279,-0.26120,-0.26388,-0.25930,-0.25733
0.00299,0.01005,-0.00193,0.00279,-0.26120,-0.26388,-0.25930,-0.25733
0.00299,0.01005,-0.00193,0.00279,-0.26120,-0.26388,-0.25930,-0.25733
0.00299,0.01005,-0.00193,0.00279,-0.26120,-0.26388,-0.25930,-0.25733
0.00299,0.01005,-0.00193,0.00279,-0.26120,-0.26388,-0.25930,-0.25733
0.00299,0.01005,-0.00192,0.00279,-0.26120,-0.26388,-0.25930,-0.25734
0.00299,0.01005,-0.00192,0.00279,-0.26120,-0.26388,-0.25930,-0.25734
0.00299,0.01004,-0.00192,0.00279,-0.26120,-0.26388,-0.25930,-0.25734
0.00299,0.01004,-0.00192,0.00279,-0.26120,-0.26388,-0.25930,-0.25734
0.00299,0.01004,-0.00192,0.00279,-0.26120,-0.26388,-0.25931,-0.25734
0.00299,0.01004,-0.00192,0.00279,-0.26120,-0.26388,-0.25931,-0.25734
0.00299,0.01004,-0.00192,0.00279,-0.26120,-0.26388,-0.25931,-0.25734
0.00299,0.01004,-0.00192,0.00278,-0.26120,-0.26388,-0.25931,-0.25734
0.00299,0.01004,-0.00192,0.00278,-0.26120,-0.26388,-0.25931,-0.25734
0.00299,0.01004,-0.00192,0.00278,-0.26120,-0.26388,-0.25931,-0.25734
0.00299,0.01004,-0.00192,0.00278,-0.26120,-0.26388,-0.25931,-0.25734
0.00299,0.01004,-0.00192,0.00278,-0.26120,-0.26388,-0.25931,-0.25734
0.00299,0.01004,-0.00192,0.00278,-0.26120,-0.26388,-0.25931,-0.25734
0.00299,0.01004,-0.00192,0.00278,-0.26120,-0.26388,-0.25931,-0.25734
0.00299,0.01004,-0.00192,0.00278,-0.26120,-0.26388,-0.25931,-0.25734
0.00299,0.01004,-0.00192,0.00278,-0.26120,-0.26388,-0.25931,-0.25734
0.00299,0.01004,-0.00192,0.00278,-0.26120,-0.26388,-0.25931,-0.25734
0.00299,0.01004,-0.00192,0.00278,-0.26120,-0.26388,-0.25931,-0.25734
