0.56903,-0.08651,-1.31197,0.00000,0.00000,0.00000
0.56903,-0.08651,-1.31197,0.00000,0.00000,0.00000
0.56903,-0.08651,-1.31197,0.00000,0.00000,0.00000
0.56903,-0.08651,-1.31197,0.00000,0.00000,0.00000
0.56903,-0.08651,-1.31197,0.00000,0.00000,0.00000
0.56903,-0.08651,-1.31197,0.00000,0.00000,0.00000
0.56903,-0.08651,-1.31197,0.00000,0.00000,0.00000
0.56903,-0.08651,-1.31197,0.00000,0.00000,0.00000
0.56903,-0.08651,-1.31197,0.00000,0.00000,0.00000
0.56903,-0.08651,-1.31197,0.00000,0.00000,0.00000
0.56903,-0.08651,-1.31196,0.00000,0.00000,0.00000
0.56903,-0.08651,-1.31196,0.00000,0.00000,0.00000
0.56903,-0.08651,-1.31196,0.00000,0.00000,0.00000
0.56903,-0.08651,-1.31196,0.00000,0.00000,0.00000
0.56903,-0.08651,-1.31195,0.00000,0.00000,0.00000
0.56903,-0.08651,-1.31195,0.00000,0.00000,0.00000
0.56903,-0.08651,-1.31195,0.00000,0.00000,0.00000
0.56903,-0.08651,-1.31194,0.00000,0.00000,0.00000
0.56903,-0.08651,-1.31194,0.00000,0.00000,0.00000
0.56903,-0.08651,-1.31193,0.00000,0.00000,0.00000
0.56903,-0.08651,-1.31192,0.00000,0.00000,0.00000
0.56903,-0.08651,-1.31192,0.00000,0.00000,0.00000
0.56903,-0.08651,-1.31191,0.00000,0.00000,0.00000
0.56903,-0.08651,-1.31190,0.00000,0.00000,0.00000
0.56903,-0.08651,-1.31189,0.00000,0.00000,0.00000
0.56903,-0.08651,-1.31188,0.00000,0.00000,0.00000
0.56903,-0.08651,-1.31187,0.00000,0.00000,0.00000
0.56903,-0.08651,-1.31186,0.00000,0.00000,0.00000
0.56903,-0.08651,-1.31184,0.00000,0.00000,0.00000
0.56903,-0.08651,-1.31183,0.00000,0.00000,0.00000
0.56903,-0.08651,-1.31182,0.00000,0.00000,0.00000
0.56903,-0.08651,-1.31180,0.00000,0.00000,0.00000
0.56903,-0.08651,-1.31178,0.00000,0.00000,0.00000
0.56903,-0.08651,-1.31176,0.00000,0.00000,0.00000
0.56903,-0.08651,-1.31175,0.00000,0.00000,0.00000
0.56903,-0.08651,-1.31173,0.00000,0.00000,0.00000
0.56903,-0.08651,-1.31170,0.00000,0.00000,0.00000
0.56903,-0.08651,-1.31168,0.00000,0.00000,0.00000
0.56903,-0.08651,-1.31166,0.00000,0.00000,0.00000
0.56903,-0.08651,-1.31163,0.00000,0.00000,0.00000
0.56903,-0.08651,-1.31161,0.00000,0.00000,0.00000
0.56903,-0.08651,-1.31158,0.00000,0.00000,0.00000
0.56903,-0.08651,-1.31155,0.00000,0.00000,0.00000
0.56903,-0.08651,-1.31152,0.00000,0.00000,0.00000
0.56903,-0.08651,-1.31149,0.00000,0.00000,0.00000
0.56903,-0.08651,-1.31146,0.00000,0.00000,0.00000
0.56903,-0.08651,-1.31143,0.00000,0.00000,0.00000
0.56903,-0.08651,-1.31139,0.00000,0.00000,0.00000
0.56903,-0.08651,-1.31135,0.00000,0.00000,0.00000
0.56903,-0.08651,-1.31131,0.00000,0.00000,0.00000
0.56903,-0.08651,-1.31128,0.00000,0.00000,0.00000
0.56903,-0.08651,-1.31123,0.00000,0.00000,0.00000
0.56903,-0.08651,-1.31119,0.00000,0.00000,0.00000
0.56903,-0.08651,-1.31115,0.00000,0.00000,0.00000
0.56903,-0.08651,-1.31110,0.00000,0.00000,0.00000
0.56903,-0.08651,-1.31105,0.00000,0.00000,0.00000
0.56903,-0.08651,-1.31100,0.00000,0.00000,0.00000
0.56903,-0.08651,-1.31095,0.00000,0.00000,0.00000
0.56903,-0.08651,-1.31090,0.00000,0.00000,0.00000
0.56903,-0.08651,-1.31084,0.00000,0.00000,0.00000
0.56903,-0.08651,-1.31079,0.00000,0.00000,0.00000
0.56903,-0.08651,-1.31073,0.00000,0.00000,0.00000
0.56903,-0.08651,-1.31067,0.00000,0.00000,0.00000
0.56903,-0.08651,-1.31061,0.00000,0.00000,0.00000
0.56903,-0.08651,-1.31054,0.00000,0.00000,0.00000
0.56903,-0.08651,-1.31048,0.00000,0.00000,0.00000
0.56903,-0.08651,-1.31041,0.00000,0.00000,0.00000
0.56903,-0.08651,-1.31034,0.00000,0.00000,0.00000
0.56903,-0.08651,-1.31027,0.00000,0.00000,0.00000
0.56903,-0.08651,-1.31020,0.00000,0.00000,0.00000
0.56903,-0.08651,-1.31012,0.00000,0.00000,0.00000
0.56903,-0.08651,-1.31004,0.00000,0.00000,0.00000
0.56903,-0.08651,-1.30997,0.00000,0.00000,0.00000
0.56903,-0.08651,-1.30988,0.00000,0.00000,0.00000
0.56903,-0.08651,-1.30980,0.00000,0.00000,0.00000
0.56903,-0.08651,-1.30971,0.00000,0.00000,0.00000
0.56903,-0.08651,-1.30963,0.00000,0.00000,0.00000
0.56903,-0.08651,-1.30954,0.00000,0.00000,0.00000
0.56903,-0.08651,-1.30945,0.00000,0.00000,0.00000
0.56903,-0.08651,-1.30935,0.00000,0.00000,0.00000
0.56903,-0.08651,-1.30925,0.00000,0.00000,0.00000
0.56903,-0.08651,-1.30916,0.00000,0.00000,0.00000
0.56903,-0.08651,-1.30906,0.00000,0.00000,0.00000
0.56903,-0.08651,-1.30895,0.00000,0.00000,0.00000
0.56903,-0.08651,-1.30885,0.00000,0.00000,0.00000
0.56903,-0.08651,-1.30874,0.00000,0.00000,0.00000
0.56903,-0.08651,-1.30863,0.00000,0.00000,0.00000
0.56903,-0.08651,-1.30852,0.00000,0.00000,0.00000
0.56903,-0.08651,-1.30840,0.00000,0.00000,0.00000
0.56903,-0.08651,-1.30828,0.00000,0.00000,0.00000
0.56903,-0.08651,-1.30817,0.00000,0.00000,0.00000
0.56903,-0.08651,-1.30804,0.00000,0.00000,0.00000
0.56903,-0.08651,-1.30792,0.00000,0.00000,0.00000
0.56903,-0.08651,-1.30779,0.00000,0.00000,0.00000
0.56903,-0.08651,-1.30766,0.00000,0.00000,0.00000
0.56903,-0.08651,-1.30753,0.00000,0.00000,0.00000
0.56903,-0.08651,-1.30740,0.00000,0.00000,0.00000
0.56903,-0.08651,-1.30726,0.00000,0.00000,0.00000
0.56903,-0.08651,-1.30712,0.00000,0.00000,0.00000
0.56903,-0.08651,-1.30698,0.00000,0.00000,0.00000
0.56903,-0.08651,-1.30683,0.00000,0.00000,0.00000
0.56903,-0.08651,-1.30669,0.00000,0.00000,0.00000
0.56903,-0.08651,-1.30654,0.00000,0.00000,0.00000
0.56903,-0.08651,-1.30638,0.00000,0.00000,0.00000
0.56903,-0.08651,-1.30623,0.00000,0.00000,0.00000
0.56903,-0.08651,-1.30607,0.00000,0.00000,0.00000
0.56903,-0.08651,-1.30591,0.00000,0.00000,0.00000
0.56903,-0.08651,-1.30575,0.00000,0.00000,0.00000
0.56903,-0.08651,-1.30558,0.00000,0.00000,0.00000
0.56903,-0.08651,-1.30541,0.00000,0.00000,0.00000
0.56903,-0.08651,-1.30524,0.00000,0.00000,0.00000
0.56903,-0.08651,-1.30507,0.00000,0.00000,0.00000
0.56903,-0.08651,-1.30489,0.00000,0.00000,0.00000
0.56903,-0.08651,-1.30471,0.00000,0.00000,0.00000
0.56903,-0.08651,-1.30453,0.00000,0.00000,0.00000
0.56903,-0.08651,-1.30435,0.00000,0.00000,0.00000
0.56903,-0.08651,-1.30416,0.00000,0.00000,0.00000
0.56903,-0.08651,-1.30397,0.00000,0.00000,0.00000
0.56903,-0.08651,-1.30377,0.00000,0.00000,0.00000
0.56903,-0.08651,-1.30358,0.00000,0.00000,0.00000
0.56903,-0.08651,-1.30338,0.00000,0.00000,0.00000
0.56903,-0.08651,-1.30318,0.00000,0.00000,0.00000
0.56903,-0.08651,-1.30297,0.00000,0.00000,0.00000
0.56903,-0.08651,-1.30276,0.00000,0.00000,0.00000
0.56903,-0.08651,-1.30255,0.00000,0.00000,0.00000
0.56903,-0.08651,-1.30234,0.00000,0.00000,0.00000
0.56903,-0.08651,-1.30212,0.00000,0.00000,0.00000
0.56903,-0.08651,-1.30190,0.00000,0.00000,0.00000
0.56903,-0.08651,-1.30168,0.00000,0.00000,0.00000
0.56903,-0.08651,-1.30145,0.00000,0.00000,0.00000
0.56903,-0.08651,-1.30122,0.00000,0.00000,0.00000
0.56903,-0.08651,-1.30099,0.00000,0.00000,0.00000
0.56903,-0.08651,-1.30076,0.00000,0.00000,0.00000
0.56903,-0.08651,-1.30052,0.00000,0.00000,0.00000
0.56903,-0.08651,-1.30028,0.00000,0.00000,0.00000
0.56903,-0.08651,-1.30004,0.00000,0.00000,0.00000
0.56903,-0.08651,-1.29979,0.00000,0.00000,0.00000
0.56903,-0.08651,-1.29954,0.00000,0.00000,0.00000
0.56903,-0.08651,-1.29929,0.00000,0.00000,0.00000
0.56903,-0.08651,-1.29903,0.00000,0.00000,0.00000
0.56903,-0.08651,-1.29877,0.00000,0.00000,0.00000
0.56903,-0.08651,-1.29851,0.00000,0.00000,0.00000
0.56903,-0.08651,-1.29824,0.00000,0.00000,0.00000
0.56903,-0.08651,-1.29797,0.00000,0.00000,0.00000
0.56903,-0.08651,-1.29770,0.00000,0.00000,0.00000
0.56903,-0.08651,-1.29743,0.00000,0.00000,0.00000
0.56903,-0.08651,-1.29715,0.00000,0.00000,0.00000
0.56903,-0.08651,-1.29687,0.00000,0.00000,0.00000
0.56903,-0.08651,-1.29658,0.00000,0.00000,0.00000
0.56903,-0.08651,-1.29629,0.00000,0.00000,0.00000
0.56903,-0.08651,-1.29600,0.00000,0.00000,0.00000
0.56903,-0.08651,-1.29571,0.00000,0.00000,0.00000
0.56903,-0.08651,-1.29541,0.00000,0.00000,0.00000
0.56903,-0.08651,-1.29511,0.00000,0.00000,0.00000
0.56903,-0.08651,-1.29481,0.00000,0.00000,0.00000
0.56903,-0.08651,-1.29450,0.00000,0.00000,0.00000
0.56903,-0.08651,-1.29419,0.00000,0.00000,0.00000
0.56903,-0.08651,-1.29388,0.00000,0.00000,0.00000
0.56903,-0.08651,-1.29356,0.00000,0.00000,0.00000
0.56903,-0.08651,-1.29324,0.00000,0.00000,0.00000
0.56903,-0.08651,-1.29291,0.00000,0.00000,0.00000
0.56903,-0.08651,-1.29259,0.00000,0.00000,0.00000
0.56903,-0.08651,-1.29226,0.00000,0.00000,0.00000
0.56903,-0.08651,-1.29192,0.00000,0.00000,0.00000
0.56903,-0.08651,-1.29159,0.00000,0.00000,0.00000
0.56903,-0.08651,-1.29125,0.00000,0.00000,0.00000
0.56903,-0.08651,-1.29090,0.00000,0.00000,0.00000
0.56903,-0.08651,-1.29056,0.00000,0.00000,0.00000
0.56903,-0.08651,-1.29021,0.00000,0.00000,0.00000
0.56903,-0.08651,-1.28985,0.00000,0.00000,0.00000
0.56903,-0.08651,-1.28950,0.00000,0.00000,0.00000
0.56903,-0.08651,-1.28914,0.00000,0.00000,0.00000
0.56903,-0.08651,-1.28877,0.00000,0.00000,0.00000
0.56903,-0.08651,-1.28841,0.00000,0.00000,0.00000
0.56903,-0.08651,-1.28804,0.00000,0.00000,0.00000
0.56903,-0.08651,-1.28766,0.00000,0.00000,0.00000
0.56903,-0.08651,-1.28729,0.00000,0.00000,0.00000
0.56903,-0.08651,-1.28691,0.00000,0.00000,0.00000
0.56903,-0.08651,-1.28652,0.00000,0.00000,0.00000
0.56903,-0.08651,-1.28614,0.00000,0.00000,0.00000
0.56903,-0.08651,-1.28575,0.00000,0.00000,0.00000
0.56903,-0.08651,-1.28535,0.00000,0.00000,0.00000
0.56903,-0.08651,-1.28495,0.00000,0.00000,0.00000
0.56903,-0.08651,-1.28455,0.00000,0.00000,0.00000
0.56903,-0.08651,-1.28415,0.00000,0.00000,0.00000
0.56903,-0.08651,-1.28374,0.00000,0.00000,0.00000
0.56903,-0.08651,-1.28333,0.00000,0.00000,0.00000
0.56903,-0.08651,-1.28292,0.00000,0.00000,0.00000
0.56903,-0.08651,-1.28250,0.00000,0.00000,0.00000
0.56903,-0.08651,-1.28208,0.00000,0.00000,0.00000
0.56903,-0.08651,-1.28165,0.00000,0.00000,0.00000
0.56903,-0.08651,-1.28123,0.00000,0.00000,0.00000
0.56903,-0.08651,-1.28079,0.00000,0.00000,0.00000
0.56903,-0.08651,-1.28036,0.00000,0.00000,0.00000
0.56903,-0.08651,-1.27992,0.00000,0.00000,0.00000
0.56903,-0.08651,-1.27948,0.00000,0.00000,0.00000
0.56903,-0.08651,-1.27903,0.00000,0.00000,0.00000
0.56903,-0.08651,-1.27858,0.00000,0.00000,0.00000
0.56903,-0.08651,-1.27813,0.00000,0.00000,0.00000
0.56903,-0.08651,-1.27768,0.00000,0.00000,0.00000
0.56903,-0.08651,-1.27722,0.00000,0.00000,0.00000
0.56903,-0.08651,-1.27676,0.00000,0.00000,0.00000
0.56903,-0.08651,-1.27629,0.00000,0.00000,0.00000
0.56903,-0.08651,-1.27582,0.00000,0.00000,0.00000
0.56903,-0.08651,-1.27535,0.00000,0.00000,0.00000
0.56903,-0.08651,-1.27487,0.00000,0.00000,0.00000
0.56903,-0.08651,-1.27439,0.00000,0.00000,0.00000
0.56903,-0.08651,-1.27391,0.00000,0.00000,0.00000
0.56903,-0.08651,-1.27342,0.00000,0.00000,0.00000
0.56903,-0.08651,-1.27293,0.00000,0.00000,0.00000
0.56903,-0.08651,-1.27244,0.00000,0.00000,0.00000
0.56903,-0.08651,-1.27194,0.00000,0.00000,0.00000
0.56903,-0.08651,-1.27144,0.00000,0.00000,0.00000
0.56903,-0.08651,-1.27094,0.00000,0.00000,0.00000
0.56903,-0.08651,-1.27043,0.00000,0.00000,0.00000
0.56903,-0.08651,-1.26992,0.00000,0.00000,0.00000
0.56903,-0.08651,-1.26940,0.00000,0.00000,0.00000
0.56903,-0.08651,-1.26888,0.00000,0.00000,0.00000
0.56903,-0.08651,-1.26836,0.00000,0.00000,0.00000
0.56903,-0.08651,-1.26784,0.00000,0.00000,0.00000
0.56903,-0.08651,-1.26731,0.00000,0.00000,0.00000
0.56903,-0.08651,-1.26678,0.00000,0.00000,0.00000
0.56903,-0.08651,-1.26624,0.00000,0.00000,0.00000
0.56903,-0.08651,-1.26570,0.00000,0.00000,0.00000
0.56903,-0.08651,-1.26516,0.00000,0.00000,0.00000
0.56903,-0.08651,-1.26462,0.00000,0.00000,0.00000
0.56903,-0.08651,-1.26407,0.00000,0.00000,0.00000
0.56903,-0.08651,-1.26351,0.00000,0.00000,0.00000
0.56903,-0.08651,-1.26296,0.00000,0.00000,0.00000
0.56903,-0.08651,-1.26240,0.00000,0.00000,0.00000
0.56903,-0.08651,-1.26184,0.00000,0.00000,0.00000
0.56903,-0.08651,-1.26127,0.00000,0.00000,0.00000
0.56903,-0.08651,-1.26070,0.00000,0.00000,0.00000
0.56903,-0.08651,-1.26013,0.00000,0.00000,0.00000
0.56903,-0.08651,-1.25955,0.00000,0.00000,0.00000
0.56903,-0.08651,-1.25897,0.00000,0.00000,0.00000
0.56903,-0.08651,-1.25839,0.00000,0.00000,0.00000
0.56903,-0.08651,-1.25780,0.00000,0.00000,0.00000
0.56903,-0.08651,-1.25721,0.00000,0.00000,0.00000
0.56903,-0.08651,-1.25662,0.00000,0.00000,0.00000
0.56903,-0.08651,-1.25602,0.00000,0.00000,0.00000
0.56903,-0.08651,-1.25542,0.00000,0.00000,0.00000
0.56903,-0.08651,-1.25481,0.00000,0.00000,0.00000
0.56903,-0.08651,-1.25421,0.00000,0.00000,0.00000
0.56903,-0.08651,-1.25360,0.00000,0.00000,0.00000
0.56903,-0.08651,-1.25298,0.00000,0.00000,0.00000
0.56903,-0.08651,-1.25236,0.00000,0.00000,0.00000
0.56903,-0.08651,-1.25174,0.00000,0.00000,0.00000
0.56903,-0.08651,-1.25112,0.00000,0.00000,0.00000
0.56903,-0.08651,-1.25049,0.00000,0.00000,0.00000
0.56903,-0.08651,-1.24986,0.00000,0.00000,0.00000
0.56903,-0.08651,-1.24923,0.00000,0.00000,0.00000
0.56903,-0.08651,-1.24859,0.00000,0.00000,0.00000
0.56903,-0.08651,-1.24795,0.00000,0.00000,0.00000
0.56903,-0.08651,-1.24730,0.00000,0.00000,0.00000
0.56903,-0.08651,-1.24665,0.00000,0.00000,0.00000
0.56903,-0.08651,-1.24600,0.00000,0.00000,0.00000
0.56903,-0.08651,-1.24535,0.00000,0.00000,0.00000
0.56903,-0.08651,-1.24469,0.00000,0.00000,0.00000
0.56903,-0.08651,-1.24403,0.00000,0.00000,0.00000
0.56903,-0.08651,-1.24336,0.00000,0.00000,0.00000
0.56903,-0.08651,-1.24270,0.00000,0.00000,0.00000
0.56903,-0.08651,-1.24203,0.00000,0.00000,0.00000
0.56903,-0.08651,-1.24135,0.00000,0.00000,0.00000
0.56903,-0.08651,-1.24067,0.00000,0.00000,0.00000
0.56903,-0.08651,-1.23999,0.00000,0.00000,0.00000
0.56903,-0.08651,-1.23931,0.00000,0.00000,0.00000
0.56903,-0.08651,-1.23862,0.00000,0.00000,0.00000
0.56903,-0.08651,-1.23793,0.00000,0.00000,0.00000
0.56903,-0.08651,-1.23723,0.00000,0.00000,0.00000
0.56903,-0.08651,-1.23654,0.00000,0.00000,0.00000
0.56903,-0.08651,-1.23584,0.00000,0.00000,0.00000
0.56903,-0.08651,-1.23513,0.00000,0.00000,0.00000
0.56903,-0.08651,-1.23442,0.00000,0.00000,0.00000
0.56903,-0.08651,-1.23371,0.00000,0.00000,0.00000
0.56903,-0.08651,-1.23300,0.00000,0.00000,0.00000
0.56903,-0.08651,-1.23228,0.00000,0.00000,0.00000
0.56903,-0.08651,-1.23156,0.00000,0.00000,0.00000
0.56903,-0.08651,-1.23084,0.00000,0.00000,0.00000
0.56903,-0.08651,-1.23011,0.00000,0.00000,0.00000
0.56903,-0.08651,-1.22938,0.00000,0.00000,0.00000
0.56903,-0.08651,-1.22865,0.00000,0.00000,0.00000
0.56903,-0.08651,-1.22791,0.00000,0.00000,0.00000
0.56903,-0.08651,-1.22717,0.00000,0.00000,0.00000
0.56903,-0.08651,-1.22643,0.00000,0.00000,0.00000
0.56903,-0.08651,-1.22568,0.00000,0.00000,0.00000
0.56903,-0.08651,-1.22493,0.00000,0.00000,0.00000
0.56903,-0.08651,-1.22418,0.00000,0.00000,0.00000
0.56903,-0.08651,-1.22343,0.00000,0.00000,0.00000
0.56903,-0.08651,-1.22267,0.00000,0.00000,0.00000
0.56903,-0.08651,-1.22191,0.00000,0.00000,0.00000
0.56903,-0.08651,-1.22114,0.00000,0.00000,0.00000
0.56903,-0.08651,-1.22037,0.00000,0.00000,0.00000
0.56903,-0.08651,-1.21960,0.00000,0.00000,0.00000
0.56903,-0.08651,-1.21883,0.00000,0.00000,0.00000
0.56903,-0.08651,-1.21805,0.00000,0.00000,0.00000
0.56903,-0.08651,-1.21727,0.00000,0.00000,0.00000
0.56903,-0.08651,-1.21649,0.00000,0.00000,0.00000
0.56903,-0.08651,-1.21570,0.00000,0.00000,0.00000
0.56903,-0.08651,-1.21491,0.00000,0.00000,0.00000
0.56903,-0.08651,-1.21412,0.00000,0.00000,0.00000
0.56903,-0.08651,-1.21333,0.00000,0.00000,0.00000
0.56903,-0.08651,-1.21253,0.00000,0.00000,0.00000
0.56903,-0.08651,-1.21173,0.00000,0.00000,0.00000
0.56903,-0.08651,-1.21092,0.00000,0.00000,0.00000
0.56903,-0.08651,-1.21012,0.00000,0.00000,0.00000
0.56903,-0.08651,-1.20931,0.00000,0.00000,0.00000
0.56903,-0.08651,-1.20849,0.00000,0.00000,0.00000
0.56903,-0.08651,-1.20768,0.00000,0.00000,0.00000
0.56903,-0.08651,-1.20686,0.00000,0.00000,0.00000
0.56903,-0.08651,-1.20603,0.00000,0.00000,0.00000
0.56903,-0.08651,-1.20521,0.00000,0.00000,0.00000
0.56903,-0.08651,-1.20438,0.00000,0.00000,0.00000
0.56903,-0.08651,-1.20355,0.00000,0.00000,0.00000
0.56903,-0.08651,-1.20272,0.00000,0.00000,0.00000
0.56903,-0.08651,-1.20188,0.00000,0.00000,0.00000
0.56903,-0.08651,-1.20104,0.00000,0.00000,0.00000
0.56903,-0.08651,-1.20020,0.00000,0.00000,0.00000
0.56903,-0.08651,-1.19935,0.00000,0.00000,0.00000
0.56903,-0.08651,-1.19851,0.00000,0.00000,0.00000
0.56903,-0.08651,-1.19765,0.00000,0.00000,0.00000
0.56903,-0.08651,-1.19680,0.00000,0.00000,0.00000
0.56903,-0.08651,-1.19594,0.00000,0.00000,0.00000
0.56903,-0.08651,-1.19508,0.00000,0.00000,0.00000
0.56903,-0.08651,-1.19422,0.00000,0.00000,0.00000
0.56903,-0.08651,-1.19336,0.00000,0.00000,0.00000
0.56903,-0.08651,-1.19249,0.00000,0.00000,0.00000
0.56903,-0.08651,-1.19162,0.00000,0.00000,0.00000
0.56903,-0.08651,-1.19075,0.00000,0.00000,0.00000
0.56903,-0.08651,-1.18987,0.00000,0.00000,0.00000
0.56903,-0.08651,-1.18899,0.00000,0.00000,0.00000
0.56903,-0.08651,-1.18811,0.00000,0.00000,0.00000
0.56903,-0.08651,-1.18723,0.00000,0.00000,0.00000
0.56903,-0.08651,-1.18634,0.00000,0.00000,0.00000
0.56903,-0.08651,-1.18545,0.00000,0.00000,0.00000
0.56903,-0.08651,-1.18456,0.00000,0.00000,0.00000
0.56903,-0.08651,-1.18366,0.00000,0.00000,0.00000
0.56903,-0.08651,-1.18277,0.00000,0.00000,0.00000
0.56903,-0.08651,-1.18187,0.00000,0.00000,0.00000
0.56903,-0.08651,-1.18096,0.00000,0.00000,0.00000
0.56903,-0.08651,-1.18006,0.00000,0.00000,0.00000
0.56903,-0.08651,-1.17915,0.00000,0.00000,0.00000
0.56903,-0.08651,-1.17824,0.00000,0.00000,0.00000
0.56903,-0.08651,-1.17733,0.00000,0.00000,0.00000
0.56903,-0.08651,-1.17641,0.00000,0.00000,0.00000
0.56903,-0.08651,-1.17550,0.00000,0.00000,0.00000
0.56903,-0.08651,-1.17458,0.00000,0.00000,0.00000
0.56903,-0.08651,-1.17365,0.00000,0.00000,0.00000
0.56903,-0.08651,-1.17273,0.00000,0.00000,0.00000
0.56903,-0.08651,-1.17180,0.00000,0.00000,0.00000
0.56903,-0.08651,-1.17087,0.00000,0.00000,0.00000
0.56903,-0.08651,-1.16994,0.00000,0.00000,0.00000
0.56903,-0.08651,-1.16900,0.00000,0.00000,0.00000
0.56903,-0.08651,-1.16806,0.00000,0.00000,0.00000
0.56903,-0.08651,-1.16712,0.00000,0.00000,0.00000
0.56903,-0.08651,-1.16618,0.00000,0.00000,0.00000
0.56903,-0.08651,-1.16523,0.00000,0.00000,0.00000
0.56903,-0.08651,-1.16429,0.00000,0.00000,0.00000
0.56903,-0.08651,-1.16334,0.00000,0.00000,0.00000
0.56903,-0.08651,-1.16239,0.00000,0.00000,0.00000
0.56903,-0.08651,-1.16143,0.00000,0.00000,0.00000
0.56903,-0.08651,-1.16047,0.00000,0.00000,0.00000
0.56903,-0.08651,-1.15952,0.00000,0.00000,0.00000
0.56903,-0.08651,-1.15855,0.00000,0.00000,0.00000
0.56903,-0.08651,-1.15759,0.00000,0.00000,0.00000
0.56903,-0.08651,-1.15663,0.00000,0.00000,0.00000
0.56903,-0.08651,-1.15566,0.00000,0.00000,0.00000
0.56903,-0.08651,-1.15469,0.00000,0.00000,0.00000
0.56903,-0.08651,-1.15371,0.00000,0.00000,0.00000
0.56903,-0.08651,-1.15274,0.00000,0.00000,0.00000
0.56903,-0.08651,-1.15176,0.00000,0.00000,0.00000
0.56903,-0.08651,-1.15078,0.00000,0.00000,0.00000
0.56903,-0.08651,-1.14980,0.00000,0.00000,0.00000
0.56903,-0.08651,-1.14882,0.00000,0.00000,0.00000
0.56903,-0.08651,-1.14783,0.00000,0.00000,0.00000
0.56903,-0.08651,-1.14685,0.00000,0.00000,0.00000
0.56903,-0.08651,-1.14586,0.00000,0.00000,0.00000
0.56903,-0.08651,-1.14486,0.00000,0.00000,0.00000
0.56903,-0.08651,-1.14387,0.00000,0.00000,0.00000
0.56903,-0.08651,-1.14287,0.00000,0.00000,0.00000
0.56903,-0.08651,-1.14188,0.00000,0.00000,0.00000
0.56903,-0.08651,-1.14088,0.00000,0.00000,0.00000
0.56903,-0.08651,-1.13987,0.00000,0.00000,0.00000
0.56903,-0.08651,-1.13887,0.00000,0.00000,0.00000
0.56903,-0.08651,-1.13786,0.00000,0.00000,0.00000
0.56903,-0.08651,-1.13685,0.00000,0.00000,0.00000
0.56903,-0.08651,-1.13584,0.00000,0.00000,0.00000
0.56903,-0.08651,-1.13483,0.00000,0.00000,0.00000
0.56903,-0.08651,-1.13382,0.00000,0.00000,0.00000
0.56903,-0.08651,-1.13280,0.00000,0.00000,0.00000
0.56903,-0.08651,-1.13178,0.00000,0.00000,0.00000
0.56903,-0.08651,-1.13077,0.00000,0.00000,0.00000
0.56903,-0.08651,-1.12974,0.00000,0.00000,0.00000
0.56903,-0.08651,-1.12872,0.00000,0.00000,0.00000
0.56903,-0.08651,-1.12770,0.00000,0.00000,0.00000
0.56903,-0.08651,-1.12667,0.00000,0.00000,0.00000
0.56903,-0.08651,-1.12564,0.00000,0.00000,0.00000
0.56903,-0.08651,-1.12461,0.00000,0.00000,0.00000
0.56903,-0.08651,-1.12358,0.00000,0.00000,0.00000
0.56903,-0.08651,-1.12254,0.00000,0.00000,0.00000
0.56903,-0.08651,-1.12151,0.00000,0.00000,0.00000
0.56903,-0.08651,-1.12047,0.00000,0.00000,0.00000
0.56903,-0.08651,-1.11943,0.00000,0.00000,0.00000
0.56903,-0.08651,-1.11839,0.00000,0.00000,0.00000
0.56903,-0.08651,-1.11735,0.00000,0.00000,0.00000
0.56903,-0.08651,-1.11630,0.00000,0.00000,0.00000
0.56903,-0.08651,-1.11525,0.00000,0.00000,0.00000
0.56903,-0.08651,-1.11421,0.00000,0.00000,0.00000
0.56903,-0.08651,-1.11316,0.00000,0.00000,0.00000
0.56903,-0.08651,-1.11211,0.00000,0.00000,0.00000
0.56903,-0.08651,-1.11105,0.00000,0.00000,0.00000
0.56903,-0.08651,-1.11000,0.00000,0.00000,0.00000
0.56903,-0.08651,-1.10894,0.00000,0.00000,0.00000
0.56903,-0.08651,-1.10789,0.00000,0.00000,0.00000
0.56903,-0.08651,-1.10683,0.00000,0.00000,0.00000
0.56903,-0.08651,-1.10577,0.00000,0.00000,0.00000
0.56903,-0.08651,-1.10471,0.00000,0.00000,0.00000
0.56903,-0.08651,-1.10364,0.00000,0.00000,0.00000
0.56903,-0.08651,-1.10258,0.00000,0.00000,0.00000
0.56903,-0.08651,-1.10151,0.00000,0.00000,0.00000
0.56903,-0.08651,-1.10045,0.00000,0.00000,0.00000
0.56903,-0.08651,-1.09938,0.00000,0.00000,0.00000
0.56903,-0.08651,-1.09831,0.00000,0.00000,0.00000
0.56903,-0.08651,-1.09724,0.00000,0.00000,0.00000
0.56903,-0.08651,-1.09616,0.00000,0.00000,0.00000
0.56903,-0.08651,-1.09509,0.00000,0.00000,0.00000
0.56903,-0.08651,-1.09401,0.00000,0.00000,0.00000
0.56903,-0.08651,-1.09294,0.00000,0.00000,0.00000
0.56903,-0.08651,-1.09186,0.00000,0.00000,0.00000
0.56903,-0.08651,-1.09078,0.00000,0.00000,0.00000
0.56903,-0.08651,-1.08970,0.00000,0.00000,0.00000
0.56903,-0.08651,-1.08862,0.00000,0.00000,0.00000
0.56903,-0.08651,-1.08753,0.00000,0.00000,0.00000
0.56903,-0.08651,-1.08645,0.00000,0.00000,0.00000
0.56903,-0.08651,-1.08536,0.00000,0.00000,0.00000
0.56903,-0.08651,-1.08428,0.00000,0.00000,0.00000
0.56903,-0.08651,-1.08319,0.00000,0.00000,0.00000
0.56903,-0.08651,-1.08210,0.00000,0.00000,0.00000
0.56903,-0.08651,-1.08101,0.00000,0.00000,0.00000
0.56903,-0.08651,-1.07992,0.00000,0.00000,0.00000
0.56903,-0.08651,-1.07882,0.00000,0.00000,0.00000
0.56903,-0.08651,-1.07773,0.00000,0.00000,0.00000
0.56903,-0.08651,-1.07664,0.00000,0.00000,0.00000
0.56903,-0.08651,-1.07554,0.00000,0.00000,0.00000
0.56903,-0.08651,-1.07445,0.00000,0.00000,0.00000
0.56903,-0.08651,-1.07335,0.00000,0.00000,0.00000
0.56903,-0.08651,-1.07225,0.00000,0.00000,0.00000
0.56903,-0.08651,-1.07115,0.00000,0.00000,0.00000
0.56903,-0.08651,-1.07005,0.00000,0.00000,0.00000
0.56903,-0.08651,-1.06895,0.00000,0.00000,0.00000
0.56903,-0.08651,-1.06785,0.00000,0.00000,0.00000
0.56903,-0.08651,-1.06674,0.00000,0.00000,0.00000
0.56903,-0.08651,-1.06564,0.00000,0.00000,0.00000
0.56903,-0.08651,-1.06453,0.00000,0.00000,0.00000
0.56903,-0.08651,-1.06343,0.00000,0.00000,0.00000
0.56903,-0.08651,-1.06232,0.00000,0.00000,0.00000
0.56903,-0.08651,-1.06122,0.00000,0.00000,0.00000
0.56903,-0.08651,-1.06011,0.00000,0.00000,0.00000
0.56903,-0.08651,-1.05900,0.00000,0.00000,0.00000
0.56903,-0.08651,-1.05789,0.00000,0.00000,0.00000
0.56903,-0.08651,-1.05678,0.00000,0.00000,0.00000
0.56903,-0.08651,-1.05567,0.00000,0.00000,0.00000
0.56903,-0.08651,-1.05456,0.00000,0.00000,0.00000
0.56903,-0.08651,-1.05344,0.00000,0.00000,0.00000
0.56903,-0.08651,-1.05233,0.00000,0.00000,0.00000
0.56903,-0.08651,-1.05122,0.00000,0.00000,0.00000
0.56903,-0.08651,-1.05010,0.00000,0.00000,0.00000
0.56903,-0.08651,-1.04899,0.00000,0.00000,0.00000
0.56903,-0.08651,-1.04787,0.00000,0.00000,0.00000
0.56903,-0.08651,-1.04676,0.00000,0.00000,0.00000
0.56903,-0.08651,-1.04564,0.00000,0.00000,0.00000
0.56903,-0.08651,-1.04452,0.00000,0.00000,0.00000
0.56903,-0.08651,-1.04340,0.00000,0.00000,0.00000
0.56903,-0.08651,-1.04229,0.00000,0.00000,0.00000
0.56903,-0.08651,-1.04117,0.00000,0.00000,0.00000
0.56903,-0.08651,-1.04005,0.00000,0.00000,0.00000
0.56903,-0.08651,-1.03893,0.00000,0.00000,0.00000
0.56903,-0.08651,-1.03781,0.00000,0.00000,0.00000
0.56903,-0.08651,-1.03669,0.00000,0.00000,0.00000
0.56903,-0.08651,-1.03557,0.00000,0.00000,0.00000
0.56903,-0.08651,-1.03445,0.00000,0.00000,0.00000
0.56903,-0.08651,-1.03332,0.00000,0.00000,0.00000
0.56903,-0.08651,-1.03220,0.00000,0.00000,0.00000
0.56903,-0.08651,-1.03108,0.00000,0.00000,0.00000
0.56903,-0.08651,-1.02996,0.00000,0.00000,0.00000
0.56903,-0.08651,-1.02883,0.00000,0.00000,0.00000
0.56903,-0.08651,-1.02771,0.00000,0.00000,0.00000
0.56903,-0.08651,-1.02659,0.00000,0.00000,0.00000
0.56903,-0.08651,-1.02546,0.00000,0.00000,0.00000
0.56903,-0.08651,-1.02434,0.00000,0.00000,0.00000
0.56903,-0.08651,-1.02322,0.00000,0.00000,0.00000
0.56903,-0.08651,-1.02209,0.00000,0.00000,0.00000
0.56903,-0.08651,-1.02097,0.00000,0.00000,0.00000
0.56903,-0.08651,-1.01984,0.00000,0.00000,0.00000
0.56903,-0.08651,-1.01872,0.00000,0.00000,0.00000
0.56903,-0.08651,-1.01759,0.00000,0.00000,0.00000
0.56903,-0.08651,-1.01647,0.00000,0.00000,0.00000
0.56903,-0.08651,-1.01534,0.00000,0.00000,0.00000
0.56903,-0.08651,-1.01422,0.00000,0.00000,0.00000
0.56903,-0.08651,-1.01309,0.00000,0.00000,0.00000
0.56903,-0.08651,-1.01197,0.00000,0.00000,0.00000
0.56903,-0.08651,-1.01085,0.00000,0.00000,0.00000
0.56903,-0.08651,-1.00972,0.00000,0.00000,0.00000
0.56903,-0.08651,-1.00860,0.00000,0.00000,0.00000
0.56903,-0.08651,-1.00747,0.00000,0.00000,0.00000
0.56903,-0.08651,-1.00635,0.00000,0.00000,0.00000
0.56903,-0.08651,-1.00522,0.00000,0.00000,0.00000
0.56903,-0.08651,-1.00410,0.00000,0.00000,0.00000
0.56903,-0.08651,-1.00297,0.00000,0.00000,0.00000
0.56903,-0.08651,-1.00185,0.00000,0.00000,0.00000
0.56903,-0.08651,-1.00072,0.00000,0.00000,0.00000
0.56903,-0.08651,-0.99960,0.00000,0.00000,0.00000
0.56903,-0.08651,-0.99848,0.00000,0.00000,0.00000
0.56903,-0.08651,-0.99735,0.00000,0.00000,0.00000
0.56903,-0.08651,-0.99623,0.00000,0.00000,0.00000
0.56903,-0.08651,-0.99511,0.00000,0.00000,0.00000
0.56903,-0.08651,-0.99398,0.00000,0.00000,0.00000
0.56903,-0.08651,-0.99286,0.00000,0.00000,0.00000
0.56903,-0.08651,-0.99174,0.00000,0.00000,0.00000
0.56903,-0.08651,-0.99062,0.00000,0.00000,0.00000
0.56903,-0.08651,-0.98949,0.00000,0.00000,0.00000
0.56903,-0.08651,-0.98837,0.00000,0.00000,0.00000
0.56903,-0.08651,-0.98725,0.00000,0.00000,0.00000
0.56903,-0.08651,-0.98613,0.00000,0.00000,0.00000
0.56903,-0.08651,-0.98501,0.00000,0.00000,0.00000
0.56903,-0.08651,-0.98389,0.00000,0.00000,0.00000
0.56903,-0.08651,-0.98277,0.00000,0.00000,0.00000
0.56903,-0.08651,-0.98165,0.00000,0.00000,0.00000
0.56903,-0.08651,-0.98054,0.00000,0.00000,0.00000
0.56903,-0.08651,-0.97942,0.00000,0.00000,0.00000
0.56903,-0.08651,-0.97830,0.00000,0.00000,0.00000
0.56903,-0.08651,-0.97718,0.00000,0.00000,0.00000
0.56903,-0.08651,-0.97607,0.00000,0.00000,0.00000
0.56903,-0.08651,-0.97495,0.00000,0.00000,0.00000
0.56903,-0.08651,-0.97384,0.00000,0.00000,0.00000
0.56903,-0.08651,-0.97272,0.00000,0.00000,0.00000
0.56903,-0.08651,-0.97161,0.00000,0.00000,0.00000
0.56903,-0.08651,-0.97050,0.00000,0.00000,0.00000
0.56903,-0.08651,-0.96938,0.00000,0.00000,0.00000
0.56903,-0.08651,-0.96827,0.00000,0.00000,0.00000
0.56903,-0.08651,-0.96716,0.00000,0.00000,0.00000
0.56903,-0.08651,-0.96605,0.00000,0.00000,0.00000
0.56903,-0.08651,-0.96494,0.00000,0.00000,0.00000
0.56903,-0.08651,-0.96383,0.00000,0.00000,0.00000
0.56903,-0.08651,-0.96272,0.00000,0.00000,0.00000
0.56903,-0.08651,-0.96162,0.00000,0.00000,0.00000
0.56903,-0.08651,-0.96051,0.00000,0.00000,0.00000
0.56903,-0.08651,-0.95941,0.00000,0.00000,0.00000
0.56903,-0.08651,-0.95830,0.00000,0.00000,0.00000
0.56903,-0.08651,-0.95720,0.00000,0.00000,0.00000
0.56903,-0.08651,-0.95609,0.00000,0.00000,0.00000
0.56903,-0.08651,-0.95499,0.00000,0.00000,0.00000
0.56903,-0.08651,-0.95389,0.00000,0.00000,0.00000
0.56903,-0.08651,-0.95279,0.00000,0.00000,0.00000
0.56903,-0.08651,-0.95169,0.00000,0.00000,0.00000
0.56903,-0.08651,-0.95059,0.00000,0.00000,0.00000
0.56903,-0.08651,-0.94949,0.00000,0.00000,0.00000
0.56903,-0.08651,-0.94840,0.00000,0.00000,0.00000
0.56903,-0.08651,-0.94730,0.00000,0.00000,0.00000
0.56903,-0.08651,-0.94621,0.00000,0.00000,0.00000
0.56903,-0.08651,-0.94512,0.00000,0.00000,0.00000
0.56903,-0.08651,-0.94402,0.00000,0.00000,0.00000
0.56903,-0.08651,-0.94293,0.00000,0.00000,0.00000
0.56903,-0.08651,-0.94184,0.00000,0.00000,0.00000
0.56903,-0.08651,-0.94075,0.00000,0.00000,0.00000
0.56903,-0.08651,-0.93966,0.00000,0.00000,0.00000
0.56903,-0.08651,-0.93858,0.00000,0.00000,0.00000
0.56903,-0.08651,-0.93749,0.00000,0.00000,0.00000
0.56903,-0.08651,-0.93641,0.00000,0.00000,0.00000
0.56903,-0.08651,-0.93532,0.00000,0.00000,0.00000
0.56903,-0.08651,-0.93424,0.00000,0.00000,0.00000
0.56903,-0.08651,-0.93316,0.00000,0.00000,0.00000
0.56903,-0.08651,-0.93208,0.00000,0.00000,0.00000
0.56903,-0.08651,-0.93100,0.00000,0.00000,0.00000
0.56903,-0.08651,-0.92993,0.00000,0.00000,0.00000
0.56903,-0.08651,-0.92885,0.00000,0.00000,0.00000
0.56903,-0.08651,-0.92778,0.00000,0.00000,0.00000
0.56903,-0.08651,-0.92670,0.00000,0.00000,0.00000
0.56903,-0.08651,-0.92563,0.00000,0.00000,0.00000
0.56903,-0.08651,-0.92456,0.00000,0.00000,0.00000
0.56903,-0.08651,-0.92349,0.00000,0.00000,0.00000
0.56903,-0.08651,-0.92243,0.00000,0.00000,0.00000
0.56903,-0.08651,-0.92136,0.00000,0.00000,0.00000
0.56903,-0.08651,-0.92030,0.00000,0.00000,0.00000
0.56903,-0.08651,-0.91923,0.00000,0.00000,0.00000
0.56903,-0.08651,-0.91817,0.00000,0.00000,0.00000
0.56903,-0.08651,-0.91711,0.00000,0.00000,0.00000
0.56903,-0.08651,-0.91605,0.00000,0.00000,0.00000
0.56903,-0.08651,-0.91500,0.00000,0.00000,0.00000
0.56903,-0.08651,-0.91394,0.00000,0.00000,0.00000
0.56903,-0.08651,-0.91289,0.00000,0.00000,0.00000
0.56903,-0.08651,-0.91183,0.00000,0.00000,0.00000
0.56903,-0.08651,-0.91078,0.00000,0.00000,0.00000
0.56903,-0.08651,-0.90973,0.00000,0.00000,0.00000
0.56903,-0.08651,-0.90869,0.00000,0.00000,0.00000
0.56903,-0.08651,-0.90764,0.00000,0.00000,0.00000
0.56903,-0.08651,-0.90659,0.00000,0.00000,0.00000
0.56903,-0.08651,-0.90555,0.00000,0.00000,0.00000
0.56903,-0.08651,-0.90451,0.00000,0.00000,0.00000
0.56903,-0.08651,-0.90347,0.00000,0.00000,0.00000
0.56903,-0.08651,-0.90243,0.00000,0.00000,0.00000
0.56903,-0.08651,-0.90140,0.00000,0.00000,0.00000
0.56903,-0.08651,-0.90036,0.00000,0.00000,0.00000
0.56903,-0.08651,-0.89933,0.00000,0.00000,0.00000
0.56903,-0.08651,-0.89830,0.00000,0.00000,0.00000
0.56903,-0.08651,-0.89727,0.00000,0.00000,0.00000
0.56903,-0.08651,-0.89624,0.00000,0.00000,0.00000
0.56903,-0.08651,-0.89522,0.00000,0.00000,0.00000
0.56903,-0.08651,-0.89420,0.00000,0.00000,0.00000
0.56903,-0.08651,-0.89317,0.00000,0.00000,0.00000
0.56903,-0.08651,-0.89216,0.00000,0.00000,0.00000
0.56903,-0.08651,-0.89114,0.00000,0.00000,0.00000
0.56903,-0.08651,-0.89012,0.00000,0.00000,0.00000
0.56903,-0.08651,-0.88911,0.00000,0.00000,0.00000
0.56903,-0.08651,-0.88810,0.00000,0.00000,0.00000
0.56903,-0.08651,-0.88709,0.00000,0.00000,0.00000
0.56903,-0.08651,-0.88608,0.00000,0.00000,0.00000
0.56903,-0.08651,-0.88507,0.00000,0.00000,0.00000
0.56903,-0.08651,-0.88407,0.00000,0.00000,0.00000
0.56903,-0.08651,-0.88306,0.00000,0.00000,0.00000
0.56903,-0.08651,-0.88206,0.00000,0.00000,0.00000
0.56903,-0.08651,-0.88107,0.00000,0.00000,0.00000
0.56903,-0.08651,-0.88007,0.00000,0.00000,0.00000
0.56903,-0.08651,-0.87908,0.00000,0.00000,0.00000
0.56903,-0.08651,-0.87808,0.00000,0.00000,0.00000
0.56903,-0.08651,-0.87709,0.00000,0.00000,0.00000
0.56903,-0.08651,-0.87611,0.00000,0.00000,0.00000
0.56903,-0.08651,-0.87512,0.00000,0.00000,0.00000
0.56903,-0.08651,-0.87414,0.00000,0.00000,0.00000
0.56903,-0.08651,-0.87316,0.00000,0.00000,0.00000
0.56903,-0.08651,-0.87218,0.00000,0.00000,0.00000
0.56903,-0.08651,-0.87120,0.00000,0.00000,0.00000
0.56903,-0.08651,-0.87023,0.00000,0.00000,0.00000
0.56903,-0.08651,-0.86925,0.00000,0.00000,0.00000
0.56903,-0.08651,-0.86828,0.00000,0.00000,0.00000
0.56903,-0.08651,-0.86731,0.00000,0.00000,0.00000
0.56903,-0.08651,-0.86635,0.00000,0.00000,0.00000
0.56903,-0.08651,-0.86539,0.00000,0.00000,0.00000
0.56903,-0.08651,-0.86442,0.00000,0.00000,0.00000
0.56903,-0.08651,-0.86347,0.00000,0.00000,0.00000
0.56903,-0.08651,-0.86251,0.00000,0.00000,0.00000
0.56903,-0.08651,-0.86155,0.00000,0.00000,0.00000
0.56903,-0.08651,-0.86060,0.00000,0.00000,0.00000
0.56903,-0.08651,-0.85965,0.00000,0.00000,0.00000
0.56903,-0.08651,-0.85871,0.00000,0.00000,0.00000
0.56903,-0.08651,-0.85776,0.00000,0.00000,0.00000
0.56903,-0.08651,-0.85682,0.00000,0.00000,0.00000
0.56903,-0.08651,-0.85588,0.00000,0.00000,0.00000
0.56903,-0.08651,-0.85494,0.00000,0.00000,0.00000
0.56903,-0.08651,-0.85400,0.00000,0.00000,0.00000
0.56903,-0.08651,-0.85307,0.00000,0.00000,0.00000
0.56903,-0.08651,-0.85214,0.00000,0.00000,0.00000
0.56903,-0.08651,-0.85121,0.00000,0.00000,0.00000
0.56903,-0.08651,-0.85029,0.00000,0.00000,0.00000
0.56903,-0.08651,-0.84936,0.00000,0.00000,0.00000
0.56903,-0.08651,-0.84844,0.00000,0.00000,0.00000
0.56903,-0.08651,-0.84753,0.00000,0.00000,0.00000
0.56903,-0.08651,-0.84661,0.00000,0.00000,0.00000
0.56903,-0.08651,-0.84570,0.00000,0.00000,0.00000
0.56903,-0.08651,-0.84479,0.00000,0.00000,0.00000
0.56903,-0.08651,-0.84388,0.00000,0.00000,0.00000
0.56903,-0.08651,-0.84298,0.00000,0.00000,0.00000
0.56903,-0.08651,-0.84207,0.00000,0.00000,0.00000
0.56903,-0.08651,-0.84117,0.00000,0.00000,0.00000
0.56903,-0.08651,-0.84028,0.00000,0.00000,0.00000
0.56903,-0.08651,-0.83938,0.00000,0.00000,0.00000
0.56903,-0.08651,-0.83849,0.00000,0.00000,0.00000
0.56903,-0.08651,-0.83760,0.00000,0.00000,0.00000
0.56903,-0.08651,-0.83671,0.00000,0.00000,0.00000
0.56903,-0.08651,-0.83583,0.00000,0.00000,0.00000
0.56903,-0.08651,-0.83495,0.00000,0.00000,0.00000
0.56903,-0.08651,-0.83407,0.00000,0.00000,0.00000
0.56903,-0.08651,-0.83319,0.00000,0.00000,0.00000
0.56903,-0.08651,-0.83232,0.00000,0.00000,0.00000
0.56903,-0.08651,-0.83145,0.00000,0.00000,0.00000
0.56903,-0.08651,-0.83058,0.00000,0.00000,0.00000
0.56903,-0.08651,-0.82972,0.00000,0.00000,0.00000
0.56903,-0.08651,-0.82886,0.00000,0.00000,0.00000
0.56903,-0.08651,-0.82800,0.00000,0.00000,0.00000
0.56903,-0.08651,-0.82714,0.00000,0.00000,0.00000
0.56903,-0.08651,-0.82629,0.00000,0.00000,0.00000
0.56903,-0.08651,-0.82543,0.00000,0.00000,0.00000
0.56903,-0.08651,-0.82459,0.00000,0.00000,0.00000
0.56903,-0.08651,-0.82374,0.00000,0.00000,0.00000
0.56903,-0.08651,-0.82290,0.00000,0.00000,0.00000
0.56903,-0.08651,-0.82206,0.00000,0.00000,0.00000
0.56903,-0.08651,-0.82122,0.00000,0.00000,0.00000
0.56903,-0.08651,-0.82039,0.00000,0.00000,0.00000
0.56903,-0.08651,-0.81956,0.00000,0.00000,0.00000
0.56903,-0.08651,-0.81873,0.00000,0.00000,0.00000
0.56903,-0.08651,-0.81791,0.00000,0.00000,0.00000
0.56903,-0.08651,-0.81708,0.00000,0.00000,0.00000
0.56903,-0.08651,-0.81626,0.00000,0.00000,0.00000
0.56903,-0.08651,-0.81545,0.00000,0.00000,0.00000
0.56903,-0.08651,-0.81463,0.00000,0.00000,0.00000
0.56903,-0.08651,-0.81382,0.00000,0.00000,0.00000
0.56903,-0.08651,-0.81302,0.00000,0.00000,0.00000
0.56903,-0.08651,-0.81221,0.00000,0.00000,0.00000
0.56903,-0.08651,-0.81141,0.00000,0.00000,0.00000
0.56903,-0.08651,-0.81061,0.00000,0.00000,0.00000
0.56903,-0.08651,-0.80982,0.00000,0.00000,0.00000
0.56903,-0.08651,-0.80903,0.00000,0.00000,0.00000
0.56903,-0.08651,-0.80824,0.00000,0.00000,0.00000
0.56903,-0.08651,-0.80745,0.00000,0.00000,0.00000
0.56903,-0.08651,-0.80667,0.00000,0.00000,0.00000
0.56903,-0.08651,-0.80589,0.00000,0.00000,0.00000
0.56903,-0.08651,-0.80511,0.00000,0.00000,0.00000
0.56903,-0.08651,-0.80434,0.00000,0.00000,0.00000
0.56903,-0.08651,-0.80357,0.00000,0.00000,0.00000
0.56903,-0.08651,-0.80280,0.00000,0.00000,0.00000
0.56903,-0.08651,-0.80203,0.00000,0.00000,0.00000
0.56903,-0.08651,-0.80127,0.00000,0.00000,0.00000
0.56903,-0.08651,-0.80051,0.00000,0.00000,0.00000
0.56903,-0.08651,-0.79976,0.00000,0.00000,0.00000
0.56903,-0.08651,-0.79901,0.00000,0.00000,0.00000
0.56903,-0.08651,-0.79826,0.00000,0.00000,0.00000
0.56903,-0.08651,-0.79751,0.00000,0.00000,0.00000
0.56903,-0.08651,-0.79677,0.00000,0.00000,0.00000
0.56903,-0.08651,-0.79603,0.00000,0.00000,0.00000
0.56903,-0.08651,-0.79529,0.00000,0.00000,0.00000
0.56903,-0.08651,-0.79456,0.00000,0.00000,0.00000
0.56903,-0.08651,-0.79383,0.00000,0.00000,0.00000
0.56903,-0.08651,-0.79310,0.00000,0.00000,0.00000
0.56903,-0.08651,-0.79238,0.00000,0.00000,0.00000
0.56903,-0.08651,-0.79166,0.00000,0.00000,0.00000
0.56903,-0.08651,-0.79094,0.00000,0.00000,0.00000
0.56903,-0.08651,-0.79023,0.00000,0.00000,0.00000
0.56903,-0.08651,-0.78952,0.00000,0.00000,0.00000
0.56903,-0.08651,-0.78881,0.00000,0.00000,0.00000
0.56903,-0.08651,-0.78810,0.00000,0.00000,0.00000
0.56903,-0.08651,-0.78740,0.00000,0.00000,0.00000
0.56903,-0.08651,-0.78671,0.00000,0.00000,0.00000
0.56903,-0.08651,-0.78601,0.00000,0.00000,0.00000
0.56903,-0.08651,-0.78532,0.00000,0.00000,0.00000
0.56903,-0.08651,-0.78463,0.00000,0.00000,0.00000
0.56903,-0.08651,-0.78395,0.00000,0.00000,0.00000
0.56903,-0.08651,-0.78327,0.00000,0.00000,0.00000
0.56903,-0.08651,-0.78259,0.00000,0.00000,0.00000
0.56903,-0.08651,-0.78191,0.00000,0.00000,0.00000
0.56903,-0.08651,-0.78124,0.00000,0.00000,0.00000
0.56903,-0.08651,-0.78058,0.00000,0.00000,0.00000
0.56903,-0.08651,-0.77991,0.00000,0.00000,0.00000
0.56903,-0.08651,-0.77925,0.00000,0.00000,0.00000
0.56903,-0.08651,-0.77859,0.00000,0.00000,0.00000
0.56903,-0.08651,-0.77794,0.00000,0.00000,0.00000
0.56903,-0.08651,-0.77729,0.00000,0.00000,0.00000
0.56903,-0.08651,-0.77664,0.00000,0.00000,0.00000
0.56903,-0.08651,-0.77599,0.00000,0.00000,0.00000
0.56903,-0.08651,-0.77535,0.00000,0.00000,0.00000
0.56903,-0.08651,-0.77471,0.00000,0.00000,0.00000
0.56903,-0.08651,-0.77408,0.00000,0.00000,0.00000
0.56903,-0.08651,-0.77345,0.00000,0.00000,0.00000
0.56903,-0.08651,-0.77282,0.00000,0.00000,0.00000
0.56903,-0.08651,-0.77220,0.00000,0.00000,0.00000
0.56903,-0.08651,-0.77158,0.00000,0.00000,0.00000
0.56903,-0.08651,-0.77096,0.00000,0.00000,0.00000
0.56903,-0.08651,-0.77034,0.00000,0.00000,0.00000
0.56903,-0.08651,-0.76973,0.00000,0.00000,0.00000
0.56903,-0.08651,-0.76913,0.00000,0.00000,0.00000
0.56903,-0.08651,-0.76852,0.00000,0.00000,0.00000
0.56903,-0.08651,-0.76792,0.00000,0.00000,0.00000
0.56903,-0.08651,-0.76732,0.00000,0.00000,0.00000
0.56903,-0.08651,-0.76673,0.00000,0.00000,0.00000
0.56903,-0.08651,-0.76614,0.00000,0.00000,0.00000
0.56903,-0.08651,-0.76555,0.00000,0.00000,0.00000
0.56903,-0.08651,-0.76497,0.00000,0.00000,0.00000
0.56903,-0.08651,-0.76439,0.00000,0.00000,0.00000
0.56903,-0.08651,-0.76381,0.00000,0.00000,0.00000
0.56903,-0.08651,-0.76324,0.00000,0.00000,0.00000
0.56903,-0.08651,-0.76267,0.00000,0.00000,0.00000
0.56903,-0.08651,-0.76210,0.00000,0.00000,0.00000
0.56903,-0.08651,-0.76154,0.00000,0.00000,0.00000
0.56903,-0.08651,-0.76098,0.00000,0.00000,0.00000
0.56903,-0.08651,-0.76043,0.00000,0.00000,0.00000
0.56903,-0.08651,-0.75987,0.00000,0.00000,0.00000
0.56903,-0.08651,-0.75932,0.00000,0.00000,0.00000
0.56903,-0.08651,-0.75878,0.00000,0.00000,0.00000
0.56903,-0.08651,-0.75824,0.00000,0.00000,0.00000
0.56903,-0.08651,-0.75770,0.00000,0.00000,0.00000
0.56903,-0.08651,-0.75716,0.00000,0.00000,0.00000
0.56903,-0.08651,-0.75663,0.00000,0.00000,0.00000
0.56903,-0.08651,-0.75610,0.00000,0.00000,0.00000
0.56903,-0.08651,-0.75558,0.00000,0.00000,0.00000
0.56903,-0.08651,-0.75506,0.00000,0.00000,0.00000
0.56903,-0.08651,-0.75454,0.00000,0.00000,0.00000
0.56903,-0.08651,-0.75402,0.00000,0.00000,0.00000
0.56903,-0.08651,-0.75351,0.00000,0.00000,0.00000
0.56903,-0.08651,-0.75300,0.00000,0.00000,0.00000
0.56903,-0.08651,-0.75250,0.00000,0.00000,0.00000
0.56903,-0.08651,-0.75200,0.00000,0.00000,0.00000
0.56903,-0.08651,-0.75150,0.00000,0.00000,0.00000
0.56903,-0.08651,-0.75101,0.00000,0.00000,0.00000
0.56903,-0.08651,-0.75052,0.00000,0.00000,0.00000
0.56903,-0.08651,-0.75003,0.00000,0.00000,0.00000
0.56903,-0.08651,-0.74955,0.00000,0.00000,0.00000
0.56903,-0.08651,-0.74907,0.00000,0.00000,0.00000
0.56903,-0.08651,-0.74859,0.00000,0.00000,0.00000
0.56903,-0.08651,-0.74812,0.00000,0.00000,0.00000
0.56903,-0.08651,-0.74765,0.00000,0.00000,0.00000
0.56903,-0.08651,-0.74718,0.00000,0.00000,0.00000
0.56903,-0.08651,-0.74672,0.00000,0.00000,0.00000
0.56903,-0.08651,-0.74626,0.00000,0.00000,0.00000
0.56903,-0.08651,-0.74581,0.00000,0.00000,0.00000
0.56903,-0.08651,-0.74536,0.00000,0.00000,0.00000
0.56903,-0.08651,-0.74491,0.00000,0.00000,0.00000
0.56903,-0.08651,-0.74446,0.00000,0.00000,0.00000
0.56903,-0.08651,-0.74402,0.00000,0.00000,0.00000
0.56903,-0.08651,-0.74358,0.00000,0.00000,0.00000
0.56903,-0.08651,-0.74315,0.00000,0.00000,0.00000
0.56903,-0.08651,-0.74271,0.00000,0.00000,0.00000
0.56903,-0.08651,-0.74229,0.00000,0.00000,0.00000
0.56903,-0.08651,-0.74186,0.00000,0.00000,0.00000
0.56903,-0.08651,-0.74144,0.00000,0.00000,0.00000
0.56903,-0.08651,-0.74102,0.00000,0.00000,0.00000
0.56903,-0.08651,-0.74061,0.00000,0.00000,0.00000
0.56903,-0.08651,-0.74020,0.00000,0.00000,0.00000
0.56903,-0.08651,-0.73979,0.00000,0.00000,0.00000
0.56903,-0.08651,-0.73939,0.00000,0.00000,0.00000
0.56903,-0.08651,-0.73899,0.00000,0.00000,0.00000
0.56903,-0.08651,-0.73859,0.00000,0.00000,0.00000
0.56903,-0.08651,-0.73819,0.00000,0.00000,0.00000
0.56903,-0.08651,-0.73780,0.00000,0.00000,0.00000
0.56903,-0.08651,-0.73742,0.00000,0.00000,0.00000
0.56903,-0.08651,-0.73703,0.00000,0.00000,0.00000
0.56903,-0.08651,-0.73665,0.00000,0.00000,0.00000
0.56903,-0.08651,-0.73628,0.00000,0.00000,0.00000
0.56903,-0.08651,-0.73590,0.00000,0.00000,0.00000
0.56903,-0.08651,-0.73553,0.00000,0.00000,0.00000
0.56903,-0.08651,-0.73517,0.00000,0.00000,0.00000
0.56903,-0.08651,-0.73480,0.00000,0.00000,0.00000
0.56903,-0.08651,-0.73444,0.00000,0.00000,0.00000
0.56903,-0.08651,-0.73409,0.00000,0.00000,0.00000
0.56903,-0.08651,-0.73373,0.00000,0.00000,0.00000
0.56903,-0.08651,-0.73338,0.00000,0.00000,0.00000
0.56903,-0.08651,-0.73304,0.00000,0.00000,0.00000
0.56903,-0.08651,-0.73269,0.00000,0.00000,0.00000
0.56903,-0.08651,-0.73235,0.00000,0.00000,0.00000
0.56903,-0.08651,-0.73202,0.00000,0.00000,0.00000
0.56903,-0.08651,-0.73168,0.00000,0.00000,0.00000
0.56903,-0.08651,-0.73135,0.00000,0.00000,0.00000
0.56903,-0.08651,-0.73103,0.00000,0.00000,0.00000
0.56903,-0.08651,-0.73070,0.00000,0.00000,0.00000
0.56903,-0.08651,-0.73038,0.00000,0.00000,0.00000
0.56903,-0.08651,-0.73006,0.00000,0.00000,0.00000
0.56903,-0.08651,-0.72975,0.00000,0.00000,0.00000
0.56903,-0.08651,-0.72944,0.00000,0.00000,0.00000
0.56903,-0.08651,-0.72913,0.00000,0.00000,0.00000
0.56903,-0.08651,-0.72883,0.00000,0.00000,0.00000
0.56903,-0.08651,-0.72853,0.00000,0.00000,0.00000
0.56903,-0.08651,-0.72823,0.00000,0.00000,0.00000
0.56903,-0.08651,-0.72794,0.00000,0.00000,0.00000
0.56903,-0.08651,-0.72765,0.00000,0.00000,0.00000
0.56903,-0.08651,-0.72736,0.00000,0.00000,0.00000
0.56903,-0.08651,-0.72707,0.00000,0.00000,0.00000
0.56903,-0.08651,-0.72679,0.00000,0.00000,0.00000
0.56903,-0.08651,-0.72651,0.00000,0.00000,0.00000
0.56903,-0.08651,-0.72624,0.00000,0.00000,0.00000
0.56903,-0.08651,-0.72597,0.00000,0.00000,0.00000
0.56903,-0.08651,-0.72570,0.00000,0.00000,0.00000
0.56903,-0.08651,-0.72543,0.00000,0.00000,0.00000
0.56903,-0.08651,-0.72517,0.00000,0.00000,0.00000
0.56903,-0.08651,-0.72491,0.00000,0.00000,0.00000
0.56903,-0.08651,-0.72465,0.00000,0.00000,0.00000
0.56903,-0.08651,-0.72440,0.00000,0.00000,0.00000
0.56903,-0.08651,-0.72415,0.00000,0.00000,0.00000
0.56903,-0.08651,-0.72390,0.00000,0.00000,0.00000
0.56903,-0.08651,-0.72366,0.00000,0.00000,0.00000
0.56903,-0.08651,-0.72342,0.00000,0.00000,0.00000
0.56903,-0.08651,-0.72318,0.00000,0.00000,0.00000
0.56903,-0.08651,-0.72295,0.00000,0.00000,0.00000
0.56903,-0.08651,-0.72272,0.00000,0.00000,0.00000
0.56903,-0.08651,-0.72249,0.00000,0.00000,0.00000
0.56903,-0.08651,-0.72226,0.00000,0.00000,0.00000
0.56903,-0.08651,-0.72204,0.00000,0.00000,0.00000
0.56903,-0.08651,-0.72182,0.00000,0.00000,0.00000
0.56903,-0.08651,-0.72160,0.00000,0.00000,0.00000
0.56903,-0.08651,-0.72139,0.00000,0.00000,0.00000
0.56903,-0.08651,-0.72118,0.00000,0.00000,0.00000
0.56903,-0.08651,-0.72097,0.00000,0.00000,0.00000
0.56903,-0.08651,-0.72076,0.00000,0.00000,0.00000
0.56903,-0.08651,-0.72056,0.00000,0.00000,0.00000
0.56903,-0.08651,-0.72036,0.00000,0.00000,0.00000
0.56903,-0.08651,-0.72017,0.00000,0.00000,0.00000
0.56903,-0.08651,-0.71997,0.00000,0.00000,0.00000
0.56903,-0.08651,-0.71978,0.00000,0.00000,0.00000
0.56903,-0.08651,-0.71959,0.00000,0.00000,0.00000
0.56903,-0.08651,-0.71941,0.00000,0.00000,0.00000
0.56903,-0.08651,-0.71923,0.00000,0.00000,0.00000
0.56903,-0.08651,-0.71905,0.00000,0.00000,0.00000
0.56903,-0.08651,-0.71887,0.00000,0.00000,0.00000
0.56903,-0.08651,-0.71870,0.00000,0.00000,0.00000
0.56903,-0.08651,-0.71853,0.00000,0.00000,0.00000
0.56903,-0.08651,-0.71836,0.00000,0.00000,0.00000
0.56903,-0.08651,-0.71819,0.00000,0.00000,0.00000
0.56903,-0.08651,-0.71803,0.00000,0.00000,0.00000
0.56903,-0.08651,-0.71787,0.00000,0.00000,0.00000
0.56903,-0.08651,-0.71771,0.00000,0.00000,0.00000
0.56903,-0.08651,-0.71756,0.00000,0.00000,0.00000
0.56903,-0.08651,-0.71740,0.00000,0.00000,0.00000
0.56903,-0.08651,-0.71725,0.00000,0.00000,0.00000
0.56903,-0.08651,-0.71711,0.00000,0.00000,0.00000
0.56903,-0.08651,-0.71696,0.00000,0.00000,0.00000
0.56903,-0.08651,-0.71682,0.00000,0.00000,0.00000
0.56903,-0.08651,-0.71668,0.00000,0.00000,0.00000
0.56903,-0.08651,-0.71654,0.00000,0.00000,0.00000
0.56903,-0.08651,-0.71641,0.00000,0.00000,0.00000
0.56903,-0.08651,-0.71628,0.00000,0.00000,0.00000
0.56903,-0.08651,-0.71615,0.00000,0.00000,0.00000
0.56903,-0.08651,-0.71602,0.00000,0.00000,0.00000
0.56903,-0.08651,-0.71590,0.00000,0.00000,0.00000
0.56903,-0.08651,-0.71577,0.00000,0.00000,0.00000
0.56903,-0.08651,-0.71566,0.00000,0.00000,0.00000
0.56903,-0.08651,-0.71554,0.00000,0.00000,0.00000
0.56903,-0.08651,-0.71542,0.00000,0.00000,0.00000
0.56903,-0.08651,-0.71531,0.00000,0.00000,0.00000
0.56903,-0.08651,-0.71520,0.00000,0.00000,0.00000
0.56903,-0.08651,-0.71509,0.00000,0.00000,0.00000
0.56903,-0.08651,-0.71499,0.00000,0.00000,0.00000
0.56903,-0.08651,-0.71488,0.00000,0.00000,0.00000
0.56903,-0.08651,-0.71478,0.00000,0.00000,0.00000
0.56903,-0.08651,-0.71469,0.00000,0.00000,0.00000
0.56903,-0.08651,-0.71459,0.00000,0.00000,0.00000
0.56903,-0.08651,-0.71449,0.00000,0.00000,0.00000
0.56903,-0.08651,-0.71440,0.00000,0.00000,0.00000
0.56903,-0.08651,-0.71431,0.00000,0.00000,0.00000
0.56903,-0.08651,-0.71423,0.00000,0.00000,0.00000
0.56903,-0.08651,-0.71414,0.00000,0.00000,0.00000
0.56903,-0.08651,-0.71406,0.00000,0.00000,0.00000
0.56903,-0.08651,-0.71397,0.00000,0.00000,0.00000
0.56903,-0.08651,-0.71390,0.00000,0.00000,0.00000
0.56903,-0.08651,-0.71382,0.00000,0.00000,0.00000
0.56903,-0.08651,-0.71374,0.00000,0.00000,0.00000
0.56903,-0.08651,-0.71367,0.00000,0.00000,0.00000
0.56903,-0.08651,-0.71360,0.00000,0.00000,0.00000
0.56903,-0.08651,-0.71353,0.00000,0.00000,0.00000
0.56903,-0.08651,-0.71346,0.00000,0.00000,0.00000
0.56903,-0.08651,-0.71340,0.00000,0.00000,0.00000
0.56903,-0.08651,-0.71333,0.00000,0.00000,0.00000
0.56903,-0.08651,-0.71327,0.00000,0.00000,0.00000
0.56903,-0.08651,-0.71321,0.00000,0.00000,0.00000
0.56903,-0.08651,-0.71315,0.00000,0.00000,0.00000
0.56903,-0.08651,-0.71310,0.00000,0.00000,0.00000
0.56903,-0.08651,-0.71304,0.00000,0.00000,0.00000
0.56903,-0.08651,-0.71299,0.00000,0.00000,0.00000
0.56903,-0.08651,-0.71294,0.00000,0.00000,0.00000
0.56903,-0.08651,-0.71289,0.00000,0.00000,0.00000
0.56903,-0.08651,-0.71284,0.00000,0.00000,0.00000
0.56903,-0.08651,-0.71279,0.00000,0.00000,0.00000
0.56903,-0.08651,-0.71275,0.00000,0.00000,0.00000
0.56903,-0.08651,-0.71271,0.00000,0.00000,0.00000
0.56903,-0.08651,-0.71266,0.00000,0.00000,0.00000
0.56903,-0.08651,-0.71263,0.00000,0.00000,0.00000
0.56903,-0.08651,-0.71259,0.00000,0.00000,0.00000
0.56903,-0.08651,-0.71255,0.00000,0.00000,0.00000
0.56903,-0.08651,-0.71251,0.00000,0.00000,0.00000
0.56903,-0.08651,-0.71248,0.00000,0.00000,0.00000
0.56903,-0.08651,-0.71245,0.00000,0.00000,0.00000
0.56903,-0.08651,-0.71242,0.00000,0.00000,0.00000
0.56903,-0.08651,-0.71239,0.00000,0.00000,0.00000
0.56903,-0.08651,-0.71236,0.00000,0.00000,0.00000
0.56903,-0.08651,-0.71233,0.00000,0.00000,0.00000
0.56903,-0.08651,-0.71231,0.00000,0.00000,0.00000
0.56903,-0.08651,-0.71228,0.00000,0.00000,0.00000
0.56903,-0.08651,-0.71226,0.00000,0.00000,0.00000
0.56903,-0.08651,-0.71224,0.00000,0.00000,0.00000
0.56903,-0.08651,-0.71221,0.00000,0.00000,0.00000
0.56903,-0.08651,-0.71219,0.00000,0.00000,0.00000
0.56903,-0.08651,-0.71218,0.00000,0.00000,0.00000
0.56903,-0.08651,-0.71216,0.00000,0.00000,0.00000
0.56903,-0.08651,-0.71214,0.00000,0.00000,0.00000
0.56903,-0.08651,-0.71212,0.00000,0.00000,0.00000
0.56903,-0.08651,-0.71211,0.00000,0.00000,0.00000
0.56903,-0.08651,-0.71210,0.00000,0.00000,0.00000
0.56903,-0.08651,-0.71208,0.00000,0.00000,0.00000
0.56903,-0.08651,-0.71207,0.00000,0.00000,0.00000
0.56903,-0.08651,-0.71206,0.00000,0.00000,0.00000
0.56903,-0.08651,-0.71205,0.00000,0.00000,0.00000
0.56903,-0.08651,-0.71204,0.00000,0.00000,0.00000
0.56903,-0.08651,-0.71203,0.00000,0.00000,0.00000
0.56903,-0.08651,-0.71202,0.00000,0.00000,0.00000
0.56903,-0.08651,-0.71202,0.00000,0.00000,0.00000
0.56903,-0.08651,-0.71201,0.00000,0.00000,0.00000
0.56903,-0.08651,-0.71200,0.00000,0.00000,0.00000
0.56903,-0.08651,-0.71200,0.00000,0.00000,0.00000
0.56903,-0.08651,-0.71199,0.00000,0.00000,0.00000
0.56903,-0.08651,-0.71199,0.00000,0.00000,0.00000
0.56903,-0.08651,-0.71199,0.00000,0.00000,0.00000
0.56903,-0.08651,-0.71198,0.00000,0.00000,0.00000
0.56903,-0.08651,-0.71198,0.00000,0.00000,0.00000
0.56903,-0.08651,-0.71198,0.00000,0.00000,0.00000
0.56903,-0.08651,-0.71198,0.00000,0.00000,0.00000
0.56903,-0.08651,-0.71197,0.00000,0.00000,0.00000
0.56903,-0.08651,-0.71197,0.00000,0.00000,0.00000
0.56903,-0.08651,-0.71197,0.00000,0.00000,0.00000
0.56903,-0.08651,-0.71197,0.00000,0.00000,0.00000
0.56903,-0.08651,-0.71197,0.00000,0.00000,0.00000
0.56903,-0.08651,-0.71197,0.00000,0.00000,0.00000
0.56903,-0.08651,-0.71197,0.00000,0.00000,0.00000
0.56903,-0.08651,-0.71197,0.00000,0.00000,0.00000
0.56903,-0.08651,-0.71197,0.00000,0.00000,0.00000
0.56903,-0.08651,-0.71197,0.00000,0.00000,0.00000
