0.00017,0.00001,0.00001,-0.00017,-0.00008,0.00004,-0.00003,0.00007
0.00017,0.00001,0.00001,-0.00017,-0.00008,0.00004,-0.00003,0.00007
0.00020,0.00001,0.00000,-0.00021,-0.00010,0.00004,-0.00003,0.00008
0.00037,0.00002,-0.00000,-0.00037,-0.00015,0.00003,-0.00003,0.00013
0.00054,0.00002,0.00007,-0.00054,-0.00020,0.00003,-0.00005,0.00018
0.00070,0.00002,0.00006,-0.00071,-0.00026,0.00003,-0.00005,0.00024
0.00076,0.00002,0.00006,-0.00074,-0.00028,0.00003,-0.00005,0.00025
0.00081,0.00003,0.00006,-0.00078,-0.00029,0.00003,-0.00005,0.00026
0.00082,0.00003,0.00006,-0.00079,-0.00030,0.00003,-0.00005,0.00026
0.00099,0.00004,0.00006,-0.00096,-0.00035,0.00003,-0.00005,0.00032
0.00116,0.00004,0.00005,-0.00113,-0.00041,0.00002,-0.00005,0.00037
0.00133,0.00005,0.00004,-0.00130,-0.00046,0.00002,-0.00005,0.00042
0.00149,0.00005,0.00004,-0.00146,-0.00052,0.00002,-0.00005,0.00047
0.00166,0.00006,0.00004,-0.00163,-0.00057,0.00001,-0.00005,0.00052
0.00183,0.00006,0.00004,-0.00180,-0.00063,0.00001,-0.00005,0.00058
0.00199,0.00006,0.00003,-0.00196,-0.00068,0.00001,-0.00006,0.00063
0.00205,0.00016,-0.00006,-0.00202,-0.00070,-0.00003,-0.00003,0.00064
0.00212,0.00033,-0.00023,-0.00209,-0.00073,-0.00008,0.00002,0.00066
0.00225,0.00045,-0.00040,-0.00209,-0.00077,-0.00012,0.00007,0.00066
0.00225,0.00045,-0.00040,-0.00209,-0.00077,-0.00012,0.00007,0.00066
0.00225,0.00045,-0.00040,-0.00209,-0.00077,-0.00012,0.00007,0.00066
0.00225,0.00045,-0.00040,-0.00209,-0.00077,-0.00012,0.00007,0.00066
0.00225,0.00045,-0.00040,-0.00209,-0.00077,-0.00012,0.00007,0.00066
0.00225,0.00045,-0.00040,-0.00209,-0.00077,-0.00012,0.00007,0.00066
0.00225,0.00045,-0.00040,-0.00209,-0.00077,-0.00012,0.00007,0.00066
0.00225,0.00045,-0.00040,-0.00209,-0.00077,-0.00012,0.00007,0.00066
0.00225,0.00045,-0.00040,-0.00209,-0.00077,-0.00012,0.00007,0.00066
0.00225,0.00045,-0.00040,-0.00209,-0.00077,-0.00012,0.00007,0.00066
0.00225,0.00045,-0.00040,-0.00209,-0.00077,-0.00012,0.00007,0.00066
0.00225,0.00045,-0.00040,-0.00209,-0.00077,-0.00012,0.00007,0.00066
0.00225,0.00045,-0.00040,-0.00209,-0.00077,-0.00012,0.00007,0.00066
0.00225,0.00045,-0.00040,-0.00209,-0.00077,-0.00012,0.00007,0.00066
0.00225,0.00045,-0.00040,-0.00209,-0.00077,-0.00012,0.00007,0.00066
0.00226,0.00053,-0.00047,-0.00214,-0.00089,-0.00026,-0.00002,0.00056
0.00226,0.00053,-0.00047,-0.00214,-0.00089,-0.00026,-0.00002,0.00056
0.00226,0.00053,-0.00047,-0.00214,-0.00089,-0.00026,-0.00002,0.00056
0.00226,0.00053,-0.00047,-0.00214,-0.00089,-0.00026,-0.00002,0.00056
0.00226,0.00053,-0.00047,-0.00214,-0.00089,-0.00026,-0.00002,0.00056
0.00226,0.00053,-0.00047,-0.00214,-0.00089,-0.00026,-0.00002,0.00056
0.00226,0.00053,-0.00047,-0.00214,-0.00089,-0.00026,-0.00002,0.00056
0.00226,0.00053,-0.00047,-0.00214,-0.00089,-0.00026,-0.00002,0.00056
0.00231,0.00070,-0.00059,-0.00221,-0.00102,-0.00043,-0.00010,0.00047
0.00231,0.00070,-0.00059,-0.00221,-0.00102,-0.00043,-0.00010,0.00047
0.00231,0.00070,-0.00059,-0.00221,-0.00102,-0.00043,-0.00010,0.00047
0.00231,0.00070,-0.00059,-0.00221,-0.00102,-0.00043,-0.00010,0.00047
0.00231,0.00070,-0.00059,-0.00221,-0.00102,-0.00043,-0.00010,0.00047
0.00231,0.00070,-0.00059,-0.00221,-0.00102,-0.00043,-0.00010,0.00047
0.00235,0.00081,-0.00069,-0.00226,-0.00116,-0.00059,-0.00019,0.00036
0.00235,0.00081,-0.00069,-0.00226,-0.00116,-0.00059,-0.00019,0.00036
0.00235,0.00081,-0.00069,-0.00226,-0.00116,-0.00059,-0.00019,0.00036
0.00235,0.00081,-0.00069,-0.00226,-0.00116,-0.00059,-0.00019,0.00036
0.00235,0.00081,-0.00069,-0.00226,-0.00116,-0.00059,-0.00019,0.00036
0.00242,0.00093,-0.00077,-0.00228,-0.00131,-0.00076,-0.00030,0.00024
0.00242,0.00093,-0.00077,-0.00228,-0.00131,-0.00076,-0.00030,0.00024
0.00242,0.00093,-0.00077,-0.00228,-0.00131,-0.00076,-0.00030,0.00024
0.00242,0.00093,-0.00077,-0.00228,-0.00131,-0.00076,-0.00030,0.00024
0.00249,0.00110,-0.00093,-0.00235,-0.00145,-0.00094,-0.00037,0.00014
0.00249,0.00110,-0.00093,-0.00235,-0.00145,-0.00094,-0.00037,0.00014
0.00249,0.00110,-0.00093,-0.00235,-0.00145,-0.00094,-0.00037,0.00014
0.00253,0.00121,-0.00104,-0.00240,-0.00157,-0.00107,-0.00044,0.00005
0.00253,0.00121,-0.00104,-0.00240,-0.00157,-0.00107,-0.00044,0.00005
0.00253,0.00121,-0.00104,-0.00240,-0.00157,-0.00107,-0.00044,0.00005
0.00253,0.00121,-0.00104,-0.00240,-0.00157,-0.00107,-0.00044,0.00005
0.00253,0.00121,-0.00104,-0.00240,-0.00172,-0.00123,-0.00059,-0.00010
0.00253,0.00121,-0.00104,-0.00240,-0.00172,-0.00123,-0.00059,-0.00010
0.00253,0.00121,-0.00104,-0.00240,-0.00172,-0.00123,-0.00059,-0.00010
0.00253,0.00121,-0.00104,-0.00240,-0.00172,-0.00123,-0.00059,-0.00010
0.00253,0.00121,-0.00104,-0.00240,-0.00189,-0.00140,-0.00077,-0.00027
0.00253,0.00121,-0.00104,-0.00240,-0.00189,-0.00140,-0.00077,-0.00027
0.00253,0.00121,-0.00104,-0.00240,-0.00189,-0.00140,-0.00077,-0.00027
0.00254,0.00121,-0.00104,-0.00240,-0.00204,-0.00154,-0.00091,-0.00041
0.00254,0.00121,-0.00104,-0.00240,-0.00204,-0.00154,-0.00091,-0.00041
0.00254,0.00121,-0.00104,-0.00240,-0.00204,-0.00154,-0.00091,-0.00041
0.00254,0.00121,-0.00104,-0.00240,-0.00219,-0.00170,-0.00106,-0.00056
0.00254,0.00121,-0.00104,-0.00240,-0.00219,-0.00170,-0.00106,-0.00056
0.00254,0.00121,-0.00104,-0.00240,-0.00219,-0.00170,-0.00106,-0.00056
0.00254,0.00121,-0.00104,-0.00240,-0.00236,-0.00186,-0.00123,-0.00073
0.00254,0.00121,-0.00104,-0.00240,-0.00236,-0.00186,-0.00123,-0.00073
0.00254,0.00121,-0.00104,-0.00240,-0.00236,-0.00186,-0.00123,-0.00073
0.00254,0.00121,-0.00104,-0.00241,-0.00253,-0.00204,-0.00141,-0.00091
0.00254,0.00121,-0.00104,-0.00241,-0.00253,-0.00204,-0.00141,-0.00091
0.00254,0.00121,-0.00104,-0.00241,-0.00253,-0.00204,-0.00141,-0.00091
0.00254,0.00121,-0.00104,-0.00241,-0.00273,-0.00224,-0.00160,-0.00110
0.00254,0.00121,-0.00104,-0.00241,-0.00273,-0.00224,-0.00160,-0.00110
0.00254,0.00120,-0.00104,-0.00241,-0.00286,-0.00237,-0.00174,-0.00123
0.00254,0.00120,-0.00104,-0.00241,-0.00286,-0.00237,-0.00174,-0.00123
0.00254,0.00120,-0.00104,-0.00241,-0.00300,-0.00251,-0.00188,-0.00137
0.00254,0.00120,-0.00104,-0.00241,-0.00300,-0.00251,-0.00188,-0.00137
0.00254,0.00120,-0.00104,-0.00241,-0.00315,-0.00266,-0.00203,-0.00152
0.00254,0.00120,-0.00104,-0.00241,-0.00315,-0.00266,-0.00203,-0.00152
0.00254,0.00120,-0.00104,-0.00241,-0.00330,-0.00281,-0.00218,-0.00167
0.00254,0.00120,-0.00104,-0.00241,-0.00330,-0.00281,-0.00218,-0.00167
0.00254,0.00120,-0.00104,-0.00241,-0.00346,-0.00297,-0.00234,-0.00183
0.00254,0.00120,-0.00104,-0.00241,-0.00346,-0.00297,-0.00234,-0.00183
0.00254,0.00120,-0.00104,-0.00241,-0.00362,-0.00314,-0.00251,-0.00199
0.00254,0.00120,-0.00104,-0.00241,-0.00362,-0.00314,-0.00251,-0.00199
0.00254,0.00120,-0.00104,-0.00241,-0.00380,-0.00331,-0.00268,-0.00216
0.00254,0.00120,-0.00104,-0.00241,-0.00380,-0.00331,-0.00268,-0.00216
0.00254,0.00120,-0.00104,-0.00241,-0.00397,-0.00349,-0.00286,-0.00234
0.00254,0.00120,-0.00104,-0.00241,-0.00397,-0.00349,-0.00286,-0.00234
0.00254,0.00120,-0.00104,-0.00241,-0.00416,-0.00368,-0.00305,-0.00252
0.00254,0.00120,-0.00104,-0.00241,-0.00416,-0.00368,-0.00305,-0.00252
0.00254,0.00120,-0.00104,-0.00241,-0.00435,-0.00387,-0.00324,-0.00271
0.00254,0.00120,-0.00104,-0.00241,-0.00435,-0.00387,-0.00324,-0.00271
0.00254,0.00120,-0.00104,-0.00242,-0.00455,-0.00407,-0.00344,-0.00291
0.00254,0.00120,-0.00104,-0.00242,-0.00455,-0.00407,-0.00344,-0.00291
0.00254,0.00120,-0.00104,-0.00242,-0.00475,-0.00427,-0.00364,-0.00312
0.00254,0.00120,-0.00104,-0.00242,-0.00475,-0.00427,-0.00364,-0.00312
0.00254,0.00120,-0.00104,-0.00242,-0.00496,-0.00449,-0.00386,-0.00333
0.00254,0.00120,-0.00104,-0.00242,-0.00496,-0.00449,-0.00386,-0.00333
0.00255,0.00120,-0.00104,-0.00242,-0.00518,-0.00471,-0.00408,-0.00354
0.00255,0.00120,-0.00104,-0.00242,-0.00518,-0.00471,-0.00408,-0.00354
0.00255,0.00120,-0.00104,-0.00242,-0.00541,-0.00493,-0.00431,-0.00377
0.00255,0.00120,-0.00104,-0.00242,-0.00541,-0.00493,-0.00431,-0.00377
0.00255,0.00120,-0.00104,-0.00242,-0.00564,-0.00517,-0.00454,-0.00400
0.00255,0.00120,-0.00104,-0.00242,-0.00564,-0.00517,-0.00454,-0.00400
0.00255,0.00120,-0.00104,-0.00242,-0.00588,-0.00541,-0.00478,-0.00424
0.00255,0.00120,-0.00104,-0.00242,-0.00588,-0.00541,-0.00478,-0.00424
0.00255,0.00119,-0.00104,-0.00242,-0.00613,-0.00566,-0.00503,-0.00449
0.00255,0.00119,-0.00104,-0.00242,-0.00613,-0.00566,-0.00503,-0.00449
0.00255,0.00119,-0.00104,-0.00242,-0.00638,-0.00591,-0.00529,-0.00474
0.00255,0.00119,-0.00104,-0.00242,-0.00638,-0.00591,-0.00529,-0.00474
0.00255,0.00119,-0.00104,-0.00243,-0.00664,-0.00618,-0.00555,-0.00500
0.00255,0.00119,-0.00104,-0.00243,-0.00678,-0.00631,-0.00569,-0.00513
0.00255,0.00119,-0.00104,-0.00243,-0.00691,-0.00645,-0.00582,-0.00527
0.00255,0.00119,-0.00104,-0.00243,-0.00705,-0.00659,-0.00596,-0.00540
0.00255,0.00119,-0.00104,-0.00243,-0.00719,-0.00673,-0.00610,-0.00554
0.00255,0.00119,-0.00104,-0.00243,-0.00733,-0.00687,-0.00624,-0.00568
0.00255,0.00119,-0.00104,-0.00243,-0.00747,-0.00701,-0.00639,-0.00583
0.00255,0.00119,-0.00103,-0.00243,-0.00762,-0.00716,-0.00653,-0.00597
0.00255,0.00119,-0.00103,-0.00243,-0.00776,-0.00731,-0.00668,-0.00612
0.00255,0.00119,-0.00103,-0.00243,-0.00791,-0.00746,-0.00683,-0.00626
0.00255,0.00119,-0.00103,-0.00243,-0.00806,-0.00761,-0.00698,-0.00641
0.00255,0.00119,-0.00103,-0.00243,-0.00822,-0.00776,-0.00714,-0.00657
0.00256,0.00119,-0.00103,-0.00243,-0.00837,-0.00792,-0.00729,-0.00672
0.00256,0.00119,-0.00103,-0.00244,-0.00853,-0.00807,-0.00745,-0.00688
0.00256,0.00119,-0.00103,-0.00244,-0.00869,-0.00823,-0.00761,-0.00703
0.00256,0.00119,-0.00103,-0.00244,-0.00885,-0.00839,-0.00777,-0.00719
0.00256,0.00119,-0.00103,-0.00244,-0.00901,-0.00856,-0.00793,-0.00736
0.00256,0.00119,-0.00103,-0.00244,-0.00917,-0.00872,-0.00810,-0.00752
0.00256,0.00118,-0.00103,-0.00244,-0.00934,-0.00889,-0.00827,-0.00768
0.00256,0.00118,-0.00103,-0.00244,-0.00951,-0.00906,-0.00844,-0.00785
0.00256,0.00118,-0.00103,-0.00244,-0.00968,-0.00923,-0.00861,-0.00802
0.00256,0.00118,-0.00103,-0.00244,-0.00985,-0.00940,-0.00878,-0.00819
0.00256,0.00118,-0.00103,-0.00244,-0.01002,-0.00958,-0.00896,-0.00837
0.00256,0.00118,-0.00103,-0.00244,-0.01020,-0.00975,-0.00913,-0.00854
0.00256,0.00118,-0.00103,-0.00244,-0.01038,-0.00993,-0.00931,-0.00872
0.00256,0.00118,-0.00103,-0.00245,-0.01056,-0.01012,-0.00949,-0.00890
0.00256,0.00118,-0.00103,-0.00245,-0.01074,-0.01030,-0.00968,-0.00908
0.00256,0.00118,-0.00103,-0.00245,-0.01092,-0.01048,-0.00986,-0.00926
0.00256,0.00118,-0.00103,-0.00245,-0.01111,-0.01067,-0.01005,-0.00945
0.00256,0.00118,-0.00103,-0.00245,-0.01130,-0.01086,-0.01024,-0.00963
0.00256,0.00118,-0.00103,-0.00245,-0.01149,-0.01105,-0.01043,-0.00982
0.00257,0.00118,-0.00103,-0.00245,-0.01168,-0.01124,-0.01062,-0.01001
0.00257,0.00118,-0.00103,-0.00245,-0.01187,-0.01144,-0.01082,-0.01021
0.00257,0.00118,-0.00103,-0.00245,-0.01207,-0.01164,-0.01102,-0.01040
0.00257,0.00118,-0.00103,-0.00245,-0.01227,-0.01184,-0.01122,-0.01060
0.00257,0.00118,-0.00103,-0.00245,-0.01247,-0.01204,-0.01142,-0.01080
0.00257,0.00117,-0.00103,-0.00246,-0.01267,-0.01224,-0.01162,-0.01100
0.00257,0.00117,-0.00103,-0.00246,-0.01287,-0.01245,-0.01183,-0.01120
0.00257,0.00117,-0.00103,-0.00246,-0.01308,-0.01265,-0.01204,-0.01141
0.00257,0.00117,-0.00103,-0.00246,-0.01329,-0.01286,-0.01225,-0.01162
0.00257,0.00117,-0.00103,-0.00246,-0.01350,-0.01307,-0.01246,-0.01183
0.00257,0.00117,-0.00103,-0.00246,-0.01371,-0.01329,-0.01267,-0.01204
0.00257,0.00117,-0.00103,-0.00246,-0.01392,-0.01350,-0.01289,-0.01225
0.00257,0.00117,-0.00103,-0.00246,-0.01414,-0.01372,-0.01311,-0.01247
0.00257,0.00117,-0.00103,-0.00246,-0.01436,-0.01394,-0.01333,-0.01269
0.00257,0.00117,-0.00103,-0.00247,-0.01458,-0.01416,-0.01355,-0.01290
0.00258,0.00117,-0.00103,-0.00247,-0.01480,-0.01439,-0.01377,-0.01313
0.00258,0.00117,-0.00103,-0.00247,-0.01503,-0.01461,-0.01400,-0.01335
0.00258,0.00117,-0.00103,-0.00247,-0.01525,-0.01484,-0.01423,-0.01358
0.00258,0.00117,-0.00103,-0.00247,-0.01548,-0.01507,-0.01446,-0.01380
0.00258,0.00116,-0.00103,-0.00247,-0.01571,-0.01530,-0.01469,-0.01403
0.00258,0.00116,-0.00102,-0.00247,-0.01595,-0.01554,-0.01493,-0.01427
0.00258,0.00116,-0.00102,-0.00247,-0.01618,-0.01578,-0.01516,-0.01450
0.00258,0.00116,-0.00102,-0.00247,-0.01642,-0.01601,-0.01540,-0.01474
0.00258,0.00116,-0.00102,-0.00248,-0.01666,-0.01626,-0.01564,-0.01497
0.00258,0.00116,-0.00102,-0.00248,-0.01690,-0.01650,-0.01589,-0.01522
0.00258,0.00116,-0.00102,-0.00248,-0.01714,-0.01674,-0.01613,-0.01546
0.00258,0.00116,-0.00102,-0.00248,-0.01739,-0.01699,-0.01638,-0.01570
0.00258,0.00116,-0.00102,-0.00248,-0.01763,-0.01724,-0.01663,-0.01595
0.00258,0.00116,-0.00102,-0.00248,-0.01788,-0.01749,-0.01688,-0.01620
0.00259,0.00116,-0.00102,-0.00248,-0.01814,-0.01774,-0.01713,-0.01645
0.00259,0.00116,-0.00102,-0.00248,-0.01839,-0.01800,-0.01739,-0.01670
0.00259,0.00116,-0.00102,-0.00249,-0.01865,-0.01826,-0.01765,-0.01695
0.00259,0.00115,-0.00102,-0.00249,-0.01890,-0.01852,-0.01791,-0.01721
0.00259,0.00115,-0.00102,-0.00249,-0.01916,-0.01878,-0.01817,-0.01747
0.00259,0.00115,-0.00102,-0.00249,-0.01943,-0.01904,-0.01843,-0.01773
0.00259,0.00115,-0.00102,-0.00249,-0.01969,-0.01931,-0.01870,-0.01799
0.00259,0.00115,-0.00102,-0.00249,-0.01996,-0.01957,-0.01897,-0.01826
0.00259,0.00115,-0.00102,-0.00249,-0.02022,-0.01984,-0.01924,-0.01853
0.00259,0.00115,-0.00102,-0.00250,-0.02049,-0.02012,-0.01951,-0.01880
0.00259,0.00115,-0.00102,-0.00250,-0.02077,-0.02039,-0.01979,-0.01907
0.00259,0.00115,-0.00102,-0.00250,-0.02104,-0.02067,-0.02006,-0.01934
0.00260,0.00115,-0.00102,-0.00250,-0.02132,-0.02094,-0.02034,-0.01962
0.00260,0.00115,-0.00102,-0.00250,-0.02160,-0.02123,-0.02062,-0.01989
0.00260,0.00115,-0.00102,-0.00250,-0.02188,-0.02151,-0.02090,-0.02017
0.00260,0.00114,-0.00102,-0.00250,-0.02216,-0.02179,-0.02119,-0.02045
0.00260,0.00114,-0.00102,-0.00251,-0.02244,-0.02208,-0.02148,-0.02074
0.00260,0.00114,-0.00102,-0.00251,-0.02273,-0.02237,-0.02177,-0.02102
0.00260,0.00114,-0.00102,-0.00251,-0.02302,-0.02266,-0.02206,-0.02131
0.00260,0.00114,-0.00102,-0.00251,-0.02331,-0.02295,-0.02235,-0.02160
0.00260,0.00114,-0.00102,-0.00251,-0.02360,-0.02325,-0.02265,-0.02189
0.00260,0.00114,-0.00102,-0.00251,-0.02390,-0.02354,-0.02294,-0.02219
0.00260,0.00114,-0.00101,-0.00251,-0.02420,-0.02384,-0.02324,-0.02248
0.00261,0.00114,-0.00101,-0.00252,-0.02450,-0.02414,-0.02354,-0.02278
0.00261,0.00114,-0.00101,-0.00252,-0.02480,-0.02445,-0.02385,-0.02308
0.00261,0.00114,-0.00101,-0.00252,-0.02510,-0.02475,-0.02415,-0.02338
0.00261,0.00113,-0.00101,-0.00252,-0.02541,-0.02506,-0.02446,-0.02369
0.00261,0.00113,-0.00101,-0.00252,-0.02571,-0.02537,-0.02477,-0.02399
0.00261,0.00113,-0.00101,-0.00252,-0.02602,-0.02568,-0.02508,-0.02430
0.00261,0.00113,-0.00101,-0.00253,-0.02633,-0.02599,-0.02540,-0.02461
0.00261,0.00113,-0.00101,-0.00253,-0.02665,-0.02631,-0.02571,-0.02492
0.00261,0.00113,-0.00101,-0.00253,-0.02696,-0.02663,-0.02603,-0.02524
0.00261,0.00113,-0.00101,-0.00253,-0.02728,-0.02695,-0.02635,-0.02556
0.00262,0.00113,-0.00101,-0.00253,-0.02760,-0.02727,-0.02668,-0.02587
0.00262,0.00113,-0.00101,-0.00253,-0.02792,-0.02759,-0.02700,-0.02619
0.00262,0.00113,-0.00101,-0.00254,-0.02825,-0.02792,-0.02733,-0.02652
0.00262,0.00112,-0.00101,-0.00254,-0.02857,-0.02825,-0.02765,-0.02684
0.00262,0.00112,-0.00101,-0.00254,-0.02890,-0.02858,-0.02798,-0.02717
0.00262,0.00112,-0.00101,-0.00254,-0.02923,-0.02891,-0.02832,-0.02750
0.00262,0.00112,-0.00101,-0.00254,-0.02956,-0.02924,-0.02865,-0.02783
0.00262,0.00112,-0.00101,-0.00254,-0.02990,-0.02958,-0.02899,-0.02816
0.00262,0.00112,-0.00101,-0.00255,-0.03023,-0.02992,-0.02933,-0.02849
0.00263,0.00112,-0.00101,-0.00255,-0.03057,-0.03026,-0.02967,-0.02883
0.00263,0.00112,-0.00101,-0.00255,-0.03091,-0.03060,-0.03001,-0.02917
0.00263,0.00112,-0.00101,-0.00255,-0.03125,-0.03094,-0.03035,-0.02951
0.00263,0.00111,-0.00101,-0.00255,-0.03159,-0.03129,-0.03070,-0.02985
0.00263,0.00111,-0.00101,-0.00255,-0.03194,-0.03164,-0.03105,-0.03019
0.00263,0.00111,-0.00100,-0.00256,-0.03229,-0.03199,-0.03140,-0.03054
0.00263,0.00111,-0.00100,-0.00256,-0.03264,-0.03234,-0.03175,-0.03089
0.00263,0.00111,-0.00100,-0.00256,-0.03299,-0.03269,-0.03211,-0.03124
0.00263,0.00111,-0.00100,-0.00256,-0.03334,-0.03305,-0.03246,-0.03159
0.00264,0.00111,-0.00100,-0.00256,-0.03370,-0.03341,-0.03282,-0.03195
0.00264,0.00111,-0.00100,-0.00257,-0.03406,-0.03377,-0.03318,-0.03230
0.00264,0.00111,-0.00100,-0.00257,-0.03441,-0.03413,-0.03355,-0.03266
0.00264,0.00110,-0.00100,-0.00257,-0.03478,-0.03449,-0.03391,-0.03302
0.00264,0.00110,-0.00100,-0.00257,-0.03514,-0.03486,-0.03428,-0.03338
0.00264,0.00110,-0.00100,-0.00257,-0.03550,-0.03522,-0.03464,-0.03374
0.00264,0.00110,-0.00100,-0.00257,-0.03587,-0.03559,-0.03501,-0.03411
0.00264,0.00110,-0.00100,-0.00258,-0.03624,-0.03597,-0.03539,-0.03448
0.00264,0.00110,-0.00100,-0.00258,-0.03661,-0.03634,-0.03576,-0.03485
0.00265,0.00110,-0.00100,-0.00258,-0.03699,-0.03671,-0.03614,-0.03522
0.00265,0.00110,-0.00100,-0.00258,-0.03736,-0.03709,-0.03651,-0.03559
0.00265,0.00109,-0.00100,-0.00258,-0.03774,-0.03747,-0.03689,-0.03597
0.00265,0.00109,-0.00100,-0.00259,-0.03812,-0.03785,-0.03728,-0.03634
0.00265,0.00109,-0.00100,-0.00259,-0.03850,-0.03824,-0.03766,-0.03672
0.00265,0.00109,-0.00100,-0.00259,-0.03888,-0.03862,-0.03805,-0.03710
0.00265,0.00109,-0.00100,-0.00259,-0.03926,-0.03901,-0.03843,-0.03749
0.00265,0.00109,-0.00100,-0.00259,-0.03965,-0.03940,-0.03882,-0.03787
0.00266,0.00109,-0.00100,-0.00260,-0.04004,-0.03979,-0.03921,-0.03826
0.00266,0.00109,-0.00099,-0.00260,-0.04043,-0.04018,-0.03961,-0.03865
0.00266,0.00108,-0.00099,-0.00260,-0.04082,-0.04057,-0.04000,-0.03904
0.00266,0.00108,-0.00099,-0.00260,-0.04121,-0.04097,-0.04040,-0.03943
0.00266,0.00108,-0.00099,-0.00260,-0.04161,-0.04137,-0.04080,-0.03982
0.00266,0.00108,-0.00099,-0.00261,-0.04200,-0.04177,-0.04120,-0.04022
0.00266,0.00108,-0.00099,-0.00261,-0.04240,-0.04217,-0.04160,-0.04061
0.00266,0.00108,-0.00099,-0.00261,-0.04280,-0.04257,-0.04200,-0.04101
0.00267,0.00108,-0.00099,-0.00261,-0.04321,-0.04298,-0.04241,-0.04141
0.00267,0.00108,-0.00099,-0.00262,-0.04361,-0.04338,-0.04282,-0.04182
0.00267,0.00107,-0.00099,-0.00262,-0.04402,-0.04379,-0.04323,-0.04222
0.00267,0.00107,-0.00099,-0.00262,-0.04443,-0.04420,-0.04364,-0.04263
0.00267,0.00107,-0.00099,-0.00262,-0.04484,-0.04462,-0.04405,-0.04304
0.00267,0.00107,-0.00099,-0.00262,-0.04525,-0.04503,-0.04447,-0.04344
0.00267,0.00107,-0.00099,-0.00263,-0.04566,-0.04545,-0.04488,-0.04386
0.00268,0.00107,-0.00099,-0.00263,-0.04608,-0.04586,-0.04530,-0.04427
0.00268,0.00107,-0.00099,-0.00263,-0.04649,-0.04628,-0.04572,-0.04468
0.00268,0.00106,-0.00099,-0.00263,-0.04691,-0.04671,-0.04615,-0.04510
0.00268,0.00106,-0.00099,-0.00264,-0.04733,-0.04713,-0.04657,-0.04552
0.00268,0.00106,-0.00099,-0.00264,-0.04775,-0.04755,-0.04700,-0.04594
0.00268,0.00106,-0.00098,-0.00264,-0.04818,-0.04798,-0.04742,-0.04636
0.00268,0.00106,-0.00098,-0.00264,-0.04860,-0.04841,-0.04785,-0.04679
0.00268,0.00106,-0.00098,-0.00264,-0.04903,-0.04884,-0.04828,-0.04721
0.00269,0.00106,-0.00098,-0.00265,-0.04946,-0.04927,-0.04871,-0.04764
0.00269,0.00105,-0.00098,-0.00265,-0.04989,-0.04970,-0.04915,-0.04807
0.00269,0.00105,-0.00098,-0.00265,-0.05032,-0.05014,-0.04958,-0.04850
0.00269,0.00105,-0.00098,-0.00265,-0.05075,-0.05058,-0.05002,-0.04893
0.00269,0.00105,-0.00098,-0.00266,-0.05119,-0.05101,-0.05046,-0.04936
0.00269,0.00105,-0.00098,-0.00266,-0.05163,-0.05145,-0.05090,-0.04980
0.00269,0.00105,-0.00098,-0.00266,-0.05207,-0.05190,-0.05135,-0.05023
0.00270,0.00105,-0.00098,-0.00266,-0.05251,-0.05234,-0.05179,-0.05067
0.00270,0.00104,-0.00098,-0.00266,-0.05295,-0.05278,-0.05224,-0.05111
0.00270,0.00104,-0.00098,-0.00267,-0.05339,-0.05323,-0.05268,-0.05155
0.00270,0.00104,-0.00098,-0.00267,-0.05384,-0.05368,-0.05313,-0.05200
0.00270,0.00104,-0.00098,-0.00267,-0.05428,-0.05413,-0.05358,-0.05244
0.00270,0.00104,-0.00098,-0.00267,-0.05473,-0.05458,-0.05403,-0.05289
0.00270,0.00104,-0.00098,-0.00268,-0.05518,-0.05503,-0.05449,-0.05334
0.00271,0.00104,-0.00098,-0.00268,-0.05563,-0.05549,-0.05494,-0.05379
0.00271,0.00103,-0.00098,-0.00268,-0.05609,-0.05594,-0.05540,-0.05424
0.00271,0.00103,-0.00097,-0.00268,-0.05654,-0.05640,-0.05586,-0.05469
0.00271,0.00103,-0.00097,-0.00269,-0.05700,-0.05686,-0.05632,-0.05514
0.00271,0.00103,-0.00097,-0.00269,-0.05746,-0.05732,-0.05678,-0.05560
0.00271,0.00103,-0.00097,-0.00269,-0.05791,-0.05778,-0.05724,-0.05606
0.00272,0.00103,-0.00097,-0.00269,-0.05838,-0.05825,-0.05771,-0.05651
0.00272,0.00102,-0.00097,-0.00270,-0.05884,-0.05871,-0.05818,-0.05697
0.00272,0.00102,-0.00097,-0.00270,-0.05930,-0.05918,-0.05864,-0.05744
0.00272,0.00102,-0.00097,-0.00270,-0.05977,-0.05965,-0.05911,-0.05790
0.00272,0.00102,-0.00097,-0.00270,-0.06023,-0.06012,-0.05958,-0.05836
0.00272,0.00102,-0.00097,-0.00271,-0.06070,-0.06059,-0.06006,-0.05883
0.00272,0.00102,-0.00097,-0.00271,-0.06117,-0.06106,-0.06053,-0.05930
0.00273,0.00102,-0.00097,-0.00271,-0.06164,-0.06154,-0.06100,-0.05977
0.00273,0.00101,-0.00097,-0.00271,-0.06211,-0.06201,-0.06148,-0.06024
0.00273,0.00101,-0.00097,-0.00272,-0.06259,-0.06249,-0.06196,-0.06071
0.00273,0.00101,-0.00097,-0.00272,-0.06306,-0.06297,-0.06244,-0.06118
0.00273,0.00101,-0.00097,-0.00272,-0.06354,-0.06345,-0.06292,-0.06165
0.00273,0.00101,-0.00097,-0.00272,-0.06402,-0.06393,-0.06340,-0.06213
0.00274,0.00101,-0.00096,-0.00273,-0.06450,-0.06441,-0.06388,-0.06261
0.00274,0.00100,-0.00096,-0.00273,-0.06498,-0.06490,-0.06437,-0.06309
0.00274,0.00100,-0.00096,-0.00273,-0.06546,-0.06538,-0.06486,-0.06357
0.00274,0.00100,-0.00096,-0.00274,-0.06594,-0.06587,-0.06534,-0.06405
0.00274,0.00100,-0.00096,-0.00274,-0.06643,-0.06636,-0.06583,-0.06453
0.00274,0.00100,-0.00096,-0.00274,-0.06691,-0.06685,-0.06632,-0.06501
0.00275,0.00100,-0.00096,-0.00274,-0.06740,-0.06734,-0.06681,-0.06550
0.00275,0.00099,-0.00096,-0.00275,-0.06789,-0.06783,-0.06731,-0.06598
0.00275,0.00099,-0.00096,-0.00275,-0.06838,-0.06832,-0.06780,-0.06647
0.00275,0.00099,-0.00096,-0.00275,-0.06887,-0.06882,-0.06830,-0.06696
0.00275,0.00099,-0.00096,-0.00275,-0.06936,-0.06931,-0.06879,-0.06745
0.00275,0.00099,-0.00096,-0.00276,-0.06986,-0.06981,-0.06929,-0.06794
0.00276,0.00099,-0.00096,-0.00276,-0.07035,-0.07031,-0.06979,-0.06843
0.00276,0.00098,-0.00096,-0.00276,-0.07085,-0.07081,-0.07029,-0.06893
0.00276,0.00098,-0.00096,-0.00277,-0.07135,-0.07131,-0.07079,-0.06942
0.00276,0.00098,-0.00096,-0.00277,-0.07184,-0.07181,-0.07130,-0.06992
0.00276,0.00098,-0.00095,-0.00277,-0.07234,-0.07231,-0.07180,-0.07042
0.00276,0.00098,-0.00095,-0.00277,-0.07284,-0.07282,-0.07231,-0.07092
0.00277,0.00098,-0.00095,-0.00278,-0.07335,-0.07332,-0.07281,-0.07141
0.00277,0.00097,-0.00095,-0.00278,-0.07385,-0.07383,-0.07332,-0.07192
0.00277,0.00097,-0.00095,-0.00278,-0.07435,-0.07434,-0.07383,-0.07242
0.00277,0.00097,-0.00095,-0.00278,-0.07486,-0.07485,-0.07434,-0.07292
0.00277,0.00097,-0.00095,-0.00279,-0.07537,-0.07536,-0.07485,-0.07343
0.00277,0.00097,-0.00095,-0.00279,-0.07587,-0.07587,-0.07537,-0.07393
0.00278,0.00096,-0.00095,-0.00279,-0.07638,-0.07638,-0.07588,-0.07444
0.00278,0.00096,-0.00095,-0.00280,-0.07689,-0.07690,-0.07639,-0.07494
0.00278,0.00096,-0.00095,-0.00280,-0.07740,-0.07741,-0.07691,-0.07545
0.00278,0.00096,-0.00095,-0.00280,-0.07792,-0.07793,-0.07743,-0.07596
0.00278,0.00096,-0.00095,-0.00280,-0.07843,-0.07844,-0.07794,-0.07647
0.00278,0.00096,-0.00095,-0.00281,-0.07894,-0.07896,-0.07846,-0.07698
0.00279,0.00095,-0.00095,-0.00281,-0.07946,-0.07948,-0.07898,-0.07750
0.00279,0.00095,-0.00094,-0.00281,-0.07998,-0.08000,-0.07950,-0.07801
0.00279,0.00095,-0.00094,-0.00282,-0.08049,-0.08052,-0.08003,-0.07853
0.00279,0.00095,-0.00094,-0.00282,-0.08101,-0.08104,-0.08055,-0.07904
0.00279,0.00095,-0.00094,-0.00282,-0.08153,-0.08157,-0.08107,-0.07956
0.00280,0.00094,-0.00094,-0.00282,-0.08205,-0.08209,-0.08160,-0.08008
0.00280,0.00094,-0.00094,-0.00283,-0.08257,-0.08262,-0.08212,-0.08059
0.00280,0.00094,-0.00094,-0.00283,-0.08309,-0.08314,-0.08265,-0.08111
0.00280,0.00094,-0.00094,-0.00283,-0.08362,-0.08367,-0.08318,-0.08163
0.00280,0.00094,-0.00094,-0.00284,-0.08414,-0.08420,-0.08371,-0.08216
0.00280,0.00094,-0.00094,-0.00284,-0.08467,-0.08472,-0.08424,-0.08268
0.00281,0.00093,-0.00094,-0.00284,-0.08519,-0.08525,-0.08477,-0.08320
0.00281,0.00093,-0.00094,-0.00285,-0.08572,-0.08578,-0.08530,-0.08372
0.00281,0.00093,-0.00094,-0.00285,-0.08625,-0.08632,-0.08583,-0.08425
0.00281,0.00093,-0.00094,-0.00285,-0.08677,-0.08685,-0.08637,-0.08478
0.00281,0.00093,-0.00093,-0.00285,-0.08730,-0.08738,-0.08690,-0.08530
0.00282,0.00092,-0.00093,-0.00286,-0.08783,-0.08791,-0.08743,-0.08583
0.00282,0.00092,-0.00093,-0.00286,-0.08836,-0.08845,-0.08797,-0.08636
0.00282,0.00092,-0.00093,-0.00286,-0.08890,-0.08898,-0.08851,-0.08689
0.00282,0.00092,-0.00093,-0.00287,-0.08943,-0.08952,-0.08904,-0.08742
0.00282,0.00092,-0.00093,-0.00287,-0.08996,-0.09006,-0.08958,-0.08795
0.00282,0.00091,-0.00093,-0.00287,-0.09050,-0.09060,-0.09012,-0.08848
0.00283,0.00091,-0.00093,-0.00288,-0.09103,-0.09113,-0.09066,-0.08901
0.00283,0.00091,-0.00093,-0.00288,-0.09157,-0.09167,-0.09120,-0.08954
0.00283,0.00091,-0.00093,-0.00288,-0.09210,-0.09221,-0.09174,-0.09007
0.00283,0.00091,-0.00093,-0.00289,-0.09264,-0.09275,-0.09229,-0.09061
0.00283,0.00091,-0.00093,-0.00289,-0.09318,-0.09330,-0.09283,-0.09114
0.00284,0.00090,-0.00093,-0.00289,-0.09371,-0.09384,-0.09337,-0.09168
0.00284,0.00090,-0.00093,-0.00289,-0.09425,-0.09438,-0.09392,-0.09221
0.00284,0.00090,-0.00093,-0.00290,-0.09479,-0.09492,-0.09446,-0.09275
0.00284,0.00090,-0.00092,-0.00290,-0.09533,-0.09547,-0.09501,-0.09329
0.00284,0.00090,-0.00092,-0.00290,-0.09587,-0.09601,-0.09555,-0.09383
0.00285,0.00089,-0.00092,-0.00291,-0.09641,-0.09656,-0.09610,-0.09437
0.00285,0.00089,-0.00092,-0.00291,-0.09696,-0.09710,-0.09665,-0.09490
0.00285,0.00089,-0.00092,-0.00291,-0.09750,-0.09765,-0.09719,-0.09544
0.00285,0.00089,-0.00092,-0.00292,-0.09804,-0.09820,-0.09774,-0.09598
0.00285,0.00089,-0.00092,-0.00292,-0.09859,-0.09875,-0.09829,-0.09652
0.00286,0.00088,-0.00092,-0.00292,-0.09913,-0.09929,-0.09884,-0.09707
0.00286,0.00088,-0.00092,-0.00293,-0.09968,-0.09984,-0.09939,-0.09761
0.00286,0.00088,-0.00092,-0.00293,-0.10022,-0.10039,-0.09994,-0.09815
0.00286,0.00088,-0.00092,-0.00293,-0.10077,-0.10094,-0.10049,-0.09869
0.00286,0.00088,-0.00092,-0.00294,-0.10131,-0.10149,-0.10104,-0.09924
0.00286,0.00087,-0.00092,-0.00294,-0.10186,-0.10204,-0.10160,-0.09978
0.00287,0.00087,-0.00091,-0.00294,-0.10241,-0.10260,-0.10215,-0.10032
0.00287,0.00087,-0.00091,-0.00295,-0.10296,-0.10315,-0.10270,-0.10087
0.00287,0.00087,-0.00091,-0.00295,-0.10350,-0.10370,-0.10325,-0.10141
0.00287,0.00087,-0.00091,-0.00295,-0.10405,-0.10425,-0.10381,-0.10196
0.00287,0.00086,-0.00091,-0.00296,-0.10460,-0.10481,-0.10436,-0.10251
0.00288,0.00086,-0.00091,-0.00296,-0.10515,-0.10536,-0.10492,-0.10305
0.00288,0.00086,-0.00091,-0.00296,-0.10570,-0.10591,-0.10547,-0.10360
0.00288,0.00086,-0.00091,-0.00297,-0.10625,-0.10647,-0.10603,-0.10415
0.00288,0.00086,-0.00091,-0.00297,-0.10680,-0.10702,-0.10659,-0.10469
0.00288,0.00085,-0.00091,-0.00297,-0.10735,-0.10758,-0.10714,-0.10524
0.00289,0.00085,-0.00091,-0.00298,-0.10790,-0.10813,-0.10770,-0.10579
0.00289,0.00085,-0.00091,-0.00298,-0.10845,-0.10869,-0.10826,-0.10634
0.00289,0.00085,-0.00091,-0.00298,-0.10901,-0.10924,-0.10881,-0.10689
0.00289,0.00084,-0.00091,-0.00299,-0.10956,-0.10980,-0.10937,-0.10744
0.00289,0.00084,-0.00090,-0.00299,-0.11011,-0.11036,-0.10993,-0.10799
0.00290,0.00084,-0.00090,-0.00299,-0.11066,-0.11091,-0.11049,-0.10854
0.00290,0.00084,-0.00090,-0.00300,-0.11122,-0.11147,-0.11104,-0.10909
0.00290,0.00084,-0.00090,-0.00300,-0.11177,-0.11203,-0.11160,-0.10964
0.00290,0.00083,-0.00090,-0.00300,-0.11232,-0.11259,-0.11216,-0.11019
0.00290,0.00083,-0.00090,-0.00301,-0.11288,-0.11314,-0.11272,-0.11074
0.00291,0.00083,-0.00090,-0.00301,-0.11343,-0.11370,-0.11328,-0.11129
0.00291,0.00083,-0.00090,-0.00301,-0.11399,-0.11426,-0.11384,-0.11184
0.00291,0.00083,-0.00090,-0.00302,-0.11454,-0.11482,-0.11440,-0.11239
0.00291,0.00082,-0.00090,-0.00302,-0.11509,-0.11538,-0.11496,-0.11294
0.00291,0.00082,-0.00090,-0.00302,-0.11565,-0.11594,-0.11552,-0.11349
0.00292,0.00082,-0.00090,-0.00303,-0.11620,-0.11649,-0.11608,-0.11404
0.00292,0.00082,-0.00090,-0.00303,-0.11676,-0.11705,-0.11664,-0.11459
0.00292,0.00082,-0.00089,-0.00303,-0.11731,-0.11761,-0.11720,-0.11514
0.00292,0.00081,-0.00089,-0.00304,-0.11787,-0.11817,-0.11776,-0.11570
0.00292,0.00081,-0.00089,-0.00304,-0.11842,-0.11873,-0.11832,-0.11625
0.00293,0.00081,-0.00089,-0.00304,-0.11898,-0.11929,-0.11888,-0.11680
0.00293,0.00081,-0.00089,-0.00305,-0.11953,-0.11985,-0.11944,-0.11735
0.00293,0.00080,-0.00089,-0.00305,-0.12009,-0.12041,-0.12000,-0.11790
0.00293,0.00080,-0.00089,-0.00305,-0.12064,-0.12097,-0.12057,-0.11845
0.00294,0.00080,-0.00089,-0.00306,-0.12120,-0.12153,-0.12113,-0.11901
0.00294,0.00080,-0.00089,-0.00306,-0.12175,-0.12209,-0.12169,-0.11956
0.00294,0.00080,-0.00089,-0.00306,-0.12231,-0.12265,-0.12225,-0.12011
0.00294,0.00079,-0.00089,-0.00307,-0.12286,-0.12321,-0.12281,-0.12066
0.00294,0.00079,-0.00089,-0.00307,-0.12342,-0.12376,-0.12337,-0.12121
0.00295,0.00079,-0.00089,-0.00307,-0.12397,-0.12432,-0.12393,-0.12177
0.00295,0.00079,-0.00088,-0.00308,-0.12453,-0.12488,-0.12449,-0.12232
0.00295,0.00078,-0.00088,-0.00308,-0.12508,-0.12544,-0.12505,-0.12287
0.00295,0.00078,-0.00088,-0.00308,-0.12564,-0.12600,-0.12561,-0.12342
0.00295,0.00078,-0.00088,-0.00309,-0.12619,-0.12656,-0.12617,-0.12397
0.00296,0.00078,-0.00088,-0.00309,-0.12675,-0.12712,-0.12673,-0.12452
0.00296,0.00078,-0.00088,-0.00309,-0.12730,-0.12768,-0.12729,-0.12507
0.00296,0.00077,-0.00088,-0.00310,-0.12785,-0.12824,-0.12785,-0.12562
0.00296,0.00077,-0.00088,-0.00310,-0.12841,-0.12879,-0.12841,-0.12617
0.00296,0.00077,-0.00088,-0.00311,-0.12896,-0.12935,-0.12897,-0.12672
0.00297,0.00077,-0.00088,-0.00311,-0.12952,-0.12991,-0.12953,-0.12727
0.00297,0.00077,-0.00088,-0.00311,-0.13007,-0.13047,-0.13009,-0.12782
0.00297,0.00076,-0.00088,-0.00312,-0.13062,-0.13102,-0.13065,-0.12837
0.00297,0.00076,-0.00088,-0.00312,-0.13117,-0.13158,-0.13121,-0.12892
0.00297,0.00076,-0.00087,-0.00312,-0.13173,-0.13214,-0.13177,-0.12947
0.00298,0.00076,-0.00087,-0.00313,-0.13228,-0.13270,-0.13232,-0.13002
0.00298,0.00075,-0.00087,-0.00313,-0.13283,-0.13325,-0.13288,-0.13057
0.00298,0.00075,-0.00087,-0.00313,-0.13338,-0.13381,-0.13344,-0.13112
0.00298,0.00075,-0.00087,-0.00314,-0.13394,-0.13436,-0.13400,-0.13167
0.00299,0.00075,-0.00087,-0.00314,-0.13449,-0.13492,-0.13455,-0.13221
0.00299,0.00075,-0.00087,-0.00314,-0.13504,-0.13547,-0.13511,-0.13276
0.00299,0.00074,-0.00087,-0.00315,-0.13559,-0.13603,-0.13567,-0.13331
0.00299,0.00074,-0.00087,-0.00315,-0.13614,-0.13658,-0.13622,-0.13385
0.00299,0.00074,-0.00087,-0.00315,-0.13669,-0.13714,-0.13678,-0.13440
0.00300,0.00074,-0.00087,-0.00316,-0.13724,-0.13769,-0.13733,-0.13495
0.00300,0.00073,-0.00087,-0.00316,-0.13779,-0.13824,-0.13789,-0.13549
0.00300,0.00073,-0.00087,-0.00317,-0.13833,-0.13880,-0.13844,-0.13604
0.00300,0.00073,-0.00086,-0.00317,-0.13888,-0.13935,-0.13900,-0.13658
0.00300,0.00073,-0.00086,-0.00317,-0.13943,-0.13990,-0.13955,-0.13713
0.00301,0.00072,-0.00086,-0.00318,-0.13998,-0.14045,-0.14010,-0.13767
0.00301,0.00072,-0.00086,-0.00318,-0.14052,-0.14101,-0.14066,-0.13821
0.00301,0.00072,-0.00086,-0.00318,-0.14107,-0.14156,-0.14121,-0.13875
0.00301,0.00072,-0.00086,-0.00319,-0.14162,-0.14211,-0.14176,-0.13930
0.00301,0.00072,-0.00086,-0.00319,-0.14216,-0.14266,-0.14231,-0.13984
0.00302,0.00071,-0.00086,-0.00319,-0.14271,-0.14320,-0.14286,-0.14038
0.00302,0.00071,-0.00086,-0.00320,-0.14325,-0.14375,-0.14341,-0.14092
0.00302,0.00071,-0.00086,-0.00320,-0.14380,-0.14430,-0.14396,-0.14146
0.00302,0.00071,-0.00086,-0.00321,-0.14434,-0.14485,-0.14451,-0.14200
0.00303,0.00070,-0.00086,-0.00321,-0.14488,-0.14540,-0.14506,-0.14254
0.00303,0.00070,-0.00086,-0.00321,-0.14542,-0.14594,-0.14561,-0.14308
0.00303,0.00070,-0.00085,-0.00322,-0.14597,-0.14649,-0.14616,-0.14362
0.00303,0.00070,-0.00085,-0.00322,-0.14651,-0.14703,-0.14670,-0.14415
0.00303,0.00070,-0.00085,-0.00322,-0.14705,-0.14758,-0.14725,-0.14469
0.00304,0.00069,-0.00085,-0.00323,-0.14759,-0.14812,-0.14779,-0.14523
0.00304,0.00069,-0.00085,-0.00323,-0.14813,-0.14867,-0.14834,-0.14576
0.00304,0.00069,-0.00085,-0.00323,-0.14866,-0.14921,-0.14888,-0.14630
0.00304,0.00069,-0.00085,-0.00324,-0.14920,-0.14975,-0.14943,-0.14683
0.00304,0.00068,-0.00085,-0.00324,-0.14974,-0.15029,-0.14997,-0.14736
0.00305,0.00068,-0.00085,-0.00325,-0.15027,-0.15083,-0.15051,-0.14790
0.00305,0.00068,-0.00085,-0.00325,-0.15081,-0.15137,-0.15105,-0.14843
0.00305,0.00068,-0.00085,-0.00325,-0.15135,-0.15191,-0.15160,-0.14896
0.00305,0.00067,-0.00085,-0.00326,-0.15188,-0.15245,-0.15214,-0.14949
0.00306,0.00067,-0.00085,-0.00326,-0.15241,-0.15299,-0.15268,-0.15002
0.00306,0.00067,-0.00084,-0.00326,-0.15295,-0.15353,-0.15321,-0.15055
0.00306,0.00067,-0.00084,-0.00327,-0.15348,-0.15406,-0.15375,-0.15108
0.00306,0.00067,-0.00084,-0.00327,-0.15401,-0.15460,-0.15429,-0.15160
0.00306,0.00066,-0.00084,-0.00327,-0.15454,-0.15513,-0.15483,-0.15213
0.00307,0.00066,-0.00084,-0.00328,-0.15507,-0.15567,-0.15536,-0.15266
0.00307,0.00066,-0.00084,-0.00328,-0.15560,-0.15620,-0.15590,-0.15318
0.00307,0.00066,-0.00084,-0.00329,-0.15613,-0.15673,-0.15643,-0.15371
0.00307,0.00065,-0.00084,-0.00329,-0.15665,-0.15726,-0.15696,-0.15423
0.00308,0.00065,-0.00084,-0.00329,-0.15718,-0.15779,-0.15750,-0.15475
0.00308,0.00065,-0.00084,-0.00330,-0.15771,-0.15832,-0.15803,-0.15527
0.00308,0.00065,-0.00084,-0.00330,-0.15823,-0.15885,-0.15856,-0.15579
0.00308,0.00064,-0.00084,-0.00330,-0.15875,-0.15938,-0.15909,-0.15631
0.00308,0.00064,-0.00083,-0.00331,-0.15928,-0.15991,-0.15962,-0.15683
0.00309,0.00064,-0.00083,-0.00331,-0.15980,-0.16043,-0.16014,-0.15735
0.00309,0.00064,-0.00083,-0.00332,-0.16032,-0.16096,-0.16067,-0.15787
0.00309,0.00064,-0.00083,-0.00332,-0.16084,-0.16148,-0.16120,-0.15838
0.00309,0.00063,-0.00083,-0.00332,-0.16136,-0.16201,-0.16172,-0.15890
0.00309,0.00063,-0.00083,-0.00333,-0.16188,-0.16253,-0.16225,-0.15941
0.00310,0.00063,-0.00083,-0.00333,-0.16240,-0.16305,-0.16277,-0.15993
0.00310,0.00063,-0.00083,-0.00333,-0.16291,-0.16357,-0.16329,-0.16044
0.00310,0.00062,-0.00083,-0.00334,-0.16343,-0.16409,-0.16381,-0.16095
0.00310,0.00062,-0.00083,-0.00334,-0.16394,-0.16461,-0.16433,-0.16146
0.00311,0.00062,-0.00083,-0.00334,-0.16446,-0.16513,-0.16485,-0.16197
0.00311,0.00062,-0.00083,-0.00335,-0.16497,-0.16565,-0.16537,-0.16248
0.00311,0.00061,-0.00083,-0.00335,-0.16548,-0.16616,-0.16589,-0.16299
0.00311,0.00061,-0.00082,-0.00336,-0.16599,-0.16668,-0.16641,-0.16349
0.00311,0.00061,-0.00082,-0.00336,-0.16650,-0.16719,-0.16692,-0.16400
0.00312,0.00061,-0.00082,-0.00336,-0.16701,-0.16770,-0.16744,-0.16450
0.00312,0.00061,-0.00082,-0.00337,-0.16752,-0.16821,-0.16795,-0.16501
0.00312,0.00060,-0.00082,-0.00337,-0.16802,-0.16872,-0.16846,-0.16551
0.00312,0.00060,-0.00082,-0.00337,-0.16853,-0.16923,-0.16897,-0.16601
0.00313,0.00060,-0.00082,-0.00338,-0.16903,-0.16974,-0.16948,-0.16651
0.00313,0.00060,-0.00082,-0.00338,-0.16953,-0.17025,-0.16999,-0.16701
0.00313,0.00059,-0.00082,-0.00339,-0.17004,-0.17075,-0.17050,-0.16751
0.00313,0.00059,-0.00082,-0.00339,-0.17054,-0.17126,-0.17101,-0.16801
0.00313,0.00059,-0.00082,-0.00339,-0.17104,-0.17176,-0.17151,-0.16850
0.00314,0.00059,-0.00082,-0.00340,-0.17154,-0.17227,-0.17202,-0.16900
0.00314,0.00058,-0.00082,-0.00340,-0.17203,-0.17277,-0.17252,-0.16949
0.00314,0.00058,-0.00081,-0.00340,-0.17253,-0.17327,-0.17302,-0.16998
0.00314,0.00058,-0.00081,-0.00341,-0.17302,-0.17377,-0.17352,-0.17047
0.00314,0.00058,-0.00081,-0.00341,-0.17352,-0.17426,-0.17402,-0.17096
0.00315,0.00057,-0.00081,-0.00341,-0.17401,-0.17476,-0.17452,-0.17145
0.00315,0.00057,-0.00081,-0.00342,-0.17450,-0.17526,-0.17502,-0.17194
0.00315,0.00057,-0.00081,-0.00342,-0.17499,-0.17575,-0.17551,-0.17243
0.00315,0.00057,-0.00081,-0.00343,-0.17548,-0.17624,-0.17601,-0.17291
0.00316,0.00057,-0.00081,-0.00343,-0.17597,-0.17674,-0.17650,-0.17339
0.00316,0.00056,-0.00081,-0.00343,-0.17646,-0.17723,-0.17700,-0.17388
0.00316,0.00056,-0.00081,-0.00344,-0.17694,-0.17772,-0.17749,-0.17436
0.00316,0.00056,-0.00081,-0.00344,-0.17743,-0.17821,-0.17798,-0.17484
0.00316,0.00056,-0.00081,-0.00344,-0.17791,-0.17869,-0.17847,-0.17532
0.00317,0.00055,-0.00080,-0.00345,-0.17839,-0.17918,-0.17895,-0.17580
0.00317,0.00055,-0.00080,-0.00345,-0.17887,-0.17966,-0.17944,-0.17627
0.00317,0.00055,-0.00080,-0.00345,-0.17935,-0.18015,-0.17992,-0.17675
0.00317,0.00055,-0.00080,-0.00346,-0.17983,-0.18063,-0.18041,-0.17722
0.00318,0.00055,-0.00080,-0.00346,-0.18031,-0.18111,-0.18089,-0.17769
0.00318,0.00054,-0.00080,-0.00347,-0.18078,-0.18159,-0.18137,-0.17816
0.00318,0.00054,-0.00080,-0.00347,-0.18125,-0.18206,-0.18185,-0.17863
0.00318,0.00054,-0.00080,-0.00347,-0.18173,-0.18254,-0.18233,-0.17910
0.00318,0.00054,-0.00080,-0.00348,-0.18220,-0.18302,-0.18281,-0.17957
0.00319,0.00053,-0.00080,-0.00348,-0.18267,-0.18349,-0.18328,-0.18004
0.00319,0.00053,-0.00080,-0.00348,-0.18314,-0.18396,-0.18376,-0.18050
0.00319,0.00053,-0.00080,-0.00349,-0.18360,-0.18443,-0.18423,-0.18096
0.00319,0.00053,-0.00079,-0.00349,-0.18407,-0.18490,-0.18470,-0.18143
0.00319,0.00052,-0.00079,-0.00349,-0.18454,-0.18537,-0.18517,-0.18189
0.00320,0.00052,-0.00079,-0.00350,-0.18500,-0.18584,-0.18564,-0.18234
0.00320,0.00052,-0.00079,-0.00350,-0.18546,-0.18631,-0.18611,-0.18280
0.00320,0.00052,-0.00079,-0.00351,-0.18592,-0.18677,-0.18657,-0.18326
0.00320,0.00052,-0.00079,-0.00351,-0.18638,-0.18723,-0.18704,-0.18371
0.00321,0.00051,-0.00079,-0.00351,-0.18684,-0.18769,-0.18750,-0.18417
0.00321,0.00051,-0.00079,-0.00352,-0.18729,-0.18815,-0.18796,-0.18462
0.00321,0.00051,-0.00079,-0.00352,-0.18775,-0.18861,-0.18842,-0.18507
0.00321,0.00051,-0.00079,-0.00352,-0.18820,-0.18907,-0.18888,-0.18552
0.00321,0.00050,-0.00079,-0.00353,-0.18865,-0.18952,-0.18934,-0.18597
0.00322,0.00050,-0.00079,-0.00353,-0.18910,-0.18998,-0.18980,-0.18641
0.00322,0.00050,-0.00079,-0.00353,-0.18955,-0.19043,-0.19025,-0.18686
0.00322,0.00050,-0.00078,-0.00354,-0.19000,-0.19088,-0.19070,-0.18730
0.00322,0.00049,-0.00078,-0.00354,-0.19045,-0.19133,-0.19116,-0.18774
0.00322,0.00049,-0.00078,-0.00355,-0.19089,-0.19178,-0.19161,-0.18818
0.00323,0.00049,-0.00078,-0.00355,-0.19134,-0.19223,-0.19206,-0.18862
0.00323,0.00049,-0.00078,-0.00355,-0.19178,-0.19267,-0.19250,-0.18906
0.00323,0.00049,-0.00078,-0.00356,-0.19222,-0.19312,-0.19295,-0.18950
0.00323,0.00048,-0.00078,-0.00356,-0.19266,-0.19356,-0.19339,-0.18993
0.00324,0.00048,-0.00078,-0.00356,-0.19309,-0.19400,-0.19384,-0.19037
0.00324,0.00048,-0.00078,-0.00357,-0.19353,-0.19444,-0.19428,-0.19080
0.00324,0.00048,-0.00078,-0.00357,-0.19396,-0.19488,-0.19472,-0.19123
0.00324,0.00047,-0.00078,-0.00357,-0.19440,-0.19531,-0.19516,-0.19166
0.00324,0.00047,-0.00078,-0.00358,-0.19483,-0.19575,-0.19559,-0.19208
0.00325,0.00047,-0.00077,-0.00358,-0.19526,-0.19618,-0.19603,-0.19251
0.00325,0.00047,-0.00077,-0.00358,-0.19569,-0.19661,-0.19646,-0.19293
0.00325,0.00047,-0.00077,-0.00359,-0.19611,-0.19704,-0.19689,-0.19335
0.00325,0.00046,-0.00077,-0.00359,-0.19654,-0.19747,-0.19732,-0.19378
0.00325,0.00046,-0.00077,-0.00360,-0.19696,-0.19790,-0.19775,-0.19420
0.00326,0.00046,-0.00077,-0.00360,-0.19738,-0.19833,-0.19818,-0.19461
0.00326,0.00046,-0.00077,-0.00360,-0.19780,-0.19875,-0.19861,-0.19503
0.00326,0.00045,-0.00077,-0.00361,-0.19822,-0.19917,-0.19903,-0.19544
0.00326,0.00045,-0.00077,-0.00361,-0.19864,-0.19959,-0.19945,-0.19586
0.00327,0.00045,-0.00077,-0.00361,-0.19906,-0.20001,-0.19987,-0.19627
0.00327,0.00045,-0.00077,-0.00362,-0.19947,-0.20043,-0.20029,-0.19668
0.00327,0.00045,-0.00077,-0.00362,-0.19988,-0.20085,-0.20071,-0.19709
0.00327,0.00044,-0.00077,-0.00362,-0.20029,-0.20126,-0.20113,-0.19749
0.00327,0.00044,-0.00076,-0.00363,-0.20070,-0.20167,-0.20154,-0.19790
0.00328,0.00044,-0.00076,-0.00363,-0.20111,-0.20208,-0.20196,-0.19830
0.00328,0.00044,-0.00076,-0.00363,-0.20152,-0.20249,-0.20237,-0.19871
0.00328,0.00043,-0.00076,-0.00364,-0.20192,-0.20290,-0.20278,-0.19911
0.00328,0.00043,-0.00076,-0.00364,-0.20233,-0.20331,-0.20319,-0.19951
0.00328,0.00043,-0.00076,-0.00364,-0.20273,-0.20371,-0.20359,-0.19990
0.00329,0.00043,-0.00076,-0.00365,-0.20313,-0.20412,-0.20400,-0.20030
0.00329,0.00043,-0.00076,-0.00365,-0.20352,-0.20452,-0.20440,-0.20069
0.00329,0.00042,-0.00076,-0.00366,-0.20392,-0.20492,-0.20480,-0.20108
0.00329,0.00042,-0.00076,-0.00366,-0.20432,-0.20532,-0.20520,-0.20148
0.00330,0.00042,-0.00076,-0.00366,-0.20471,-0.20571,-0.20560,-0.20186
0.00330,0.00042,-0.00076,-0.00367,-0.20510,-0.20611,-0.20600,-0.20225
0.00330,0.00042,-0.00076,-0.00367,-0.20549,-0.20650,-0.20639,-0.20264
0.00330,0.00041,-0.00075,-0.00367,-0.20588,-0.20689,-0.20679,-0.20302
0.00330,0.00041,-0.00075,-0.00368,-0.20627,-0.20728,-0.20718,-0.20341
0.00331,0.00041,-0.00075,-0.00368,-0.20665,-0.20767,-0.20757,-0.20379
0.00331,0.00041,-0.00075,-0.00368,-0.20704,-0.20806,-0.20796,-0.20417
0.00331,0.00040,-0.00075,-0.00369,-0.20742,-0.20844,-0.20834,-0.20454
0.00331,0.00040,-0.00075,-0.00369,-0.20780,-0.20883,-0.20873,-0.20492
0.00331,0.00040,-0.00075,-0.00369,-0.20818,-0.20921,-0.20911,-0.20529
0.00332,0.00040,-0.00075,-0.00370,-0.20855,-0.20959,-0.20950,-0.20567
0.00332,0.00040,-0.00075,-0.00370,-0.20893,-0.20997,-0.20988,-0.20604
0.00332,0.00039,-0.00075,-0.00370,-0.20930,-0.21034,-0.21025,-0.20641
0.00332,0.00039,-0.00075,-0.00371,-0.20968,-0.21072,-0.21063,-0.20678
0.00332,0.00039,-0.00075,-0.00371,-0.21005,-0.21109,-0.21101,-0.20714
0.00333,0.00039,-0.00074,-0.00371,-0.21041,-0.21146,-0.21138,-0.20751
0.00333,0.00039,-0.00074,-0.00372,-0.21078,-0.21183,-0.21175,-0.20787
0.00333,0.00038,-0.00074,-0.00372,-0.21115,-0.21220,-0.21212,-0.20823
0.00333,0.00038,-0.00074,-0.00372,-0.21151,-0.21257,-0.21249,-0.20859
0.00333,0.00038,-0.00074,-0.00373,-0.21187,-0.21293,-0.21286,-0.20895
0.00334,0.00038,-0.00074,-0.00373,-0.21223,-0.21330,-0.21322,-0.20930
0.00334,0.00038,-0.00074,-0.00373,-0.21259,-0.21366,-0.21359,-0.20966
0.00334,0.00037,-0.00074,-0.00374,-0.21295,-0.21402,-0.21395,-0.21001
0.00334,0.00037,-0.00074,-0.00374,-0.21330,-0.21438,-0.21431,-0.21036
0.00334,0.00037,-0.00074,-0.00374,-0.21366,-0.21473,-0.21467,-0.21071
0.00335,0.00037,-0.00074,-0.00375,-0.21401,-0.21509,-0.21502,-0.21106
0.00335,0.00036,-0.00074,-0.00375,-0.21436,-0.21544,-0.21538,-0.21141
0.00335,0.00036,-0.00074,-0.00375,-0.21471,-0.21579,-0.21573,-0.21175
0.00335,0.00036,-0.00073,-0.00376,-0.21505,-0.21614,-0.21608,-0.21209
0.00336,0.00036,-0.00073,-0.00376,-0.21540,-0.21649,-0.21643,-0.21243
0.00336,0.00036,-0.00073,-0.00376,-0.21574,-0.21684,-0.21678,-0.21277
0.00336,0.00035,-0.00073,-0.00377,-0.21609,-0.21718,-0.21713,-0.21311
0.00336,0.00035,-0.00073,-0.00377,-0.21643,-0.21752,-0.21747,-0.21345
0.00336,0.00035,-0.00073,-0.00377,-0.21676,-0.21786,-0.21782,-0.21378
0.00337,0.00035,-0.00073,-0.00378,-0.21710,-0.21820,-0.21816,-0.21411
0.00337,0.00035,-0.00073,-0.00378,-0.21744,-0.21854,-0.21850,-0.21445
0.00337,0.00034,-0.00073,-0.00378,-0.21777,-0.21888,-0.21883,-0.21478
0.00337,0.00034,-0.00073,-0.00379,-0.21810,-0.21921,-0.21917,-0.21510
0.00337,0.00034,-0.00073,-0.00379,-0.21843,-0.21954,-0.21951,-0.21543
0.00338,0.00034,-0.00073,-0.00379,-0.21876,-0.21988,-0.21984,-0.21575
0.00338,0.00034,-0.00073,-0.00380,-0.21909,-0.22020,-0.22017,-0.21608
0.00338,0.00033,-0.00072,-0.00380,-0.21941,-0.22053,-0.22050,-0.21640
0.00338,0.00033,-0.00072,-0.00380,-0.21973,-0.22086,-0.22083,-0.21672
0.00338,0.00033,-0.00072,-0.00381,-0.22006,-0.22118,-0.22115,-0.21703
0.00339,0.00033,-0.00072,-0.00381,-0.22038,-0.22150,-0.22148,-0.21735
0.00339,0.00033,-0.00072,-0.00381,-0.22069,-0.22183,-0.22180,-0.21766
0.00339,0.00032,-0.00072,-0.00381,-0.22101,-0.22214,-0.22212,-0.21798
0.00339,0.00032,-0.00072,-0.00382,-0.22132,-0.22246,-0.22244,-0.21829
0.00339,0.00032,-0.00072,-0.00382,-0.22164,-0.22278,-0.22276,-0.21860
0.00340,0.00032,-0.00072,-0.00382,-0.22195,-0.22309,-0.22307,-0.21890
0.00340,0.00032,-0.00072,-0.00383,-0.22226,-0.22340,-0.22339,-0.21921
0.00340,0.00031,-0.00072,-0.00383,-0.22257,-0.22371,-0.22370,-0.21951
0.00340,0.00031,-0.00072,-0.00383,-0.22287,-0.22402,-0.22401,-0.21981
0.00340,0.00031,-0.00072,-0.00384,-0.22318,-0.22433,-0.22432,-0.22012
0.00340,0.00031,-0.00071,-0.00384,-0.22348,-0.22463,-0.22463,-0.22041
0.00341,0.00031,-0.00071,-0.00384,-0.22378,-0.22494,-0.22493,-0.22071
0.00341,0.00031,-0.00071,-0.00385,-0.22408,-0.22524,-0.22523,-0.22101
0.00341,0.00030,-0.00071,-0.00385,-0.22438,-0.22554,-0.22554,-0.22130
0.00341,0.00030,-0.00071,-0.00385,-0.22468,-0.22584,-0.22584,-0.22159
0.00341,0.00030,-0.00071,-0.00385,-0.22497,-0.22614,-0.22614,-0.22188
0.00342,0.00030,-0.00071,-0.00386,-0.22526,-0.22643,-0.22643,-0.22217
0.00342,0.00030,-0.00071,-0.00386,-0.22556,-0.22672,-0.22673,-0.22246
0.00342,0.00029,-0.00071,-0.00386,-0.22584,-0.22702,-0.22702,-0.22275
0.00342,0.00029,-0.00071,-0.00387,-0.22613,-0.22731,-0.22731,-0.22303
0.00342,0.00029,-0.00071,-0.00387,-0.22642,-0.22760,-0.22760,-0.22331
0.00343,0.00029,-0.00071,-0.00387,-0.22670,-0.22788,-0.22789,-0.22359
0.00343,0.00029,-0.00071,-0.00388,-0.22699,-0.22817,-0.22818,-0.22387
0.00343,0.00028,-0.00071,-0.00388,-0.22727,-0.22845,-0.22847,-0.22415
0.00343,0.00028,-0.00070,-0.00388,-0.22755,-0.22873,-0.22875,-0.22443
0.00343,0.00028,-0.00070,-0.00388,-0.22783,-0.22901,-0.22903,-0.22470
0.00344,0.00028,-0.00070,-0.00389,-0.22810,-0.22929,-0.22931,-0.22497
0.00344,0.00028,-0.00070,-0.00389,-0.22838,-0.22957,-0.22959,-0.22524
0.00344,0.00028,-0.00070,-0.00389,-0.22865,-0.22984,-0.22987,-0.22551
0.00344,0.00027,-0.00070,-0.00390,-0.22892,-0.23012,-0.23014,-0.22578
0.00344,0.00027,-0.00070,-0.00390,-0.22919,-0.23039,-0.23042,-0.22605
0.00344,0.00027,-0.00070,-0.00390,-0.22946,-0.23066,-0.23069,-0.22631
0.00345,0.00027,-0.00070,-0.00391,-0.22973,-0.23093,-0.23096,-0.22657
0.00345,0.00027,-0.00070,-0.00391,-0.22999,-0.23119,-0.23123,-0.22683
0.00345,0.00026,-0.00070,-0.00391,-0.23025,-0.23146,-0.23149,-0.22709
0.00345,0.00026,-0.00070,-0.00391,-0.23052,-0.23172,-0.23176,-0.22735
0.00345,0.00026,-0.00070,-0.00392,-0.23078,-0.23198,-0.23202,-0.22761
0.00346,0.00026,-0.00069,-0.00392,-0.23103,-0.23224,-0.23228,-0.22786
0.00346,0.00026,-0.00069,-0.00392,-0.23129,-0.23250,-0.23255,-0.22811
0.00346,0.00026,-0.00069,-0.00393,-0.23155,-0.23276,-0.23280,-0.22836
0.00346,0.00025,-0.00069,-0.00393,-0.23180,-0.23301,-0.23306,-0.22861
0.00346,0.00025,-0.00069,-0.00393,-0.23205,-0.23327,-0.23332,-0.22886
0.00347,0.00025,-0.00069,-0.00393,-0.23230,-0.23352,-0.23357,-0.22911
0.00347,0.00025,-0.00069,-0.00394,-0.23255,-0.23377,-0.23382,-0.22935
0.00347,0.00025,-0.00069,-0.00394,-0.23280,-0.23402,-0.23407,-0.22960
0.00347,0.00025,-0.00069,-0.00394,-0.23304,-0.23427,-0.23432,-0.22984
0.00347,0.00024,-0.00069,-0.00395,-0.23329,-0.23451,-0.23457,-0.23008
0.00347,0.00024,-0.00069,-0.00395,-0.23353,-0.23476,-0.23482,-0.23032
0.00348,0.00024,-0.00069,-0.00395,-0.23377,-0.23500,-0.23506,-0.23055
0.00348,0.00024,-0.00069,-0.00395,-0.23401,-0.23524,-0.23530,-0.23079
0.00348,0.00024,-0.00069,-0.00396,-0.23425,-0.23548,-0.23554,-0.23102
0.00348,0.00024,-0.00068,-0.00396,-0.23448,-0.23572,-0.23578,-0.23126
0.00348,0.00023,-0.00068,-0.00396,-0.23472,-0.23595,-0.23602,-0.23149
0.00348,0.00023,-0.00068,-0.00396,-0.23495,-0.23619,-0.23626,-0.23172
0.00349,0.00023,-0.00068,-0.00397,-0.23518,-0.23642,-0.23649,-0.23194
0.00349,0.00023,-0.00068,-0.00397,-0.23541,-0.23665,-0.23673,-0.23217
0.00349,0.00023,-0.00068,-0.00397,-0.23564,-0.23688,-0.23696,-0.23239
0.00349,0.00023,-0.00068,-0.00398,-0.23587,-0.23711,-0.23719,-0.23262
0.00349,0.00022,-0.00068,-0.00398,-0.23609,-0.23734,-0.23742,-0.23284
0.00350,0.00022,-0.00068,-0.00398,-0.23631,-0.23756,-0.23764,-0.23306
0.00350,0.00022,-0.00068,-0.00398,-0.23654,-0.23779,-0.23787,-0.23328
0.00350,0.00022,-0.00068,-0.00399,-0.23676,-0.23801,-0.23809,-0.23349
0.00350,0.00022,-0.00068,-0.00399,-0.23698,-0.23823,-0.23831,-0.23371
0.00350,0.00022,-0.00068,-0.00399,-0.23719,-0.23845,-0.23853,-0.23392
0.00350,0.00021,-0.00068,-0.00399,-0.23741,-0.23866,-0.23875,-0.23414
0.00351,0.00021,-0.00067,-0.00400,-0.23762,-0.23888,-0.23897,-0.23435
0.00351,0.00021,-0.00067,-0.00400,-0.23784,-0.23909,-0.23919,-0.23456
0.00351,0.00021,-0.00067,-0.00400,-0.23805,-0.23931,-0.23940,-0.23476
0.00351,0.00021,-0.00067,-0.00400,-0.23826,-0.23952,-0.23961,-0.23497
0.00351,0.00021,-0.00067,-0.00401,-0.23847,-0.23973,-0.23983,-0.23518
0.00351,0.00020,-0.00067,-0.00401,-0.23867,-0.23994,-0.24004,-0.23538
0.00352,0.00020,-0.00067,-0.00401,-0.23888,-0.24014,-0.24024,-0.23558
0.00352,0.00020,-0.00067,-0.00401,-0.23908,-0.24035,-0.24045,-0.23578
0.00352,0.00020,-0.00067,-0.00402,-0.23929,-0.24055,-0.24066,-0.23598
0.00352,0.00020,-0.00067,-0.00402,-0.23949,-0.24076,-0.24086,-0.23618
0.00352,0.00020,-0.00067,-0.00402,-0.23969,-0.24096,-0.24106,-0.23637
0.00352,0.00020,-0.00067,-0.00402,-0.23988,-0.24116,-0.24126,-0.23657
0.00353,0.00019,-0.00067,-0.00403,-0.24008,-0.24135,-0.24146,-0.23676
0.00353,0.00019,-0.00067,-0.00403,-0.24028,-0.24155,-0.24166,-0.23695
0.00353,0.00019,-0.00067,-0.00403,-0.24047,-0.24175,-0.24186,-0.23714
0.00353,0.00019,-0.00066,-0.00403,-0.24066,-0.24194,-0.24205,-0.23733
0.00353,0.00019,-0.00066,-0.00404,-0.24085,-0.24213,-0.24225,-0.23752
0.00353,0.00019,-0.00066,-0.00404,-0.24104,-0.24232,-0.24244,-0.23771
0.00354,0.00018,-0.00066,-0.00404,-0.24123,-0.24251,-0.24263,-0.23789
0.00354,0.00018,-0.00066,-0.00404,-0.24142,-0.24270,-0.24282,-0.23807
0.00354,0.00018,-0.00066,-0.00405,-0.24160,-0.24289,-0.24301,-0.23826
0.00354,0.00018,-0.00066,-0.00405,-0.24179,-0.24307,-0.24320,-0.23844
0.00354,0.00018,-0.00066,-0.00405,-0.24197,-0.24325,-0.24338,-0.23862
0.00354,0.00018,-0.00066,-0.00405,-0.24215,-0.24344,-0.24356,-0.23879
0.00355,0.00018,-0.00066,-0.00406,-0.24233,-0.24362,-0.24375,-0.23897
0.00355,0.00017,-0.00066,-0.00406,-0.24251,-0.24380,-0.24393,-0.23915
0.00355,0.00017,-0.00066,-0.00406,-0.24268,-0.24397,-0.24411,-0.23932
0.00355,0.00017,-0.00066,-0.00406,-0.24286,-0.24415,-0.24429,-0.23949
0.00355,0.00017,-0.00066,-0.00406,-0.24303,-0.24433,-0.24446,-0.23966
0.00355,0.00017,-0.00066,-0.00407,-0.24321,-0.24450,-0.24464,-0.23983
0.00355,0.00017,-0.00065,-0.00407,-0.24338,-0.24467,-0.24481,-0.24000
0.00356,0.00017,-0.00065,-0.00407,-0.24355,-0.24484,-0.24499,-0.24017
0.00356,0.00016,-0.00065,-0.00407,-0.24372,-0.24501,-0.24516,-0.24033
0.00356,0.00016,-0.00065,-0.00408,-0.24389,-0.24518,-0.24533,-0.24050
0.00356,0.00016,-0.00065,-0.00408,-0.24405,-0.24535,-0.24550,-0.24066
0.00356,0.00016,-0.00065,-0.00408,-0.24422,-0.24551,-0.24566,-0.24082
0.00356,0.00016,-0.00065,-0.00408,-0.24438,-0.24568,-0.24583,-0.24098
0.00357,0.00016,-0.00065,-0.00408,-0.24454,-0.24584,-0.24599,-0.24114
0.00357,0.00016,-0.00065,-0.00409,-0.24470,-0.24600,-0.24616,-0.24130
0.00357,0.00016,-0.00065,-0.00409,-0.24486,-0.24616,-0.24632,-0.24145
0.00357,0.00015,-0.00065,-0.00409,-0.24502,-0.24632,-0.24648,-0.24161
0.00357,0.00015,-0.00065,-0.00409,-0.24518,-0.24648,-0.24664,-0.24176
0.00357,0.00015,-0.00065,-0.00410,-0.24533,-0.24664,-0.24680,-0.24192
0.00357,0.00015,-0.00065,-0.00410,-0.24549,-0.24679,-0.24695,-0.24207
0.00358,0.00015,-0.00065,-0.00410,-0.24564,-0.24695,-0.24711,-0.24222
0.00358,0.00015,-0.00065,-0.00410,-0.24579,-0.24710,-0.24726,-0.24237
0.00358,0.00015,-0.00064,-0.00410,-0.24594,-0.24725,-0.24742,-0.24251
0.00358,0.00015,-0.00064,-0.00411,-0.24609,-0.24740,-0.24757,-0.24266
0.00358,0.00014,-0.00064,-0.00411,-0.24624,-0.24755,-0.24772,-0.24280
0.00358,0.00014,-0.00064,-0.00411,-0.24639,-0.24770,-0.24787,-0.24295
0.00358,0.00014,-0.00064,-0.00411,-0.24653,-0.24784,-0.24801,-0.24309
0.00359,0.00014,-0.00064,-0.00411,-0.24668,-0.24799,-0.24816,-0.24323
0.00359,0.00014,-0.00064,-0.00412,-0.24682,-0.24813,-0.24831,-0.24337
0.00359,0.00014,-0.00064,-0.00412,-0.24696,-0.24828,-0.24845,-0.24351
0.00359,0.00014,-0.00064,-0.00412,-0.24710,-0.24842,-0.24859,-0.24365
0.00359,0.00014,-0.00064,-0.00412,-0.24724,-0.24856,-0.24874,-0.24379
0.00359,0.00013,-0.00064,-0.00412,-0.24738,-0.24870,-0.24888,-0.24392
0.00359,0.00013,-0.00064,-0.00413,-0.24752,-0.24883,-0.24902,-0.24406
0.00360,0.00013,-0.00064,-0.00413,-0.24765,-0.24897,-0.24915,-0.24419
0.00360,0.00013,-0.00064,-0.00413,-0.24779,-0.24911,-0.24929,-0.24432
0.00360,0.00013,-0.00064,-0.00413,-0.24792,-0.24924,-0.24943,-0.24445
0.00360,0.00013,-0.00064,-0.00413,-0.24805,-0.24937,-0.24956,-0.24458
0.00360,0.00013,-0.00064,-0.00414,-0.24819,-0.24951,-0.24969,-0.24471
0.00360,0.00013,-0.00064,-0.00414,-0.24832,-0.24964,-0.24983,-0.24484
0.00360,0.00012,-0.00063,-0.00414,-0.24844,-0.24977,-0.24996,-0.24496
0.00360,0.00012,-0.00063,-0.00414,-0.24857,-0.24989,-0.25009,-0.24509
0.00361,0.00012,-0.00063,-0.00414,-0.24870,-0.25002,-0.25022,-0.24521
0.00361,0.00012,-0.00063,-0.00415,-0.24882,-0.25015,-0.25034,-0.24533
0.00361,0.00012,-0.00063,-0.00415,-0.24895,-0.25027,-0.25047,-0.24546
0.00361,0.00012,-0.00063,-0.00415,-0.24907,-0.25040,-0.25059,-0.24558
0.00361,0.00012,-0.00063,-0.00415,-0.24919,-0.25052,-0.25072,-0.24570
0.00361,0.00012,-0.00063,-0.00415,-0.24932,-0.25064,-0.25084,-0.24581
0.00361,0.00012,-0.00063,-0.00415,-0.24944,-0.25076,-0.25096,-0.24593
0.00361,0.00011,-0.00063,-0.00416,-0.24955,-0.25088,-0.25108,-0.24605
0.00362,0.00011,-0.00063,-0.00416,-0.24967,-0.25100,-0.25120,-0.24616
0.00362,0.00011,-0.00063,-0.00416,-0.24979,-0.25112,-0.25132,-0.24628
0.00362,0.00011,-0.00063,-0.00416,-0.24990,-0.25123,-0.25144,-0.24639
0.00362,0.00011,-0.00063,-0.00416,-0.25002,-0.25135,-0.25156,-0.24650
0.00362,0.00011,-0.00063,-0.00417,-0.25013,-0.25146,-0.25167,-0.24661
0.00362,0.00011,-0.00063,-0.00417,-0.25025,-0.25157,-0.25179,-0.24672
0.00362,0.00011,-0.00063,-0.00417,-0.25036,-0.25169,-0.25190,-0.24683
0.00362,0.00011,-0.00063,-0.00417,-0.25047,-0.25180,-0.25201,-0.24694
0.00363,0.00010,-0.00062,-0.00417,-0.25058,-0.25191,-0.25212,-0.24705
0.00363,0.00010,-0.00062,-0.00417,-0.25068,-0.25202,-0.25223,-0.24715
0.00363,0.00010,-0.00062,-0.00418,-0.25079,-0.25212,-0.25234,-0.24726
0.00363,0.00010,-0.00062,-0.00418,-0.25090,-0.25223,-0.25245,-0.24736
0.00363,0.00010,-0.00062,-0.00418,-0.25100,-0.25234,-0.25256,-0.24746
0.00363,0.00010,-0.00062,-0.00418,-0.25111,-0.25244,-0.25266,-0.24756
0.00363,0.00010,-0.00062,-0.00418,-0.25121,-0.25254,-0.25277,-0.24766
0.00363,0.00010,-0.00062,-0.00418,-0.25131,-0.25265,-0.25287,-0.24776
0.00364,0.00010,-0.00062,-0.00419,-0.25141,-0.25275,-0.25297,-0.24786
0.00364,0.00010,-0.00062,-0.00419,-0.25151,-0.25285,-0.25307,-0.24796
0.00364,0.00010,-0.00062,-0.00419,-0.25161,-0.25295,-0.25318,-0.24806
0.00364,0.00009,-0.00062,-0.00419,-0.25171,-0.25305,-0.25328,-0.24815
0.00364,0.00009,-0.00062,-0.00419,-0.25181,-0.25315,-0.25337,-0.24825
0.00364,0.00009,-0.00062,-0.00419,-0.25191,-0.25324,-0.25347,-0.24834
0.00364,0.00009,-0.00062,-0.00419,-0.25200,-0.25334,-0.25357,-0.24844
0.00364,0.00009,-0.00062,-0.00420,-0.25210,-0.25343,-0.25367,-0.24853
0.00364,0.00009,-0.00062,-0.00420,-0.25219,-0.25353,-0.25376,-0.24862
0.00365,0.00009,-0.00062,-0.00420,-0.25228,-0.25362,-0.25385,-0.24871
0.00365,0.00009,-0.00062,-0.00420,-0.25237,-0.25371,-0.25395,-0.24880
0.00365,0.00009,-0.00062,-0.00420,-0.25246,-0.25380,-0.25404,-0.24889
0.00365,0.00009,-0.00061,-0.00420,-0.25255,-0.25389,-0.25413,-0.24897
0.00365,0.00009,-0.00061,-0.00421,-0.25264,-0.25398,-0.25422,-0.24906
0.00365,0.00008,-0.00061,-0.00421,-0.25273,-0.25407,-0.25431,-0.24915
0.00365,0.00008,-0.00061,-0.00421,-0.25282,-0.25416,-0.25440,-0.24923
0.00365,0.00008,-0.00061,-0.00421,-0.25290,-0.25424,-0.25449,-0.24932
0.00365,0.00008,-0.00061,-0.00421,-0.25299,-0.25433,-0.25457,-0.24940
0.00366,0.00008,-0.00061,-0.00421,-0.25307,-0.25441,-0.25466,-0.24948
0.00366,0.00008,-0.00061,-0.00421,-0.25316,-0.25450,-0.25474,-0.24956
0.00366,0.00008,-0.00061,-0.00422,-0.25324,-0.25458,-0.25483,-0.24964
0.00366,0.00008,-0.00061,-0.00422,-0.25332,-0.25466,-0.25491,-0.24972
0.00366,0.00008,-0.00061,-0.00422,-0.25340,-0.25474,-0.25499,-0.24980
0.00366,0.00008,-0.00061,-0.00422,-0.25348,-0.25482,-0.25508,-0.24988
0.00366,0.00008,-0.00061,-0.00422,-0.25356,-0.25490,-0.25516,-0.24996
0.00366,0.00007,-0.00061,-0.00422,-0.25364,-0.25498,-0.25524,-0.25003
0.00366,0.00007,-0.00061,-0.00422,-0.25372,-0.25506,-0.25531,-0.25011
0.00366,0.00007,-0.00061,-0.00422,-0.25379,-0.25514,-0.25539,-0.25018
0.00366,0.00007,-0.00061,-0.00423,-0.25387,-0.25521,-0.25547,-0.25026
0.00367,0.00007,-0.00061,-0.00423,-0.25395,-0.25529,-0.25555,-0.25033
0.00367,0.00007,-0.00061,-0.00423,-0.25402,-0.25536,-0.25562,-0.25040
0.00367,0.00007,-0.00061,-0.00423,-0.25409,-0.25544,-0.25570,-0.25047
0.00367,0.00007,-0.00061,-0.00423,-0.25417,-0.25551,-0.25577,-0.25054
0.00367,0.00007,-0.00061,-0.00423,-0.25424,-0.25558,-0.25584,-0.25061
0.00367,0.00007,-0.00061,-0.00423,-0.25431,-0.25565,-0.25591,-0.25068
0.00367,0.00007,-0.00060,-0.00423,-0.25438,-0.25572,-0.25599,-0.25075
0.00367,0.00007,-0.00060,-0.00424,-0.25445,-0.25579,-0.25606,-0.25082
0.00367,0.00007,-0.00060,-0.00424,-0.25452,-0.25586,-0.25613,-0.25089
0.00367,0.00007,-0.00060,-0.00424,-0.25459,-0.25593,-0.25620,-0.25095
0.00367,0.00006,-0.00060,-0.00424,-0.25465,-0.25600,-0.25626,-0.25102
0.00368,0.00006,-0.00060,-0.00424,-0.25472,-0.25606,-0.25633,-0.25108
0.00368,0.00006,-0.00060,-0.00424,-0.25478,-0.25613,-0.25640,-0.25115
0.00368,0.00006,-0.00060,-0.00424,-0.25485,-0.25620,-0.25646,-0.25121
0.00368,0.00006,-0.00060,-0.00424,-0.25491,-0.25626,-0.25653,-0.25127
0.00368,0.00006,-0.00060,-0.00425,-0.25498,-0.25632,-0.25659,-0.25133
0.00368,0.00006,-0.00060,-0.00425,-0.25504,-0.25639,-0.25666,-0.25139
0.00368,0.00006,-0.00060,-0.00425,-0.25510,-0.25645,-0.25672,-0.25145
0.00368,0.00006,-0.00060,-0.00425,-0.25516,-0.25651,-0.25678,-0.25151
0.00368,0.00006,-0.00060,-0.00425,-0.25522,-0.25657,-0.25684,-0.25157
0.00368,0.00006,-0.00060,-0.00425,-0.25528,-0.25663,-0.25691,-0.25163
0.00368,0.00006,-0.00060,-0.00425,-0.25534,-0.25669,-0.25697,-0.25169
0.00368,0.00006,-0.00060,-0.00425,-0.25540,-0.25675,-0.25703,-0.25175
0.00369,0.00006,-0.00060,-0.00425,-0.25546,-0.25681,-0.25708,-0.25180
0.00369,0.00006,-0.00060,-0.00426,-0.25552,-0.25686,-0.25714,-0.25186
0.00369,0.00005,-0.00060,-0.00426,-0.25557,-0.25692,-0.25720,-0.25191
0.00369,0.00005,-0.00060,-0.00426,-0.25563,-0.25698,-0.25726,-0.25197
0.00369,0.00005,-0.00060,-0.00426,-0.25568,-0.25703,-0.25731,-0.25202
0.00369,0.00005,-0.00060,-0.00426,-0.25574,-0.25709,-0.25737,-0.25207
0.00369,0.00005,-0.00060,-0.00426,-0.25579,-0.25714,-0.25742,-0.25212
0.00369,0.00005,-0.00060,-0.00426,-0.25584,-0.25719,-0.25748,-0.25218
0.00369,0.00005,-0.00060,-0.00426,-0.25590,-0.25724,-0.25753,-0.25223
0.00369,0.00005,-0.00060,-0.00426,-0.25595,-0.25730,-0.25758,-0.25228
0.00369,0.00005,-0.00060,-0.00426,-0.25600,-0.25735,-0.25763,-0.25233
0.00369,0.00005,-0.00059,-0.00427,-0.25605,-0.25740,-0.25768,-0.25237
0.00369,0.00005,-0.00059,-0.00427,-0.25610,-0.25745,-0.25773,-0.25242
0.00370,0.00005,-0.00059,-0.00427,-0.25615,-0.25750,-0.25778,-0.25247
0.00370,0.00005,-0.00059,-0.00427,-0.25620,-0.25755,-0.25783,-0.25252
0.00370,0.00005,-0.00059,-0.00427,-0.25624,-0.25759,-0.25788,-0.25256
0.00370,0.00005,-0.00059,-0.00427,-0.25629,-0.25764,-0.25793,-0.25261
0.00370,0.00005,-0.00059,-0.00427,-0.25634,-0.25769,-0.25798,-0.25266
0.00370,0.00005,-0.00059,-0.00427,-0.25638,-0.25773,-0.25803,-0.25270
0.00370,0.00004,-0.00059,-0.00427,-0.25643,-0.25778,-0.25807,-0.25274
0.00370,0.00004,-0.00059,-0.00427,-0.25648,-0.25782,-0.25812,-0.25279
0.00370,0.00004,-0.00059,-0.00427,-0.25652,-0.25787,-0.25816,-0.25283
0.00370,0.00004,-0.00059,-0.00428,-0.25656,-0.25791,-0.25821,-0.25287
0.00370,0.00004,-0.00059,-0.00428,-0.25661,-0.25796,-0.25825,-0.25291
0.00370,0.00004,-0.00059,-0.00428,-0.25665,-0.25800,-0.25829,-0.25296
0.00370,0.00004,-0.00059,-0.00428,-0.25669,-0.25804,-0.25834,-0.25300
0.00370,0.00004,-0.00059,-0.00428,-0.25673,-0.25808,-0.25838,-0.25304
0.00370,0.00004,-0.00059,-0.00428,-0.25677,-0.25812,-0.25842,-0.25308
0.00370,0.00004,-0.00059,-0.00428,-0.25681,-0.25816,-0.25846,-0.25312
0.00371,0.00004,-0.00059,-0.00428,-0.25685,-0.25820,-0.25850,-0.25315
0.00371,0.00004,-0.00059,-0.00428,-0.25689,-0.25824,-0.25854,-0.25319
0.00371,0.00004,-0.00059,-0.00428,-0.25693,-0.25828,-0.25858,-0.25323
0.00371,0.00004,-0.00059,-0.00428,-0.25697,-0.25832,-0.25862,-0.25327
0.00371,0.00004,-0.00059,-0.00428,-0.25701,-0.25836,-0.25866,-0.25330
0.00371,0.00004,-0.00059,-0.00428,-0.25704,-0.25839,-0.25869,-0.25334
0.00371,0.00004,-0.00059,-0.00429,-0.25708,-0.25843,-0.25873,-0.25337
0.00371,0.00004,-0.00059,-0.00429,-0.25711,-0.25846,-0.25877,-0.25341
0.00371,0.00004,-0.00059,-0.00429,-0.25715,-0.25850,-0.25880,-0.25344
0.00371,0.00004,-0.00059,-0.00429,-0.25718,-0.25854,-0.25884,-0.25348
0.00371,0.00004,-0.00059,-0.00429,-0.25722,-0.25857,-0.25887,-0.25351
0.00371,0.00004,-0.00059,-0.00429,-0.25725,-0.25860,-0.25891,-0.25354
0.00371,0.00003,-0.00059,-0.00429,-0.25729,-0.25864,-0.25894,-0.25357
0.00371,0.00003,-0.00059,-0.00429,-0.25732,-0.25867,-0.25898,-0.25361
0.00371,0.00003,-0.00059,-0.00429,-0.25735,-0.25870,-0.25901,-0.25364
0.00371,0.00003,-0.00059,-0.00429,-0.25738,-0.25873,-0.25904,-0.25367
0.00371,0.00003,-0.00059,-0.00429,-0.25741,-0.25876,-0.25907,-0.25370
0.00371,0.00003,-0.00059,-0.00429,-0.25745,-0.25880,-0.25910,-0.25373
0.00371,0.00003,-0.00059,-0.00429,-0.25748,-0.25883,-0.25913,-0.25376
0.00371,0.00003,-0.00059,-0.00429,-0.25751,-0.25886,-0.25916,-0.25379
0.00372,0.00003,-0.00059,-0.00429,-0.25753,-0.25889,-0.25919,-0.25381
0.00372,0.00003,-0.00059,-0.00429,-0.25756,-0.25891,-0.25922,-0.25384
0.00372,0.00003,-0.00058,-0.00430,-0.25759,-0.25894,-0.25925,-0.25387
0.00372,0.00003,-0.00058,-0.00430,-0.25762,-0.25897,-0.25928,-0.25390
0.00372,0.00003,-0.00058,-0.00430,-0.25765,-0.25900,-0.25931,-0.25392
0.00372,0.00003,-0.00058,-0.00430,-0.25767,-0.25903,-0.25934,-0.25395
0.00372,0.00003,-0.00058,-0.00430,-0.25770,-0.25905,-0.25936,-0.25398
0.00372,0.00003,-0.00058,-0.00430,-0.25773,-0.25908,-0.25939,-0.25400
0.00372,0.00003,-0.00058,-0.00430,-0.25775,-0.25910,-0.25942,-0.25403
0.00372,0.00003,-0.00058,-0.00430,-0.25778,-0.25913,-0.25944,-0.25405
0.00372,0.00003,-0.00058,-0.00430,-0.25780,-0.25915,-0.25947,-0.25407
0.00372,0.00003,-0.00058,-0.00430,-0.25783,-0.25918,-0.25949,-0.25410
0.00372,0.00003,-0.00058,-0.00430,-0.25785,-0.25920,-0.25952,-0.25412
0.00372,0.00003,-0.00058,-0.00430,-0.25788,-0.25923,-0.25954,-0.25414
0.00372,0.00003,-0.00058,-0.00430,-0.25790,-0.25925,-0.25956,-0.25417
0.00372,0.00003,-0.00058,-0.00430,-0.25792,-0.25927,-0.25959,-0.25419
0.00372,0.00003,-0.00058,-0.00430,-0.25794,-0.25929,-0.25961,-0.25421
0.00372,0.00003,-0.00058,-0.00430,-0.25797,-0.25932,-0.25963,-0.25423
0.00372,0.00003,-0.00058,-0.00430,-0.25799,-0.25934,-0.25965,-0.25425
0.00372,0.00003,-0.00058,-0.00430,-0.25801,-0.25936,-0.25968,-0.25427
0.00372,0.00003,-0.00058,-0.00430,-0.25803,-0.25938,-0.25970,-0.25429
0.00372,0.00003,-0.00058,-0.00430,-0.25805,-0.25940,-0.25972,-0.25431
0.00372,0.00003,-0.00058,-0.00431,-0.25807,-0.25942,-0.25974,-0.25433
0.00372,0.00003,-0.00058,-0.00431,-0.25809,-0.25944,-0.25976,-0.25435
0.00372,0.00002,-0.00058,-0.00431,-0.25811,-0.25946,-0.25978,-0.25437
0.00372,0.00002,-0.00058,-0.00431,-0.25813,-0.25948,-0.25980,-0.25439
0.00372,0.00002,-0.00058,-0.00431,-0.25815,-0.25950,-0.25982,-0.25440
0.00372,0.00002,-0.00058,-0.00431,-0.25816,-0.25951,-0.25983,-0.25442
0.00373,0.00002,-0.00058,-0.00431,-0.25818,-0.25953,-0.25985,-0.25444
0.00373,0.00002,-0.00058,-0.00431,-0.25820,-0.25955,-0.25987,-0.25446
0.00373,0.00002,-0.00058,-0.00431,-0.25822,-0.25957,-0.25989,-0.25447
0.00373,0.00002,-0.00058,-0.00431,-0.25823,-0.25958,-0.25990,-0.25449
0.00373,0.00002,-0.00058,-0.00431,-0.25825,-0.25960,-0.25992,-0.25450
0.00373,0.00002,-0.00058,-0.00431,-0.25826,-0.25961,-0.25994,-0.25452
0.00373,0.00002,-0.00058,-0.00431,-0.25828,-0.25963,-0.25995,-0.25453
0.00373,0.00002,-0.00058,-0.00431,-0.25829,-0.25965,-0.25997,-0.25455
0.00373,0.00002,-0.00058,-0.00431,-0.25831,-0.25966,-0.25998,-0.25456
0.00373,0.00002,-0.00058,-0.00431,-0.25832,-0.25967,-0.26000,-0.25458
0.00373,0.00002,-0.00058,-0.00431,-0.25834,-0.25969,-0.26001,-0.25459
0.00373,0.00002,-0.00058,-0.00431,-0.25835,-0.25970,-0.26003,-0.25460
0.00373,0.00002,-0.00058,-0.00431,-0.25837,-0.25972,-0.26004,-0.25462
0.00373,0.00002,-0.00058,-0.00431,-0.25838,-0.25973,-0.26005,-0.25463
0.00373,0.00002,-0.00058,-0.00431,-0.25839,-0.25974,-0.26007,-0.25464
0.00373,0.00002,-0.00058,-0.00431,-0.25840,-0.25975,-0.26008,-0.25465
0.00373,0.00002,-0.00058,-0.00431,-0.25842,-0.25977,-0.26009,-0.25467
0.00373,0.00002,-0.00058,-0.00431,-0.25843,-0.25978,-0.26010,-0.25468
0.00373,0.00002,-0.00058,-0.00431,-0.25844,-0.25979,-0.26012,-0.25469
0.00373,0.00002,-0.00058,-0.00431,-0.25845,-0.25980,-0.26013,-0.25470
0.00373,0.00002,-0.00058,-0.00431,-0.25846,-0.25981,-0.26014,-0.25471
0.00373,0.00002,-0.00058,-0.00431,-0.25847,-0.25982,-0.26015,-0.25472
0.00373,0.00002,-0.00058,-0.00431,-0.25848,-0.25983,-0.26016,-0.25473
0.00373,0.00002,-0.00058,-0.00431,-0.25849,-0.25984,-0.26017,-0.25474
0.00373,0.00002,-0.00058,-0.00431,-0.25850,-0.25985,-0.26018,-0.25475
0.00373,0.00002,-0.00058,-0.00431,-0.25851,-0.25986,-0.26019,-0.25476
0.00373,0.00002,-0.00058,-0.00431,-0.25852,-0.25987,-0.26020,-0.25477
0.00373,0.00002,-0.00058,-0.00432,-0.25853,-0.25988,-0.26021,-0.25478
0.00373,0.00002,-0.00058,-0.00432,-0.25854,-0.25989,-0.26022,-0.25479
0.00373,0.00002,-0.00058,-0.00432,-0.25855,-0.25990,-0.26023,-0.25480
0.00373,0.00002,-0.00058,-0.00432,-0.25856,-0.25991,-0.26023,-0.25480
0.00373,0.00002,-0.00058,-0.00432,-0.25857,-0.25992,-0.26024,-0.25481
0.00373,0.00002,-0.00058,-0.00432,-0.25857,-0.25992,-0.26025,-0.25482
0.00373,0.00002,-0.00058,-0.00432,-0.25858,-0.25993,-0.26026,-0.25483
0.00373,0.00002,-0.00058,-0.00432,-0.25859,-0.25994,-0.26027,-0.25483
0.00373,0.00002,-0.00058,-0.00432,-0.25860,-0.25995,-0.26027,-0.25484
0.00373,0.00002,-0.00058,-0.00432,-0.25860,-0.25995,-0.26028,-0.25485
0.00373,0.00002,-0.00058,-0.00432,-0.25861,-0.25996,-0.26029,-0.25485
0.00373,0.00002,-0.00058,-0.00432,-0.25862,-0.25997,-0.26029,-0.25486
0.00373,0.00002,-0.00058,-0.00432,-0.25862,-0.25997,-0.26030,-0.25486
0.00373,0.00002,-0.00058,-0.00432,-0.25863,-0.25998,-0.26031,-0.25487
0.00373,0.00002,-0.00058,-0.00432,-0.25863,-0.25998,-0.26031,-0.25488
0.00373,0.00002,-0.00058,-0.00432,-0.25864,-0.25999,-0.26032,-0.25488
0.00373,0.00002,-0.00058,-0.00432,-0.25864,-0.25999,-0.26032,-0.25489
0.00373,0.00002,-0.00058,-0.00432,-0.25865,-0.26000,-0.26033,-0.25489
0.00373,0.00002,-0.00058,-0.00432,-0.25865,-0.26000,-0.26033,-0.25490
0.00373,0.00002,-0.00058,-0.00432,-0.25866,-0.26001,-0.26034,-0.25490
0.00373,0.00002,-0.00058,-0.00432,-0.25866,-0.26001,-0.26034,-0.25491
0.00373,0.00002,-0.00058,-0.00432,-0.25867,-0.26002,-0.26035,-0.25491
0.00373,0.00002,-0.00058,-0.00432,-0.25867,-0.26002,-0.26035,-0.25491
0.00373,0.00002,-0.00058,-0.00432,-0.25868,-0.26003,-0.26035,-0.25492
0.00373,0.00002,-0.00058,-0.00432,-0.25868,-0.26003,-0.26036,-0.25492
0.00373,0.00002,-0.00058,-0.00432,-0.25868,-0.26003,-0.26036,-0.25492
0.00373,0.00002,-0.00058,-0.00432,-0.25869,-0.26004,-0.26037,-0.25493
0.00373,0.00002,-0.00058,-0.00432,-0.25869,-0.26004,-0.26037,-0.25493
0.00373,0.00002,-0.00058,-0.00432,-0.25869,-0.26004,-0.26037,-0.25493
0.00373,0.00002,-0.00058,-0.00432,-0.25870,-0.26005,-0.26037,-0.25494
0.00373,0.00002,-0.00058,-0.00432,-0.25870,-0.26005,-0.26038,-0.25494
0.00373,0.00002,-0.00058,-0.00432,-0.25870,-0.26005,-0.26038,-0.25494
0.00373,0.00002,-0.00058,-0.00432,-0.25870,-0.26005,-0.26038,-0.25494
0.00373,0.00002,-0.00058,-0.00432,-0.25871,-0.26006,-0.26039,-0.25495
0.00373,0.00002,-0.00058,-0.00432,-0.25871,-0.26006,-0.26039,-0.25495
0.00373,0.00002,-0.00058,-0.00432,-0.25871,-0.26006,-0.26039,-0.25495
0.00373,0.00002,-0.00058,-0.00432,-0.25871,-0.26006,-0.26039,-0.25495
0.00373,0.00002,-0.00058,-0.00432,-0.25871,-0.26006,-0.26039,-0.25495
0.00373,0.00002,-0.00058,-0.00432,-0.25872,-0.26007,-0.26039,-0.25495
0.00373,0.00002,-0.00058,-0.00432,-0.25872,-0.26007,-0.26040,-0.25496
0.00373,0.00002,-0.00058,-0.00432,-0.25872,-0.26007,-0.26040,-0.25496
0.00373,0.00002,-0.00058,-0.00432,-0.25872,-0.26007,-0.26040,-0.25496
0.00373,0.00002,-0.00058,-0.00432,-0.25872,-0.26007,-0.26040,-0.25496
0.00373,0.00002,-0.00058,-0.00432,-0.25872,-0.26007,-0.26040,-0.25496
0.00373,0.00002,-0.00058,-0.00432,-0.25872,-0.26007,-0.26040,-0.25496
0.00373,0.00002,-0.00058,-0.00432,-0.25872,-0.26007,-0.26040,-0.25496
0.00373,0.00002,-0.00058,-0.00432,-0.25872,-0.26007,-0.26040,-0.25496
0.00373,0.00002,-0.00058,-0.00432,-0.25873,-0.26008,-0.26040,-0.25496
0.00373,0.00002,-0.00058,-0.00432,-0.25873,-0.26008,-0.26041,-0.25497
0.00373,0.00002,-0.00058,-0.00432,-0.25873,-0.26008,-0.26041,-0.25497
0.00373,0.00002,-0.00058,-0.00432,-0.25873,-0.26008,-0.26041,-0.25497
0.00373,0.00002,-0.00058,-0.00432,-0.25873,-0.26008,-0.26041,-0.25497
0.00373,0.00002,-0.00058,-0.00432,-0.25873,-0.26008,-0.26041,-0.25497
0.00373,0.00002,-0.00058,-0.00432,-0.25873,-0.26008,-0.26041,-0.25497
0.00373,0.00002,-0.00058,-0.00432,-0.25873,-0.26008,-0.26041,-0.25497
0.00373,0.00002,-0.00058,-0.00432,-0.25873,-0.26008,-0.26041,-0.25497
0.00373,0.00002,-0.00058,-0.00432,-0.25873,-0.26008,-0.26041,-0.25497
0.00373,0.00002,-0.00058,-0.00432,-0.25873,-0.26008,-0.26041,-0.25497
0.00373,0.00002,-0.00058,-0.00432,-0.25873,-0.26008,-0.26041,-0.25497
0.00373,0.00002,-0.00058,-0.00432,-0.25873,-0.26008,-0.26041,-0.25497
0.00373,0.00002,-0.00058,-0.00432,-0.25873,-0.26008,-0.26041,-0.25497
0.00373,0.00002,-0.00058,-0.00432,-0.25873,-0.26008,-0.26041,-0.25497
0.00373,0.00002,-0.00058,-0.00432,-0.25873,-0.26008,-0.26041,-0.25497
0.00373,0.00002,-0.00058,-0.00432,-0.25873,-0.26008,-0.26041,-0.25497
0.00373,0.00002,-0.00058,-0.00432,-0.25873,-0.26008,-0.26041,-0.25497
