1709305584802, 5, 0
1709305584802, 6, 0
1709305584804, 7, 0
1709305584804, 8, 0
1709305584955, 5, 0
1709305584955, 6, 0
1709305584955, 7, 0
1709305584955, 8, 0
1709305585106, 5, 0
1709305585106, 6, 0
1709305585106, 7, 0
1709305585106, 8, 0
1709305585257, 5, 0
1709305585257, 6, 0
1709305585257, 7, 0
1709305585258, 8, 0
1709305585408, 5, 0
1709305585408, 6, 0
1709305585408, 7, 0
1709305585408, 8, 1e-05
1709305585559, 5, 0
1709305585559, 6, 0
1709305585559, 7, 0
1709305585559, 8, 1e-05
1709305585710, 5, 0
1709305585710, 6, 1e-05
1709305585710, 7, 0
1709305585710, 8, 2e-05
1709305585861, 5, 0
1709305585861, 6, 1e-05
1709305585862, 7, 0
1709305585862, 8, 3e-05
1709305586012, 5, 0
1709305586013, 6, 2e-05
1709305586013, 7, 0
1709305586013, 8, 5e-05
1709305586164, 5, 0
1709305586164, 6, 2e-05
1709305586164, 7, 0
1709305586164, 8, 7e-05
1709305586315, 5, 0
1709305586315, 6, 3e-05
1709305586315, 7, 0
1709305586315, 8, 9e-05
1709305586466, 5, 0
1709305586466, 6, 4e-05
1709305586466, 7, 0
1709305586466, 8, 0.00012
1709305586617, 5, 0
1709305586617, 6, 5e-05
1709305586617, 7, 0
1709305586617, 8, 0.00015
1709305586768, 5, 0
1709305586768, 6, 7e-05
1709305586768, 7, 0
1709305586768, 8, 0.00019
1709305586919, 5, 0
1709305586919, 6, 8e-05
1709305586919, 7, 0
1709305586919, 8, 0.00024
1709305587070, 5, 0
1709305587070, 6, 0.0001
1709305587070, 7, 0
1709305587070, 8, 0.00029
1709305587221, 5, 0
1709305587221, 6, 0.00012
1709305587221, 7, 0
1709305587221, 8, 0.00036
1709305587372, 5, 0
1709305587372, 6, 0.00015
1709305587372, 7, 0
1709305587372, 8, 0.00043
1709305587523, 5, 0
1709305587523, 6, 0.00017
1709305587523, 7, 0
1709305587523, 8, 0.0005
1709305587674, 5, 0
1709305587674, 6, 0.0002
1709305587674, 7, 0
1709305587674, 8, 0.00059
1709305587825, 5, 0
1709305587825, 6, 0.00024
1709305587825, 7, 0
1709305587825, 8, 0.00069
1709305587976, 5, 0
1709305587976, 6, 0.00027
1709305587976, 7, 0
1709305587976, 8, 0.00079
1709305588126, 5, 0
1709305588127, 6, 0.00031
1709305588127, 7, 0
1709305588127, 8, 0.00091
1709305588278, 5, 0
1709305588278, 6, 0.00035
1709305588278, 7, 0
1709305588278, 8, 0.00103
1709305588429, 5, 0
1709305588429, 6, 0.0004
1709305588429, 7, 0
1709305588429, 8, 0.00117
1709305588580, 5, 0
1709305588580, 6, 0.00045
1709305588580, 7, 0
1709305588580, 8, 0.00131
1709305588731, 5, 0
1709305588731, 6, 0.0005
1709305588731, 7, 0
1709305588731, 8, 0.00147
1709305588882, 5, 0
1709305588882, 6, 0.00056
1709305588882, 7, 0
1709305588882, 8, 0.00164
1709305589033, 5, 0
1709305589033, 6, 0.00063
1709305589033, 7, 0
1709305589033, 8, 0.00182
1709305589184, 5, 0
1709305589184, 6, 0.00069
1709305589184, 7, 0
1709305589184, 8, 0.00202
1709305589335, 5, 0
1709305589335, 6, 0.00076
1709305589335, 7, 0
1709305589335, 8, 0.00222
1709305589485, 5, 0
1709305589486, 6, 0.00084
1709305589486, 7, 0
1709305589486, 8, 0.00244
1709305589637, 5, 0
1709305589637, 6, 0.00092
1709305589637, 7, 0
1709305589637, 8, 0.00268
1709305589788, 5, 0
1709305589788, 6, 0.001
1709305589788, 7, 0
1709305589788, 8, 0.00292
1709305589939, 5, 0
1709305589939, 6, 0.00109
1709305589939, 7, 0
1709305589939, 8, 0.00319
1709305590090, 5, 0
1709305590090, 6, 0.00119
1709305590090, 7, 0
1709305590090, 8, 0.00346
1709305590241, 5, 0
1709305590241, 6, 0.00129
1709305590241, 7, 0
1709305590241, 8, 0.00375
1709305590392, 5, 0
1709305590392, 6, 0.00139
1709305590392, 7, 0
1709305590392, 8, 0.00406
1709305590543, 5, 0
1709305590543, 6, 0.0015
1709305590543, 7, 0
1709305590543, 8, 0.00438
1709305590694, 5, 0
1709305590694, 6, 0.00161
1709305590694, 7, 0
1709305590694, 8, 0.00471
1709305590845, 5, 0
1709305590845, 6, 0.00173
1709305590845, 7, 0
1709305590845, 8, 0.00506
1709305590996, 5, 0
1709305590996, 6, 0.00186
1709305590996, 7, 0
1709305590996, 8, 0.00543
1709305591147, 5, 0
1709305591148, 6, 0.00199
1709305591148, 7, 0
1709305591148, 8, 0.00581
1709305591299, 5, 0
1709305591299, 6, 0.00212
1709305591299, 7, 0
1709305591299, 8, 0.00621
1709305591450, 5, 0
1709305591450, 6, 0.00227
1709305591450, 7, 0
1709305591450, 8, 0.00663
1709305591601, 5, 0
1709305591601, 6, 0.00241
1709305591601, 7, 0
1709305591601, 8, 0.00706
1709305591752, 5, 0
1709305591752, 6, 0.00257
1709305591752, 7, 0
1709305591752, 8, 0.00751
1709305591903, 5, 0
1709305591903, 6, 0.00273
1709305591903, 7, 0
1709305591903, 8, 0.00798
1709305592053, 5, 0
1709305592054, 6, 0.00289
1709305592054, 7, 0
1709305592054, 8, 0.00846
1709305592204, 5, 0
1709305592205, 6, 0.00306
1709305592205, 7, 0
1709305592205, 8, 0.00896
1709305592355, 5, 0
1709305592356, 6, 0.00324
1709305592356, 7, 0
1709305592356, 8, 0.00948
1709305592506, 5, 0
1709305592506, 6, 0.00342
1709305592507, 7, 0
1709305592507, 8, 0.01002
1709305592657, 5, 0
1709305592657, 6, 0.00361
1709305592657, 7, 0
1709305592658, 8, 0.01058
1709305592808, 5, 0
1709305592808, 6, 0.0038
1709305592808, 7, 0
1709305592809, 8, 0.01115
1709305592959, 5, 0
1709305592959, 6, 0.004
1709305592959, 7, 0
1709305592960, 8, 0.01174
1709305593110, 5, 0
1709305593110, 6, 0.00421
1709305593110, 7, 0
1709305593111, 8, 0.01235
1709305593261, 5, 0
1709305593261, 6, 0.00442
1709305593261, 7, 0
1709305593263, 8, 0.01298
1709305593413, 5, 0
1709305593413, 6, 0.00464
1709305593414, 7, 0
1709305593414, 8, 0.01363
1709305593564, 5, 0
1709305593564, 6, 0.00487
1709305593565, 7, 0
1709305593565, 8, 0.0143
1709305593715, 5, 0
1709305593715, 6, 0.0051
1709305593716, 7, 0
1709305593716, 8, 0.01499
1709305593866, 5, 0
1709305593866, 6, 0.00534
1709305593867, 7, 0
1709305593867, 8, 0.01569
1709305594017, 5, 0
1709305594017, 6, 0.00558
1709305594018, 7, 0
1709305594018, 8, 0.01642
1709305594168, 5, 0
1709305594168, 6, 0.00583
1709305594169, 7, 0
1709305594169, 8, 0.01717
1709305594319, 5, 0
1709305594319, 6, 0.00609
1709305594320, 7, 0
1709305594320, 8, 0.01793
1709305594470, 5, 0
1709305594470, 6, 0.00635
1709305594470, 7, 0
1709305594471, 8, 0.01871
1709305594621, 5, 0
1709305594621, 6, 0.00662
1709305594621, 7, 0
1709305594622, 8, 0.01952
1709305594772, 5, 0
1709305594772, 6, 0.0069
1709305594772, 7, 0
1709305594772, 8, 0.02034
1709305594923, 5, 0
1709305594923, 6, 0.00718
1709305594923, 7, 0
1709305594923, 8, 0.02119
1709305595074, 5, 0
1709305595074, 6, 0.00747
1709305595074, 7, 0
1709305595075, 8, 0.02205
1709305595225, 5, 0
1709305595225, 6, 0.00776
1709305595225, 7, 0
1709305595225, 8, 0.02293
1709305595376, 5, 0
1709305595376, 6, 0.00806
1709305595376, 7, 0
1709305595376, 8, 0.02384
1709305595527, 5, 0
1709305595527, 6, 0.00837
1709305595527, 7, 0
1709305595527, 8, 0.02476
1709305595677, 5, 0
1709305595679, 6, 0.00868
1709305595679, 7, 0
1709305595679, 8, 0.02571
1709305595829, 5, 0
1709305595830, 6, 0.00901
1709305595830, 7, 0
1709305595830, 8, 0.02667
1709305595980, 5, 0
1709305595981, 6, 0.00933
1709305595981, 7, 0
1709305595981, 8, 0.02766
1709305596131, 5, 0
1709305596131, 6, 0.00966
1709305596132, 7, 0
1709305596132, 8, 0.02866
1709305596282, 5, 0
1709305596282, 6, 0.01
1709305596283, 7, 0
1709305596283, 8, 0.02969
1709305596433, 5, 0
1709305596433, 6, 0.01035
1709305596434, 7, 0
1709305596434, 8, 0.03073
1709305596584, 5, 0
1709305596584, 6, 0.0107
1709305596585, 7, 0
1709305596585, 8, 0.0318
1709305596735, 5, 0
1709305596735, 6, 0.01106
1709305596736, 7, 0
1709305596737, 8, 0.03288
1709305596887, 5, 0
1709305596887, 6, 0.01142
1709305596887, 7, 0
1709305596888, 8, 0.03399
1709305597038, 5, 0
1709305597038, 6, 0.01179
1709305597038, 7, 0
1709305597038, 8, 0.03512
1709305597189, 5, 0
1709305597189, 6, 0.01217
1709305597189, 7, 0
1709305597190, 8, 0.03626
1709305597340, 5, 0
1709305597340, 6, 0.01255
1709305597340, 7, 0
1709305597340, 8, 0.03743
1709305597492, 5, 0
1709305597492, 6, 0.01294
1709305597492, 7, 0
1709305597492, 8, 0.03861
1709305597643, 5, 0
1709305597643, 6, 0.01333
1709305597643, 7, 0
1709305597643, 8, 0.03982
1709305597794, 5, 0
1709305597794, 6, 0.01373
1709305597794, 7, 0
1709305597794, 8, 0.04105
1709305597944, 5, 0
1709305597945, 6, 0.01414
1709305597945, 7, 0
1709305597945, 8, 0.04229
1709305598096, 5, 0
1709305598096, 6, 0.01455
1709305598096, 7, 0
1709305598096, 8, 0.04356
1709305598247, 5, 0
1709305598247, 6, 0.01496
1709305598247, 7, 0
1709305598247, 8, 0.04485
1709305598398, 5, 0
1709305598398, 6, 0.01539
1709305598398, 7, 0
1709305598398, 8, 0.04615
1709305598549, 5, 0
1709305598550, 6, 0.01582
1709305598550, 7, 0
1709305598550, 8, 0.04748
1709305598701, 5, 0
1709305598701, 6, 0.01625
1709305598701, 7, 0
1709305598701, 8, 0.04882
1709305598852, 5, 0
1709305598852, 6, 0.01669
1709305598852, 7, 0
1709305598852, 8, 0.05019
1709305599003, 5, 0
1709305599003, 6, 0.01713
1709305599003, 7, 0
1709305599003, 8, 0.05157
1709305599154, 5, 0
1709305599154, 6, 0.01758
1709305599154, 7, 0
1709305599154, 8, 0.05297
1709305599304, 5, 0
1709305599305, 6, 0.01804
1709305599305, 7, 0
1709305599306, 8, 0.0544
1709305599456, 5, 0
1709305599456, 6, 0.0185
1709305599456, 7, 0
1709305599457, 8, 0.05584
1709305599607, 5, 0
1709305599607, 6, 0.01896
1709305599608, 7, 0
1709305599608, 8, 0.0573
1709305599758, 5, 0
1709305599759, 6, 0.01943
1709305599759, 7, 0
1709305599759, 8, 0.05877
1709305599910, 5, 0
1709305599910, 6, 0.01991
1709305599910, 7, 0
1709305599910, 8, 0.06027
1709305600062, 5, 0
1709305600062, 6, 0.02039
1709305600062, 7, 0
1709305600062, 8, 0.06179
1709305600213, 5, 0
1709305600213, 6, 0.02087
1709305600213, 7, 0
1709305600213, 8, 0.06332
1709305600364, 5, 0
1709305600364, 6, 0.02136
1709305600364, 7, 0
1709305600364, 8, 0.06487
1709305600514, 5, 0
1709305600515, 6, 0.02186
1709305600515, 7, 0
1709305600515, 8, 0.06644
1709305600665, 5, 0
1709305600665, 6, 0.02236
1709305600666, 7, 0
1709305600666, 8, 0.06803
1709305600816, 5, 0
1709305600817, 6, 0.02286
1709305600817, 7, 0
1709305600817, 8, 0.06964
1709305600967, 5, 0
1709305600968, 6, 0.02337
1709305600968, 7, 0
1709305600968, 8, 0.07126
1709305601118, 5, 0
1709305601119, 6, 0.02388
1709305601119, 7, 0
1709305601119, 8, 0.0729
1709305601269, 5, 0
1709305601270, 6, 0.0244
1709305601270, 7, 0
1709305601270, 8, 0.07456
1709305601420, 5, 0
1709305601421, 6, 0.02492
1709305601421, 7, 0
1709305601421, 8, 0.07623
1709305601571, 5, 0
1709305601572, 6, 0.02544
1709305601572, 7, 0
1709305601572, 8, 0.07793
1709305601722, 5, 0
1709305601723, 6, 0.02597
1709305601723, 7, 0
1709305601723, 8, 0.07963
1709305601874, 5, 0
1709305601874, 6, 0.0265
1709305601874, 7, 0
1709305601874, 8, 0.08136
1709305602025, 5, 0
1709305602025, 6, 0.02704
1709305602025, 7, 0
1709305602025, 8, 0.0831
1709305602176, 5, 0
1709305602176, 6, 0.02758
1709305602176, 7, 0
1709305602176, 8, 0.08486
1709305602327, 5, 0
1709305602327, 6, 0.02812
1709305602327, 7, 0
1709305602327, 8, 0.08663
1709305602478, 5, 0
1709305602478, 6, 0.02866
1709305602478, 7, 0
1709305602478, 8, 0.08841
1709305602629, 5, 0
1709305602629, 6, 0.02921
1709305602629, 7, 0
1709305602629, 8, 0.09022
1709305602780, 5, 0
1709305602780, 6, 0.02976
1709305602780, 7, 0
1709305602780, 8, 0.09204
1709305602931, 5, 0
1709305602931, 6, 0.03032
1709305602931, 7, 0
1709305602931, 8, 0.09387
1709305603082, 5, 0
1709305603082, 6, 0.03088
1709305603082, 7, 0
1709305603082, 8, 0.09572
1709305603233, 5, 0
1709305603233, 6, 0.03144
1709305603233, 7, 0
1709305603234, 8, 0.09758
1709305603384, 5, 0
1709305603384, 6, 0.032
1709305603384, 7, 0
1709305603384, 8, 0.09945
1709305603535, 5, 0
1709305603535, 6, 0.03257
1709305603535, 7, 0
1709305603536, 8, 0.10134
1709305603686, 5, 0
1709305603686, 6, 0.03314
1709305603686, 7, 0
1709305603686, 8, 0.10324
1709305603837, 5, 0
1709305603837, 6, 0.03371
1709305603837, 7, 0
1709305603837, 8, 0.10516
1709305603988, 5, 0
1709305603988, 6, 0.03428
1709305603988, 7, 0
1709305603988, 8, 0.10709
1709305604139, 5, 0
1709305604139, 6, 0.03485
1709305604139, 7, 0
1709305604139, 8, 0.10903
1709305604290, 5, 0
1709305604290, 6, 0.03543
1709305604290, 7, 0
1709305604290, 8, 0.11098
1709305604441, 5, 0
1709305604441, 6, 0.03601
1709305604441, 7, 0
1709305604441, 8, 0.11295
1709305604592, 5, 0
1709305604592, 6, 0.03659
1709305604592, 7, 0
1709305604592, 8, 0.11493
1709305604743, 5, 0
1709305604743, 6, 0.03717
1709305604743, 7, 0
1709305604743, 8, 0.11691
1709305604894, 5, 0
1709305604894, 6, 0.03776
1709305604894, 7, 0
1709305604894, 8, 0.11892
1709305605045, 5, 0
1709305605045, 6, 0.03834
1709305605045, 7, 0
1709305605045, 8, 0.12093
1709305605196, 5, 0
1709305605196, 6, 0.03893
1709305605196, 7, 0
1709305605196, 8, 0.12295
1709305605347, 5, 0
1709305605347, 6, 0.03952
1709305605347, 7, 0
1709305605347, 8, 0.12498
1709305605497, 5, 0
1709305605498, 6, 0.0401
1709305605498, 7, 0
1709305605498, 8, 0.12702
1709305605648, 5, 0
1709305605649, 6, 0.04069
1709305605649, 7, 0
1709305605649, 8, 0.12907
1709305605800, 5, 0
1709305605800, 6, 0.04128
1709305605800, 7, 0
1709305605800, 8, 0.13113
1709305605951, 5, 0
1709305605951, 6, 0.04187
1709305605951, 7, 0
1709305605951, 8, 0.1332
1709305606102, 5, 0
1709305606102, 6, 0.04246
1709305606102, 7, 0
1709305606102, 8, 0.13528
1709305606252, 5, 0
1709305606253, 6, 0.04306
1709305606253, 7, 0
1709305606253, 8, 0.13737
1709305606403, 5, 0
1709305606404, 6, 0.04365
1709305606404, 7, 0
1709305606404, 8, 0.13946
1709305606554, 5, 0
1709305606555, 6, 0.04424
1709305606555, 7, 0
1709305606555, 8, 0.14157
1709305606705, 5, 0
1709305606706, 6, 0.04483
1709305606706, 7, 0
1709305606706, 8, 0.14367
1709305606857, 5, 0
1709305606857, 6, 0.04542
1709305606857, 7, 0
1709305606857, 8, 0.14579
1709305607008, 5, 0
1709305607008, 6, 0.04601
1709305607008, 7, 0
1709305607008, 8, 0.14791
1709305607159, 5, 0
1709305607159, 6, 0.0466
1709305607159, 7, 0
1709305607160, 8, 0.15004
1709305607310, 5, 0
1709305607310, 6, 0.04719
1709305607310, 7, 0
1709305607310, 8, 0.15218
1709305607461, 5, 0
1709305607461, 6, 0.04778
1709305607461, 7, 0
1709305607461, 8, 0.15432
1709305607612, 5, 0
1709305607612, 6, 0.04837
1709305607612, 7, 0
1709305607612, 8, 0.15646
1709305607763, 5, 0
1709305607763, 6, 0.04896
1709305607763, 7, 0
1709305607763, 8, 0.15861
1709305607914, 5, 0
1709305607914, 6, 0.04955
1709305607914, 7, 0
1709305607914, 8, 0.16077
1709305608065, 5, 0
1709305608065, 6, 0.05013
1709305608065, 7, 0
1709305608065, 8, 0.16293
1709305608216, 5, 0
1709305608216, 6, 0.05072
1709305608216, 7, 0
1709305608216, 8, 0.16509
1709305608367, 5, 0
1709305608367, 6, 0.0513
1709305608367, 7, 0
1709305608367, 8, 0.16726
1709305608518, 5, 0
1709305608518, 6, 0.05188
1709305608518, 7, 0
1709305608518, 8, 0.16942
1709305608669, 5, 0
1709305608669, 6, 0.05246
1709305608669, 7, 0
1709305608669, 8, 0.17159
1709305608820, 5, 0
1709305608820, 6, 0.05304
1709305608820, 7, 0
1709305608820, 8, 0.17377
1709305608971, 5, 0
1709305608971, 6, 0.05362
1709305608971, 7, 0
1709305608971, 8, 0.17594
1709305609121, 5, 0
1709305609121, 6, 0.05419
1709305609122, 7, 0
1709305609122, 8, 0.17812
1709305609272, 5, 0
1709305609272, 6, 0.05477
1709305609273, 7, 0
1709305609273, 8, 0.1803
1709305609424, 5, 0
1709305609424, 6, 0.05534
1709305609424, 7, 0
1709305609424, 8, 0.18247
1709305609575, 5, 0
1709305609575, 6, 0.0559
1709305609575, 7, 0
1709305609575, 8, 0.18465
1709305609726, 5, 0
1709305609726, 6, 0.05647
1709305609726, 7, 0
1709305609726, 8, 0.18683
1709305609877, 5, 0
1709305609877, 6, 0.05703
1709305609877, 7, 0
1709305609877, 8, 0.189
1709305610028, 5, 0
1709305610028, 6, 0.05759
1709305610028, 7, 0
1709305610028, 8, 0.19118
1709305610178, 5, 0
1709305610178, 6, 0.05815
1709305610180, 7, 0
1709305610181, 8, 0.19335
1709305610331, 5, 0
1709305610331, 6, 0.05871
1709305610332, 7, 0
1709305610332, 8, 0.19553
1709305610482, 5, 0
1709305610482, 6, 0.05926
1709305610483, 7, 0
1709305610483, 8, 0.1977
1709305610633, 5, 0
1709305610633, 6, 0.0598
1709305610633, 7, 0
1709305610633, 8, 0.19986
1709305610784, 5, 0
1709305610784, 6, 0.06035
1709305610784, 7, 0
1709305610784, 8, 0.20203
1709305610936, 5, 0
1709305610936, 6, 0.06089
1709305610936, 7, 0
1709305610936, 8, 0.20419
1709305611087, 5, 0
1709305611087, 6, 0.06143
1709305611087, 7, 0
1709305611087, 8, 0.20635
1709305611238, 5, 0
1709305611238, 6, 0.06196
1709305611238, 7, 0
1709305611238, 8, 0.2085
1709305611389, 5, 0
1709305611389, 6, 0.0625
1709305611389, 7, 0
1709305611389, 8, 0.21065
1709305611540, 5, 0
1709305611540, 6, 0.06302
1709305611540, 7, 0
1709305611540, 8, 0.21279
1709305611691, 5, 0
1709305611691, 6, 0.06355
1709305611691, 7, 0
1709305611691, 8, 0.21493
1709305611841, 5, 0
1709305611842, 6, 0.06407
1709305611842, 7, 0
1709305611842, 8, 0.21706
1709305611992, 5, 0
1709305611993, 6, 0.06458
1709305611993, 7, 0
1709305611993, 8, 0.21919
1709305612143, 5, 0
1709305612144, 6, 0.06509
1709305612145, 7, 0
1709305612145, 8, 0.22131
1709305612296, 5, 0
1709305612296, 6, 0.0656
1709305612296, 7, 0
1709305612296, 8, 0.22342
1709305612447, 5, 0
1709305612447, 6, 0.0661
1709305612447, 7, 0
1709305612447, 8, 0.22552
1709305612598, 5, 0
1709305612598, 6, 0.0666
1709305612598, 7, 0
1709305612598, 8, 0.22762
1709305612748, 5, 0
1709305612749, 6, 0.06709
1709305612749, 7, 0
1709305612749, 8, 0.22971
1709305612899, 5, 0
1709305612900, 6, 0.06758
1709305612900, 7, 0
1709305612900, 8, 0.23179
1709305613050, 5, 0
1709305613051, 6, 0.06806
1709305613051, 7, 0
1709305613051, 8, 0.23386
1709305613201, 5, 0
1709305613201, 6, 0.06854
1709305613202, 7, 0
1709305613202, 8, 0.23592
1709305613352, 5, 0
1709305613353, 6, 0.06902
1709305613353, 7, 0
1709305613353, 8, 0.23797
1709305613503, 5, 0
1709305613504, 6, 0.06949
1709305613504, 7, 0
1709305613504, 8, 0.24001
1709305613654, 5, 0
1709305613655, 6, 0.06995
1709305613655, 7, 0
1709305613655, 8, 0.24204
1709305613805, 5, 0
1709305613805, 6, 0.07041
1709305613806, 7, 0
1709305613806, 8, 0.24406
1709305613956, 5, 0
1709305613956, 6, 0.07086
1709305613957, 7, 0
1709305613957, 8, 0.24607
1709305614107, 5, 0
1709305614107, 6, 0.07131
1709305614108, 7, 0
1709305614108, 8, 0.24806
1709305614258, 5, 0
1709305614258, 6, 0.07175
1709305614259, 7, 0
1709305614259, 8, 0.25005
1709305614409, 5, 0
1709305614410, 6, 0.07219
1709305614410, 7, 0
1709305614410, 8, 0.25202
1709305614560, 5, 0
1709305614561, 6, 0.07262
1709305614561, 7, 0
1709305614561, 8, 0.25398
1709305614711, 5, 0
1709305614713, 6, 0.07305
1709305614713, 7, 0
1709305614713, 8, 0.25592
1709305614863, 5, 0
1709305614863, 6, 0.07347
1709305614864, 7, 0
1709305614864, 8, 0.25786
1709305615014, 5, 0
1709305615014, 6, 0.07389
1709305615014, 7, 0
1709305615015, 8, 0.25977
1709305615165, 5, 0
1709305615165, 6, 0.0743
1709305615165, 7, 0
1709305615165, 8, 0.26168
1709305615316, 5, 0
1709305615316, 6, 0.0747
1709305615316, 7, 0
1709305615317, 8, 0.26357
1709305615467, 5, 0
1709305615467, 6, 0.0751
1709305615467, 7, 0
1709305615468, 8, 0.26544
1709305615618, 5, 0
1709305615618, 6, 0.07549
1709305615619, 7, 0
1709305615619, 8, 0.2673
1709305615769, 5, 0
1709305615769, 6, 0.07587
1709305615770, 7, 0
1709305615770, 8, 0.26914
1709305615920, 5, 0
1709305615921, 6, 0.07625
1709305615921, 7, 0
1709305615921, 8, 0.27097
1709305616071, 5, 0
1709305616071, 6, 0.07663
1709305616072, 7, 0
1709305616072, 8, 0.27278
1709305616222, 5, 0
1709305616222, 6, 0.07699
1709305616223, 7, 0
1709305616223, 8, 0.27457
1709305616373, 5, 0
1709305616373, 6, 0.07735
1709305616374, 7, 0
1709305616374, 8, 0.27635
1709305616524, 5, 0
1709305616525, 6, 0.07771
1709305616525, 7, 0
1709305616525, 8, 0.27811
1709305616675, 5, 0
1709305616675, 6, 0.07806
1709305616676, 7, 0
1709305616676, 8, 0.27985
1709305616826, 5, 0
1709305616827, 6, 0.0784
1709305616827, 7, 0
1709305616827, 8, 0.28157
1709305616978, 5, 0
1709305616978, 6, 0.07873
1709305616978, 7, 0
1709305616978, 8, 0.28328
1709305617129, 5, 0
1709305617129, 6, 0.07906
1709305617129, 7, 0
1709305617129, 8, 0.28497
1709305617280, 5, 0
1709305617280, 6, 0.07939
1709305617280, 7, 0
1709305617280, 8, 0.28664
1709305617431, 5, 0
1709305617431, 6, 0.0797
1709305617431, 7, 0
1709305617431, 8, 0.28828
1709305617581, 5, 0
1709305617582, 6, 0.08001
1709305617582, 7, 0
1709305617582, 8, 0.28991
1709305617732, 5, 0
1709305617733, 6, 0.08032
1709305617733, 7, 0
1709305617733, 8, 0.29152
1709305617883, 5, 0
1709305617884, 6, 0.08061
1709305617884, 7, 0
1709305617884, 8, 0.29312
1709305618035, 5, 0
1709305618035, 6, 0.0809
1709305618035, 7, 0
1709305618035, 8, 0.29469
1709305618186, 5, 0
1709305618187, 6, 0.08119
1709305618187, 7, 0
1709305618187, 8, 0.29624
1709305618338, 5, 0
1709305618338, 6, 0.08146
1709305618338, 7, 0
1709305618338, 8, 0.29776
1709305618488, 5, 0
1709305618489, 6, 0.08173
1709305618489, 7, 0
1709305618489, 8, 0.29927
1709305618639, 5, 0
1709305618639, 6, 0.082
1709305618639, 7, 0
1709305618640, 8, 0.30076
1709305618790, 5, 0
1709305618790, 6, 0.08225
1709305618790, 7, 0
1709305618791, 8, 0.30223
1709305618941, 5, 0
1709305618941, 6, 0.0825
1709305618941, 7, 0
1709305618942, 8, 0.30367
1709305619092, 5, 0
1709305619092, 6, 0.08275
1709305619092, 7, 0
1709305619093, 8, 0.30509
1709305619243, 5, 0
1709305619243, 6, 0.08298
1709305619244, 7, 0
1709305619244, 8, 0.30649
1709305619395, 5, 0
1709305619396, 6, 0.08322
1709305619396, 7, 0
1709305619396, 8, 0.30787
1709305619546, 5, 0
1709305619547, 6, 0.08344
1709305619547, 7, 0
1709305619547, 8, 0.30923
1709305619697, 5, 0
1709305619698, 6, 0.08366
1709305619698, 7, 0
1709305619698, 8, 0.31057
1709305619848, 5, 0
1709305619849, 6, 0.08387
1709305619850, 7, 0
1709305619850, 8, 0.31188
1709305620000, 5, 0
1709305620000, 6, 0.08407
1709305620001, 7, 0
1709305620001, 8, 0.31317
1709305620151, 5, 0
1709305620152, 6, 0.08427
1709305620152, 7, 0
1709305620152, 8, 0.31443
1709305620302, 5, 0
1709305620303, 6, 0.08446
1709305620303, 7, 0
1709305620303, 8, 0.31568
1709305620454, 5, 0
1709305620454, 6, 0.08464
1709305620454, 7, 0
1709305620454, 8, 0.3169
1709305620605, 5, 0
1709305620605, 6, 0.08482
1709305620605, 7, 0
1709305620605, 8, 0.31809
1709305620756, 5, 0
1709305620756, 6, 0.08499
1709305620756, 7, 0
1709305620756, 8, 0.31927
1709305620907, 5, 0
1709305620907, 6, 0.08516
1709305620907, 7, 0
1709305620907, 8, 0.32042
1709305621057, 5, 0
1709305621058, 6, 0.08532
1709305621058, 7, 0
1709305621058, 8, 0.32155
1709305621208, 5, 0
1709305621209, 6, 0.08547
1709305621209, 7, 0
1709305621209, 8, 0.32265
1709305621359, 5, 0
1709305621360, 6, 0.08561
1709305621360, 7, 0
1709305621360, 8, 0.32373
1709305621510, 5, 0
1709305621511, 6, 0.08575
1709305621511, 7, 0
1709305621511, 8, 0.32479
1709305621661, 5, 0
1709305621661, 6, 0.08589
1709305621662, 7, 0
1709305621662, 8, 0.32582
1709305621812, 5, 0
1709305621812, 6, 0.08601
1709305621812, 7, 0
1709305621813, 8, 0.32683
1709305621963, 5, 0
1709305621963, 6, 0.08613
1709305621964, 7, 0
1709305621964, 8, 0.32782
1709305622114, 5, 0
1709305622114, 6, 0.08625
1709305622114, 7, 0
1709305622115, 8, 0.32878
1709305622265, 5, 0
1709305622265, 6, 0.08635
1709305622265, 7, 0
1709305622265, 8, 0.32972
1709305622416, 5, 0
1709305622416, 6, 0.08646
1709305622416, 7, 0
1709305622416, 8, 0.33063
1709305622567, 5, 0
1709305622567, 6, 0.08655
1709305622567, 7, 0
1709305622567, 8, 0.33152
1709305622718, 5, 0
1709305622719, 6, 0.08664
1709305622719, 7, 0
1709305622719, 8, 0.33239
1709305622870, 5, 0
1709305622870, 6, 0.08673
1709305622870, 7, 0
1709305622870, 8, 0.33323
1709305623021, 5, 0
1709305623021, 6, 0.0868
1709305623021, 7, 0
1709305623021, 8, 0.33405
1709305623172, 5, 0
1709305623173, 6, 0.08688
1709305623173, 7, 0
1709305623173, 8, 0.33485
1709305623323, 5, 0
1709305623323, 6, 0.08694
1709305623323, 7, 0
1709305623324, 8, 0.33562
1709305623474, 5, 0
1709305623474, 6, 0.087
1709305623474, 7, 0
1709305623474, 8, 0.33637
1709305623625, 5, 0
1709305623625, 6, 0.08706
1709305623625, 7, 0
1709305623625, 8, 0.3371
1709305623776, 5, 0
1709305623776, 6, 0.08711
1709305623776, 7, 0
1709305623776, 8, 0.3378
1709305623927, 5, 0
1709305623927, 6, 0.08715
1709305623927, 7, 0
1709305623928, 8, 0.33848
1709305624078, 5, 0
1709305624078, 6, 0.08719
1709305624079, 7, 0
1709305624079, 8, 0.33914
1709305624229, 5, 0
1709305624229, 6, 0.08723
1709305624230, 7, 0
1709305624230, 8, 0.33977
1709305624380, 5, 0
1709305624380, 6, 0.08725
1709305624380, 7, 0
1709305624381, 8, 0.34039
1709305624531, 5, 0
1709305624531, 6, 0.08728
1709305624531, 7, 0
1709305624531, 8, 0.34098
1709305624682, 5, 0
1709305624682, 6, 0.0873
1709305624682, 7, 0
1709305624682, 8, 0.34154
1709305624833, 5, 0
1709305624833, 6, 0.08731
1709305624833, 7, 0
1709305624833, 8, 0.34209
1709305624984, 5, 0
1709305624984, 6, 0.08732
1709305624984, 7, 0
1709305624985, 8, 0.34261
1709305625135, 5, 0
1709305625135, 6, 0.08732
1709305625135, 7, 0
1709305625135, 8, 0.34311
1709305625286, 5, 0
1709305625286, 6, 0.08732
1709305625286, 7, 0
1709305625287, 8, 0.34359
1709305625437, 5, 0
1709305625437, 6, 0.08731
1709305625437, 7, 0
1709305625438, 8, 0.34405
1709305625588, 5, 0
1709305625588, 6, 0.0873
1709305625588, 7, 0
1709305625588, 8, 0.34449
1709305625738, 5, 0
1709305625739, 6, 0.08729
1709305625739, 7, 0
1709305625739, 8, 0.34491
1709305625889, 5, 0
1709305625889, 6, 0.08727
1709305625890, 7, 0
1709305625890, 8, 0.3453
1709305626040, 5, 0
1709305626041, 6, 0.08724
1709305626041, 7, 0
1709305626041, 8, 0.34568
1709305626191, 5, 0
1709305626192, 6, 0.08721
1709305626192, 7, 0
1709305626192, 8, 0.34603
1709305626342, 5, 0
1709305626342, 6, 0.08718
1709305626344, 7, 0
1709305626344, 8, 0.34637
1709305626494, 5, 0
1709305626494, 6, 0.08715
1709305626495, 7, 0
1709305626495, 8, 0.34668
1709305626645, 5, 0
1709305626646, 6, 0.08711
1709305626646, 7, 0
1709305626646, 8, 0.34698
1709305626796, 5, 0
1709305626797, 6, 0.08706
1709305626797, 7, 0
1709305626797, 8, 0.34726
1709305626947, 5, 0
1709305626948, 6, 0.08701
1709305626948, 7, 0
1709305626948, 8, 0.34751
1709305627098, 5, 0
1709305627099, 6, 0.08696
1709305627099, 7, 0
1709305627099, 8, 0.34775
1709305627249, 5, 0
1709305627250, 6, 0.08691
1709305627250, 7, 0
1709305627250, 8, 0.34798
1709305627402, 5, 0
1709305627402, 6, 0.08685
1709305627402, 7, 0
1709305627402, 8, 0.34818
1709305627553, 5, 0
1709305627553, 6, 0.08679
1709305627553, 7, 0
1709305627553, 8, 0.34837
1709305627704, 5, 0
1709305627704, 6, 0.08672
1709305627704, 7, 0
1709305627704, 8, 0.34854
1709305627855, 5, 0
1709305627855, 6, 0.08665
1709305627855, 7, 0
1709305627855, 8, 0.34869
1709305628006, 5, 0
1709305628006, 6, 0.08658
1709305628006, 7, 0
1709305628006, 8, 0.34882
1709305628157, 5, 0
1709305628157, 6, 0.08651
1709305628157, 7, 0
1709305628157, 8, 0.34894
1709305628307, 5, 0
1709305628308, 6, 0.08643
1709305628308, 7, 0
1709305628308, 8, 0.34905
1709305628459, 5, 0
1709305628459, 6, 0.08635
1709305628459, 7, 0
1709305628459, 8, 0.34913
1709305628610, 5, 0
1709305628610, 6, 0.08627
1709305628610, 7, 0
1709305628610, 8, 0.34921
1709305628760, 5, 0
1709305628760, 6, 0.08619
1709305628761, 7, 0
1709305628761, 8, 0.34927
1709305628912, 5, 0
1709305628913, 6, 0.0861
1709305628913, 7, 0
1709305628913, 8, 0.34931
1709305629063, 5, 0
1709305629064, 6, 0.08601
1709305629064, 7, 0
1709305629064, 8, 0.34934
1709305629214, 5, 0
1709305629215, 6, 0.08592
1709305629215, 7, 0
1709305629215, 8, 0.34936
1709305629365, 5, 0
1709305629365, 6, 0.08583
1709305629365, 7, 0
1709305629366, 8, 0.34936
1709305629516, 5, 0
1709305629516, 6, 0.08573
1709305629516, 7, 0
1709305629517, 8, 0.34935
1709305629667, 5, 0
1709305629667, 6, 0.08564
1709305629667, 7, 0
1709305629668, 8, 0.34933
1709305629818, 5, 0
1709305629818, 6, 0.08554
1709305629819, 7, 0
1709305629819, 8, 0.34929
1709305629969, 5, 0
1709305629969, 6, 0.08544
1709305629969, 7, 0
1709305629970, 8, 0.34925
1709305630120, 5, 0
1709305630120, 6, 0.08534
1709305630120, 7, 0
1709305630121, 8, 0.34919
1709305630271, 5, 0
1709305630271, 6, 0.08523
1709305630271, 7, 0
1709305630272, 8, 0.34912
1709305630422, 5, 0
1709305630422, 6, 0.08513
1709305630422, 7, 0
1709305630422, 8, 0.34904
1709305630573, 5, 0
1709305630573, 6, 0.08502
1709305630573, 7, 0
1709305630573, 8, 0.34895
1709305630724, 5, 0
1709305630724, 6, 0.08492
1709305630724, 7, 0
1709305630724, 8, 0.34886
1709305630874, 5, 0
1709305630874, 6, 0.08481
1709305630875, 7, 0
1709305630875, 8, 0.34875
1709305631025, 5, 0
1709305631025, 6, 0.0847
1709305631027, 7, 0
1709305631027, 8, 0.34863
1709305631177, 5, 0
1709305631177, 6, 0.08459
1709305631177, 7, 0
1709305631178, 8, 0.34851
1709305631328, 5, 0
1709305631328, 6, 0.08448
1709305631328, 7, 0
1709305631328, 8, 0.34837
1709305631479, 5, 0
1709305631479, 6, 0.08437
1709305631479, 7, 0
1709305631479, 8, 0.34823
1709305631630, 5, 0
1709305631630, 6, 0.08426
1709305631630, 7, 0
1709305631630, 8, 0.34808
1709305631780, 5, 0
1709305631781, 6, 0.08415
1709305631781, 7, 0
1709305631781, 8, 0.34793
1709305631932, 5, 0
1709305631933, 6, 0.08404
1709305631933, 7, 0
1709305631933, 8, 0.34777
1709305632083, 5, 0
1709305632083, 6, 0.08392
1709305632084, 7, 0
1709305632084, 8, 0.3476
1709305632234, 5, 0
1709305632234, 6, 0.08381
1709305632235, 7, 0
1709305632235, 8, 0.34743
1709305632385, 5, 0
1709305632385, 6, 0.0837
1709305632386, 7, 0
1709305632386, 8, 0.34725
1709305632536, 5, 0
1709305632536, 6, 0.08359
1709305632537, 7, 0
1709305632537, 8, 0.34706
1709305632687, 5, 0
1709305632687, 6, 0.08348
1709305632688, 7, 0
1709305632689, 8, 0.34687
1709305632839, 5, 0
1709305632839, 6, 0.08336
1709305632839, 7, 0
1709305632840, 8, 0.34668
1709305632990, 5, 0
1709305632990, 6, 0.08325
1709305632990, 7, 0
1709305632990, 8, 0.34648
1709305633141, 5, 0
1709305633141, 6, 0.08314
1709305633141, 7, 0
1709305633142, 8, 0.34628
1709305633292, 5, 0
1709305633292, 6, 0.08303
1709305633292, 7, 0
1709305633293, 8, 0.34608
1709305633443, 5, 0
1709305633443, 6, 0.08292
1709305633443, 7, 0
1709305633444, 8, 0.34587
1709305633594, 5, 0
1709305633594, 6, 0.08281
1709305633594, 7, 0
1709305633595, 8, 0.34567
1709305633745, 5, 0
1709305633745, 6, 0.08271
1709305633745, 7, 0
1709305633746, 8, 0.34545
1709305633896, 5, 0
1709305633896, 6, 0.0826
1709305633896, 7, 0
1709305633896, 8, 0.34524
1709305634047, 5, 0
1709305634047, 6, 0.08249
1709305634047, 7, 0
1709305634048, 8, 0.34503
1709305634198, 5, 0
1709305634198, 6, 0.08239
1709305634199, 7, 0
1709305634199, 8, 0.34481
1709305634349, 5, 0
1709305634350, 6, 0.08228
1709305634350, 7, 0
1709305634350, 8, 0.3446
1709305634501, 5, 0
1709305634501, 6, 0.08218
1709305634501, 7, 0
1709305634501, 8, 0.34438
1709305634652, 5, 0
1709305634652, 6, 0.08208
1709305634652, 7, 0
1709305634652, 8, 0.34416
1709305634803, 5, 0
1709305634803, 6, 0.08198
1709305634803, 7, 0
1709305634803, 8, 0.34395
1709305634954, 5, 0
1709305634954, 6, 0.08188
1709305634954, 7, 0
1709305634954, 8, 0.34373
1709305635105, 5, 0
1709305635105, 6, 0.08178
1709305635105, 7, 0
1709305635105, 8, 0.34351
1709305635255, 5, 0
1709305635256, 6, 0.08168
1709305635256, 7, 0
1709305635256, 8, 0.3433
1709305635406, 5, 0
1709305635407, 6, 0.08159
1709305635407, 7, 0
1709305635407, 8, 0.34309
1709305635557, 5, 0
1709305635558, 6, 0.08149
1709305635558, 7, 0
1709305635558, 8, 0.34287
1709305635709, 5, 0
1709305635709, 6, 0.0814
1709305635709, 7, 0
1709305635709, 8, 0.34266
1709305635860, 5, 0
1709305635860, 6, 0.08131
1709305635860, 7, 0
1709305635860, 8, 0.34245
1709305636011, 5, 0
1709305636011, 6, 0.08122
1709305636011, 7, 0
1709305636011, 8, 0.34225
1709305636162, 5, 0
1709305636162, 6, 0.08113
1709305636162, 7, 0
1709305636163, 8, 0.34204
1709305636313, 5, 0
1709305636313, 6, 0.08105
1709305636313, 7, 0
1709305636313, 8, 0.34184
1709305636464, 5, 0
1709305636464, 6, 0.08096
1709305636464, 7, 0
1709305636464, 8, 0.34164
1709305636615, 5, 0
1709305636615, 6, 0.08088
1709305636615, 7, 0
1709305636615, 8, 0.34145
1709305636766, 5, 0
1709305636766, 6, 0.0808
1709305636766, 7, 0
1709305636766, 8, 0.34125
1709305636917, 5, 0
1709305636917, 6, 0.08072
1709305636917, 7, 0
1709305636917, 8, 0.34106
1709305637068, 5, 0
1709305637068, 6, 0.08064
1709305637068, 7, 0
1709305637068, 8, 0.34088
1709305637219, 5, 0
1709305637219, 6, 0.08057
1709305637219, 7, 0
1709305637220, 8, 0.3407
1709305637370, 5, 0
1709305637370, 6, 0.0805
1709305637370, 7, 0
1709305637371, 8, 0.34052
1709305637521, 5, 0
1709305637521, 6, 0.08043
1709305637521, 7, 0
1709305637521, 8, 0.34034
1709305637673, 5, 0
1709305637673, 6, 0.08036
1709305637673, 7, 0
1709305637673, 8, 0.34017
1709305637824, 5, 0
1709305637824, 6, 0.08029
1709305637824, 7, 0
1709305637824, 8, 0.34
1709305637975, 5, 0
1709305637975, 6, 0.08022
1709305637975, 7, 0
1709305637975, 8, 0.33984
1709305638126, 5, 0
1709305638127, 6, 0.08016
1709305638127, 7, 0
1709305638127, 8, 0.33968
1709305638278, 5, 0
1709305638278, 6, 0.0801
1709305638278, 7, 0
1709305638278, 8, 0.33953
1709305638429, 5, 0
1709305638429, 6, 0.08004
1709305638429, 7, 0
1709305638429, 8, 0.33938
1709305638579, 5, 0
1709305638580, 6, 0.07998
1709305638580, 7, 0
1709305638580, 8, 0.33923
1709305638730, 5, 0
1709305638731, 6, 0.07993
1709305638731, 7, 0
1709305638731, 8, 0.33909
1709305638881, 5, 0
1709305638882, 6, 0.07988
1709305638882, 7, 0
1709305638882, 8, 0.33896
1709305639032, 5, 0
1709305639033, 6, 0.07983
1709305639033, 7, 0
1709305639033, 8, 0.33883
1709305639183, 5, 0
1709305639183, 6, 0.07978
1709305639184, 7, 0
1709305639184, 8, 0.3387
1709305639334, 5, 0
1709305639335, 6, 0.07973
1709305639335, 7, 0
1709305639335, 8, 0.33858
1709305639486, 5, 0
1709305639486, 6, 0.07968
1709305639486, 7, 0
1709305639486, 8, 0.33846
1709305639637, 5, 0
1709305639637, 6, 0.07964
1709305639637, 7, 0
1709305639637, 8, 0.33835
1709305639788, 5, 0
1709305639788, 6, 0.0796
1709305639788, 7, 0
1709305639788, 8, 0.33824
1709305639938, 5, 0
1709305639939, 6, 0.07956
1709305639939, 7, 0
1709305639939, 8, 0.33814
1709305640089, 5, 0
1709305640090, 6, 0.07952
1709305640090, 7, 0
1709305640090, 8, 0.33804
1709305640240, 5, 0
1709305640242, 6, 0.07949
1709305640242, 7, 0
1709305640242, 8, 0.33795
1709305640392, 5, 0
1709305640393, 6, 0.07945
1709305640393, 7, 0
1709305640393, 8, 0.33786
1709305640543, 5, 0
1709305640543, 6, 0.07942
1709305640544, 7, 0
1709305640544, 8, 0.33778
1709305640694, 5, 0
1709305640694, 6, 0.07939
1709305640694, 7, 0
1709305640694, 8, 0.3377
1709305640845, 5, 0
1709305640845, 6, 0.07936
1709305640845, 7, 0
1709305640846, 8, 0.33762
1709305640996, 5, 0
1709305640996, 6, 0.07934
1709305640996, 7, 0
1709305640997, 8, 0.33755
1709305641147, 5, 0
1709305641147, 6, 0.07931
1709305641147, 7, 0
1709305641148, 8, 0.33748
1709305641298, 5, 0
1709305641298, 6, 0.07929
1709305641299, 7, 0
1709305641299, 8, 0.33742
1709305641450, 5, 0
1709305641451, 6, 0.07927
1709305641451, 7, 0
1709305641451, 8, 0.33736
1709305641602, 5, 0
1709305641602, 6, 0.07925
1709305641602, 7, 0
1709305641602, 8, 0.33731
1709305641753, 5, 0
1709305641753, 6, 0.07923
1709305641753, 7, 0
1709305641753, 8, 0.33726
1709305641904, 5, 0
1709305641904, 6, 0.07921
1709305641904, 7, 0
1709305641904, 8, 0.33721
1709305642055, 5, 0
1709305642055, 6, 0.07919
1709305642055, 7, 0
1709305642055, 8, 0.33717
1709305642206, 5, 0
1709305642206, 6, 0.07918
1709305642206, 7, 0
1709305642206, 8, 0.33713
1709305642356, 5, 0
1709305642357, 6, 0.07916
1709305642357, 7, 0
1709305642357, 8, 0.3371
1709305642507, 5, 0
1709305642507, 6, 0.07915
1709305642508, 7, 0
1709305642508, 8, 0.33706
1709305642658, 5, 0
1709305642658, 6, 0.07914
1709305642658, 7, 0
1709305642659, 8, 0.33703
1709305642809, 5, 0
1709305642809, 6, 0.07913
1709305642809, 7, 0
1709305642810, 8, 0.33701
1709305642960, 5, 0
1709305642960, 6, 0.07912
1709305642961, 7, 0
1709305642961, 8, 0.33699
1709305643111, 5, 0
1709305643111, 6, 0.07912
1709305643111, 7, 0
1709305643112, 8, 0.33697
1709305643262, 5, 0
1709305643262, 6, 0.07911
1709305643262, 7, 0
1709305643263, 8, 0.33695
1709305643413, 5, 0
1709305643413, 6, 0.0791
1709305643413, 7, 0
1709305643413, 8, 0.33693
1709305643564, 5, 0
1709305643564, 6, 0.0791
1709305643564, 7, 0
1709305643564, 8, 0.33692
1709305643715, 5, 0
1709305643715, 6, 0.07909
1709305643715, 7, 0
1709305643715, 8, 0.33691
1709305643866, 5, 0
1709305643866, 6, 0.07909
1709305643866, 7, 0
1709305643866, 8, 0.3369
1709305644017, 5, 0
1709305644017, 6, 0.07909
1709305644017, 7, 0
1709305644017, 8, 0.33689
1709305644168, 5, 0
1709305644168, 6, 0.07909
1709305644168, 7, 0
1709305644168, 8, 0.33689
1709305644319, 5, 0
1709305644319, 6, 0.07909
1709305644319, 7, 0
1709305644319, 8, 0.33688
1709305644470, 5, 0
1709305644471, 6, 0.07908
1709305644471, 7, 0
1709305644471, 8, 0.33688
1709305644622, 5, 0
1709305644622, 6, 0.07908
1709305644622, 7, 0
1709305644622, 8, 0.33688
1709305644773, 5, 0
1709305644773, 6, 0.07908
1709305644773, 7, 0
1709305644773, 8, 0.33688
1709305644923, 5, 0
1709305644923, 6, 0.07908
1709305644924, 7, 0
1709305644924, 8, 0.33688
1709305645074, 5, 0
1709305645074, 6, 0.07908
1709305645074, 7, 0
1709305645075, 8, 0.33688
1709305645225, 5, 0
1709305645225, 6, 0.07908
1709305645225, 7, 0
1709305645226, 8, 0.33687
1709305645376, 5, 0
1709305645376, 6, 0.07908
1709305645376, 7, 0
1709305645376, 8, 0.33687
1709305645527, 5, 0
1709305645527, 6, 0.07908
1709305645528, 7, 0
1709305645528, 8, 0.33688
1709305645679, 5, 0
1709305645679, 6, 0.07908
1709305645679, 7, 0
1709305645680, 8, 0.33688
1709305645834, 5, 0
1709305645834, 6, 0.07908
1709305645834, 7, 0
1709305645834, 8, 0.33688
1709305645985, 5, 0
1709305645985, 6, 0.07908
1709305645985, 7, 0
1709305645985, 8, 0.33688
1709305646135, 5, 0
1709305646136, 6, 0.07908
1709305646136, 7, 0
1709305646136, 8, 0.33688
1709305646287, 5, 0
1709305646287, 6, 0.07909
1709305646287, 7, 0
1709305646287, 8, 0.33688
1709305646438, 5, 0
1709305646438, 6, 0.07909
1709305646438, 7, 0
1709305646438, 8, 0.33689
1709305646589, 5, 0
1709305646589, 6, 0.07909
1709305646589, 7, 0
1709305646589, 8, 0.33689
1709305646740, 5, 0
1709305646740, 6, 0.07909
1709305646740, 7, 0
1709305646740, 8, 0.3369
1709305646890, 5, 0
1709305646891, 6, 0.07909
1709305646891, 7, 0
1709305646891, 8, 0.33691
1709305647043, 5, 0
1709305647043, 6, 0.0791
1709305647044, 7, 0
1709305647044, 8, 0.33692
1709305647194, 5, 0
1709305647195, 6, 0.0791
1709305647195, 7, 0
1709305647195, 8, 0.33693
1709305647345, 5, 0
1709305647346, 6, 0.07911
1709305647346, 7, 0
1709305647346, 8, 0.33695
1709305647496, 5, 0
1709305647496, 6, 0.07912
1709305647497, 7, 0
1709305647497, 8, 0.33697
1709305647647, 5, 0
1709305647647, 6, 0.07912
1709305647648, 7, 0
1709305647648, 8, 0.33699
1709305647798, 5, 0
1709305647798, 6, 0.07913
1709305647799, 7, 0
1709305647799, 8, 0.33701
1709305647949, 5, 0
1709305647949, 6, 0.07914
1709305647950, 7, 0
1709305647950, 8, 0.33703
1709305648100, 5, 0
1709305648100, 6, 0.07915
1709305648101, 7, 0
1709305648101, 8, 0.33706
1709305648251, 5, 0
1709305648251, 6, 0.07916
1709305648252, 7, 0
1709305648252, 8, 0.3371
1709305648402, 5, 0
1709305648402, 6, 0.07918
1709305648402, 7, 0
1709305648403, 8, 0.33713
1709305648553, 5, 0
1709305648553, 6, 0.07919
1709305648553, 7, 0
1709305648553, 8, 0.33717
1709305648704, 5, 0
1709305648704, 6, 0.07921
1709305648704, 7, 0
1709305648705, 8, 0.33721
1709305648855, 5, 0
1709305648855, 6, 0.07923
1709305648855, 7, 0
1709305648856, 8, 0.33726
1709305649006, 5, 0
1709305649006, 6, 0.07925
1709305649006, 7, 0
1709305649007, 8, 0.33731
1709305649157, 5, 0
1709305649157, 6, 0.07927
1709305649157, 7, 0
1709305649158, 8, 0.33736
1709305649308, 5, 0
1709305649308, 6, 0.07929
1709305649308, 7, 0
1709305649308, 8, 0.33742
1709305649459, 5, 0
1709305649459, 6, 0.07931
1709305649459, 7, 0
1709305649459, 8, 0.33748
1709305649610, 5, 0
1709305649610, 6, 0.07934
1709305649610, 7, 0
1709305649610, 8, 0.33755
1709305649761, 5, 0
1709305649761, 6, 0.07936
1709305649761, 7, 0
1709305649761, 8, 0.33762
1709305649912, 5, 0
1709305649912, 6, 0.07939
1709305649912, 7, 0
1709305649912, 8, 0.3377
1709305650063, 5, 0
1709305650063, 6, 0.07942
1709305650063, 7, 0
1709305650063, 8, 0.33778
1709305650214, 5, 0
1709305650214, 6, 0.07945
1709305650214, 7, 0
1709305650214, 8, 0.33786
1709305650365, 5, 0
1709305650365, 6, 0.07949
1709305650365, 7, 0
1709305650365, 8, 0.33795
1709305650516, 5, 0
1709305650516, 6, 0.07952
1709305650516, 7, 0
1709305650516, 8, 0.33804
1709305650667, 5, 0
1709305650667, 6, 0.07956
1709305650667, 7, 0
1709305650667, 8, 0.33814
1709305650818, 5, 0
1709305650818, 6, 0.0796
1709305650818, 7, 0
1709305650818, 8, 0.33824
1709305650969, 5, 0
1709305650969, 6, 0.07964
1709305650969, 7, 0
1709305650969, 8, 0.33835
1709305651120, 5, 0
1709305651120, 6, 0.07968
1709305651120, 7, 0
1709305651121, 8, 0.33846
1709305651271, 5, 0
1709305651271, 6, 0.07973
1709305651271, 7, 0
1709305651272, 8, 0.33858
1709305651422, 5, 0
1709305651422, 6, 0.07978
1709305651423, 7, 0
1709305651423, 8, 0.3387
1709305651573, 5, 0
1709305651574, 6, 0.07983
1709305651574, 7, 0
1709305651574, 8, 0.33883
1709305651725, 5, 0
1709305651725, 6, 0.07988
1709305651725, 7, 0
1709305651725, 8, 0.33896
1709305651876, 5, 0
1709305651876, 6, 0.07993
1709305651876, 7, 0
1709305651876, 8, 0.33909
1709305652027, 5, 0
1709305652027, 6, 0.07998
1709305652027, 7, 0
1709305652027, 8, 0.33923
1709305652178, 5, 0
1709305652178, 6, 0.08004
1709305652178, 7, 0
1709305652178, 8, 0.33938
1709305652329, 5, 0
1709305652329, 6, 0.0801
1709305652329, 7, 0
1709305652329, 8, 0.33953
1709305652480, 5, 0
1709305652480, 6, 0.08016
1709305652480, 7, 0
1709305652481, 8, 0.33968
1709305652631, 5, 0
1709305652631, 6, 0.08022
1709305652631, 7, 0
1709305652632, 8, 0.33984
1709305652782, 5, 0
1709305652782, 6, 0.08029
1709305652782, 7, 0
1709305652782, 8, 0.34
1709305652933, 5, 0
1709305652933, 6, 0.08036
1709305652933, 7, 0
1709305652933, 8, 0.34017
1709305653084, 5, 0
1709305653084, 6, 0.08043
1709305653084, 7, 0
1709305653084, 8, 0.34034
1709305653235, 5, 0
1709305653235, 6, 0.0805
1709305653235, 7, 0
1709305653235, 8, 0.34052
1709305653386, 5, 0
1709305653386, 6, 0.08057
1709305653386, 7, 0
1709305653386, 8, 0.3407
1709305653537, 5, 0
1709305653537, 6, 0.08064
1709305653537, 7, 0
1709305653538, 8, 0.34088
1709305653689, 5, 0
1709305653689, 6, 0.08072
1709305653689, 7, 0
1709305653689, 8, 0.34106
1709305653840, 5, 0
1709305653841, 6, 0.0808
1709305653841, 7, 0
1709305653841, 8, 0.34125
1709305653992, 5, 0
1709305653992, 6, 0.08088
1709305653992, 7, 0
1709305653992, 8, 0.34145
1709305654143, 5, 0
1709305654143, 6, 0.08096
1709305654143, 7, 0
1709305654143, 8, 0.34164
1709305654294, 5, 0
1709305654294, 6, 0.08105
1709305654294, 7, 0
1709305654294, 8, 0.34184
1709305654445, 5, 0
1709305654445, 6, 0.08113
1709305654445, 7, 0
1709305654445, 8, 0.34204
1709305654596, 5, 0
1709305654596, 6, 0.08122
1709305654596, 7, 0
1709305654596, 8, 0.34225
1709305654747, 5, 0
1709305654747, 6, 0.08131
1709305654747, 7, 0
1709305654747, 8, 0.34245
1709305654898, 5, 0
1709305654898, 6, 0.0814
1709305654898, 7, 0
1709305654899, 8, 0.34266
1709305655049, 5, 0
1709305655049, 6, 0.08149
1709305655049, 7, 0
1709305655050, 8, 0.34287
1709305655200, 5, 0
1709305655200, 6, 0.08159
1709305655201, 7, 0
1709305655201, 8, 0.34309
1709305655351, 5, 0
1709305655351, 6, 0.08168
1709305655352, 7, 0
1709305655352, 8, 0.3433
1709305655502, 5, 0
1709305655502, 6, 0.08178
1709305655503, 7, 0
1709305655503, 8, 0.34351
1709305655653, 5, 0
1709305655653, 6, 0.08188
1709305655654, 7, 0
1709305655655, 8, 0.34373
1709305655805, 5, 0
1709305655805, 6, 0.08198
1709305655806, 7, 0
1709305655806, 8, 0.34395
1709305655956, 5, 0
1709305655957, 6, 0.08208
1709305655957, 7, 0
1709305655957, 8, 0.34416
1709305656108, 5, 0
1709305656108, 6, 0.08218
1709305656108, 7, 0
1709305656108, 8, 0.34438
1709305656259, 5, 0
1709305656259, 6, 0.08228
1709305656259, 7, 0
1709305656259, 8, 0.3446
1709305656410, 5, 0
1709305656410, 6, 0.08239
1709305656410, 7, 0
1709305656410, 8, 0.34481
1709305656561, 5, 0
1709305656561, 6, 0.08249
1709305656563, 7, 0
1709305656563, 8, 0.34503
1709305656713, 5, 0
1709305656713, 6, 0.0826
1709305656713, 7, 0
1709305656714, 8, 0.34524
1709305656864, 5, 0
1709305656864, 6, 0.08271
1709305656864, 7, 0
1709305656865, 8, 0.34545
1709305657015, 5, 0
1709305657015, 6, 0.08281
1709305657015, 7, 0
1709305657016, 8, 0.34567
1709305657166, 5, 0
1709305657166, 6, 0.08292
1709305657167, 7, 0
1709305657167, 8, 0.34587
1709305657317, 5, 0
1709305657318, 6, 0.08303
1709305657318, 7, 0
1709305657318, 8, 0.34608
1709305657468, 5, 0
1709305657469, 6, 0.08314
1709305657469, 7, 0
1709305657469, 8, 0.34628
1709305657620, 5, 0
1709305657620, 6, 0.08325
1709305657620, 7, 0
1709305657620, 8, 0.34648
1709305657771, 5, 0
1709305657771, 6, 0.08336
1709305657771, 7, 0
1709305657771, 8, 0.34668
1709305657922, 5, 0
1709305657922, 6, 0.08348
1709305657922, 7, 0
1709305657922, 8, 0.34687
1709305658073, 5, 0
1709305658073, 6, 0.08359
1709305658073, 7, 0
1709305658073, 8, 0.34706
1709305658224, 5, 0
1709305658224, 6, 0.0837
1709305658224, 7, 0
1709305658224, 8, 0.34725
1709305658375, 5, 0
1709305658375, 6, 0.08381
1709305658375, 7, 0
1709305658375, 8, 0.34743
1709305658526, 5, 0
1709305658526, 6, 0.08392
1709305658526, 7, 0
1709305658526, 8, 0.3476
1709305658677, 5, 0
1709305658677, 6, 0.08404
1709305658677, 7, 0
1709305658677, 8, 0.34777
1709305658828, 5, 0
1709305658828, 6, 0.08415
1709305658828, 7, 0
1709305658828, 8, 0.34793
1709305658979, 5, 0
1709305658979, 6, 0.08426
1709305658979, 7, 0
1709305658979, 8, 0.34808
1709305659129, 5, 0
1709305659130, 6, 0.08437
1709305659131, 7, 0
1709305659131, 8, 0.34823
1709305659281, 5, 0
1709305659282, 6, 0.08448
1709305659282, 7, 0
1709305659282, 8, 0.34837
1709305659432, 5, 0
1709305659433, 6, 0.08459
1709305659433, 7, 0
1709305659433, 8, 0.34851
1709305659583, 5, 0
1709305659584, 6, 0.0847
1709305659584, 7, 0
1709305659584, 8, 0.34863
1709305659734, 5, 0
1709305659735, 6, 0.08481
1709305659735, 7, 0
1709305659735, 8, 0.34875
1709305659885, 5, 0
1709305659886, 6, 0.08492
1709305659886, 7, 0
1709305659886, 8, 0.34886
1709305660037, 5, 0
1709305660037, 6, 0.08502
1709305660037, 7, 0
1709305660037, 8, 0.34895
1709305660188, 5, 0
1709305660188, 6, 0.08513
1709305660188, 7, 0
1709305660188, 8, 0.34904
1709305660339, 5, 0
1709305660339, 6, 0.08523
1709305660339, 7, 0
1709305660339, 8, 0.34912
1709305660489, 5, 0
1709305660490, 6, 0.08534
1709305660490, 7, 0
1709305660490, 8, 0.34919
1709305660641, 5, 0
1709305660641, 6, 0.08544
1709305660641, 7, 0
1709305660641, 8, 0.34925
1709305660792, 5, 0
1709305660792, 6, 0.08554
1709305660792, 7, 0
1709305660793, 8, 0.34929
1709305660943, 5, 0
1709305660943, 6, 0.08564
1709305660943, 7, 0
1709305660944, 8, 0.34933
1709305661094, 5, 0
1709305661094, 6, 0.08573
1709305661094, 7, 0
1709305661095, 8, 0.34935
1709305661245, 5, 0
1709305661245, 6, 0.08583
1709305661246, 7, 0
1709305661246, 8, 0.34936
1709305661396, 5, 0
1709305661396, 6, 0.08592
1709305661397, 7, 0
1709305661397, 8, 0.34936
1709305661547, 5, 0
1709305661548, 6, 0.08601
1709305661548, 7, 0
1709305661548, 8, 0.34934
1709305661699, 5, 0
1709305661699, 6, 0.0861
1709305661699, 7, 0
1709305661700, 8, 0.34931
1709305661851, 5, 0
1709305661851, 6, 0.08619
1709305661851, 7, 0
1709305661851, 8, 0.34927
1709305662002, 5, 0
1709305662002, 6, 0.08627
1709305662002, 7, 0
1709305662002, 8, 0.34921
1709305662153, 5, 0
1709305662153, 6, 0.08635
1709305662153, 7, 0
1709305662153, 8, 0.34913
1709305662304, 5, 0
1709305662304, 6, 0.08643
1709305662304, 7, 0
1709305662304, 8, 0.34905
1709305662455, 5, 0
1709305662455, 6, 0.08651
1709305662455, 7, 0
1709305662455, 8, 0.34894
1709305662606, 5, 0
1709305662606, 6, 0.08658
1709305662606, 7, 0
1709305662606, 8, 0.34882
1709305662757, 5, 0
1709305662757, 6, 0.08665
1709305662757, 7, 0
1709305662757, 8, 0.34869
1709305662908, 5, 0
1709305662908, 6, 0.08672
1709305662908, 7, 0
1709305662908, 8, 0.34854
1709305663059, 5, 0
1709305663059, 6, 0.08679
1709305663059, 7, 0
1709305663059, 8, 0.34837
1709305663210, 5, 0
1709305663210, 6, 0.08685
1709305663210, 7, 0
1709305663210, 8, 0.34818
1709305663361, 5, 0
1709305663361, 6, 0.08691
1709305663361, 7, 0
1709305663361, 8, 0.34798
1709305663512, 5, 0
1709305663512, 6, 0.08696
1709305663512, 7, 0
1709305663512, 8, 0.34775
1709305663663, 5, 0
1709305663663, 6, 0.08701
1709305663663, 7, 0
1709305663663, 8, 0.34751
1709305663814, 5, 0
1709305663814, 6, 0.08706
1709305663814, 7, 0
1709305663814, 8, 0.34726
1709305663965, 5, 0
1709305663965, 6, 0.08711
1709305663965, 7, 0
1709305663965, 8, 0.34698
1709305664116, 5, 0
1709305664116, 6, 0.08715
1709305664116, 7, 0
1709305664116, 8, 0.34668
1709305664267, 5, 0
1709305664267, 6, 0.08718
1709305664267, 7, 0
1709305664267, 8, 0.34637
1709305664418, 5, 0
1709305664418, 6, 0.08721
1709305664418, 7, 0
1709305664418, 8, 0.34603
1709305664569, 5, 0
1709305664569, 6, 0.08724
1709305664570, 7, 0
1709305664572, 8, 0.34568
1709305664722, 5, 0
1709305664722, 6, 0.08727
1709305664722, 7, 0
1709305664723, 8, 0.3453
1709305664873, 5, 0
1709305664873, 6, 0.08729
1709305664873, 7, 0
1709305664874, 8, 0.34491
1709305665024, 5, 0
1709305665024, 6, 0.0873
1709305665024, 7, 0
1709305665024, 8, 0.34449
1709305665175, 5, 0
1709305665175, 6, 0.08731
1709305665175, 7, 0
1709305665176, 8, 0.34405
1709305665327, 5, 0
1709305665327, 6, 0.08732
1709305665327, 7, 0
1709305665327, 8, 0.34359
1709305665478, 5, 0
1709305665478, 6, 0.08732
1709305665478, 7, 0
1709305665478, 8, 0.34311
1709305665629, 5, 0
1709305665629, 6, 0.08732
1709305665629, 7, 0
1709305665629, 8, 0.34261
1709305665779, 5, 0
1709305665780, 6, 0.08731
1709305665780, 7, 0
1709305665780, 8, 0.34209
1709305665931, 5, 0
1709305665931, 6, 0.0873
1709305665931, 7, 0
1709305665931, 8, 0.34154
1709305666082, 5, 0
1709305666082, 6, 0.08728
1709305666082, 7, 0
1709305666082, 8, 0.34098
1709305666232, 5, 0
1709305666233, 6, 0.08725
1709305666233, 7, 0
1709305666233, 8, 0.34039
1709305666383, 5, 0
1709305666383, 6, 0.08723
1709305666384, 7, 0
1709305666384, 8, 0.33977
1709305666534, 5, 0
1709305666534, 6, 0.08719
1709305666534, 7, 0
1709305666534, 8, 0.33914
1709305666685, 5, 0
1709305666685, 6, 0.08715
1709305666685, 7, 0
1709305666685, 8, 0.33848
1709305666836, 5, 0
1709305666836, 6, 0.08711
1709305666836, 7, 0
1709305666836, 8, 0.3378
1709305666986, 5, 0
1709305666987, 6, 0.08706
1709305666987, 7, 0
1709305666987, 8, 0.3371
1709305667138, 5, 0
1709305667138, 6, 0.087
1709305667138, 7, 0
1709305667138, 8, 0.33637
1709305667288, 5, 0
1709305667288, 6, 0.08694
1709305667288, 7, 0
1709305667289, 8, 0.33562
1709305667439, 5, 0
1709305667439, 6, 0.08688
1709305667439, 7, 0
1709305667440, 8, 0.33485
1709305667591, 5, 0
1709305667592, 6, 0.0868
1709305667592, 7, 0
1709305667592, 8, 0.33405
1709305667743, 5, 0
1709305667743, 6, 0.08673
1709305667743, 7, 0
1709305667743, 8, 0.33323
1709305667894, 5, 0
1709305667894, 6, 0.08664
1709305667894, 7, 0
1709305667894, 8, 0.33239
1709305668044, 5, 0
1709305668045, 6, 0.08655
1709305668045, 7, 0
1709305668045, 8, 0.33152
1709305668195, 5, 0
1709305668195, 6, 0.08646
1709305668196, 7, 0
1709305668196, 8, 0.33063
1709305668346, 5, 0
1709305668346, 6, 0.08635
1709305668346, 7, 0
1709305668347, 8, 0.32972
1709305668497, 5, 0
1709305668497, 6, 0.08625
1709305668497, 7, 0
1709305668497, 8, 0.32878
1709305668648, 5, 0
1709305668648, 6, 0.08613
1709305668648, 7, 0
1709305668648, 8, 0.32782
1709305668799, 5, 0
1709305668799, 6, 0.08601
1709305668799, 7, 0
1709305668799, 8, 0.32683
1709305668950, 5, 0
1709305668950, 6, 0.08589
1709305668950, 7, 0
1709305668950, 8, 0.32582
1709305669101, 5, 0
1709305669101, 6, 0.08575
1709305669101, 7, 0
1709305669101, 8, 0.32479
1709305669252, 5, 0
1709305669252, 6, 0.08561
1709305669252, 7, 0
1709305669252, 8, 0.32373
1709305669403, 5, 0
1709305669403, 6, 0.08547
1709305669403, 7, 0
1709305669403, 8, 0.32265
1709305669554, 5, 0
1709305669554, 6, 0.08532
1709305669554, 7, 0
1709305669554, 8, 0.32155
1709305669705, 5, 0
1709305669705, 6, 0.08516
1709305669705, 7, 0
1709305669705, 8, 0.32042
1709305669856, 5, 0
1709305669856, 6, 0.08499
1709305669856, 7, 0
1709305669856, 8, 0.31927
1709305670007, 5, 0
1709305670007, 6, 0.08482
1709305670007, 7, 0
1709305670007, 8, 0.31809
1709305670158, 5, 0
1709305670158, 6, 0.08464
1709305670158, 7, 0
1709305670159, 8, 0.3169
1709305670309, 5, 0
1709305670309, 6, 0.08446
1709305670309, 7, 0
1709305670310, 8, 0.31568
1709305670460, 5, 0
1709305670460, 6, 0.08427
1709305670460, 7, 0
1709305670460, 8, 0.31443
1709305670611, 5, 0
1709305670611, 6, 0.08407
1709305670611, 7, 0
1709305670611, 8, 0.31317
1709305670761, 5, 0
1709305670762, 6, 0.08387
1709305670762, 7, 0
1709305670762, 8, 0.31188
1709305670912, 5, 0
1709305670913, 6, 0.08366
1709305670913, 7, 0
1709305670913, 8, 0.31057
1709305671063, 5, 0
1709305671063, 6, 0.08344
1709305671064, 7, 0
1709305671064, 8, 0.30923
1709305671214, 5, 0
1709305671214, 6, 0.08322
1709305671215, 7, 0
1709305671215, 8, 0.30787
1709305671365, 5, 0
1709305671366, 6, 0.08298
1709305671366, 7, 0
1709305671366, 8, 0.30649
1709305671516, 5, 0
1709305671516, 6, 0.08275
1709305671517, 7, 0
1709305671517, 8, 0.30509
1709305671667, 5, 0
1709305671667, 6, 0.0825
1709305671668, 7, 0
1709305671668, 8, 0.30367
1709305671818, 5, 0
1709305671818, 6, 0.08225
1709305671819, 7, 0
1709305671819, 8, 0.30223
1709305671969, 5, 0
1709305671969, 6, 0.082
1709305671970, 7, 0
1709305671970, 8, 0.30076
1709305672120, 5, 0
1709305672120, 6, 0.08173
1709305672120, 7, 0
1709305672120, 8, 0.29927
1709305672271, 5, 0
1709305672271, 6, 0.08146
1709305672271, 7, 0
1709305672271, 8, 0.29776
1709305672422, 5, 0
1709305672422, 6, 0.08119
1709305672422, 7, 0
1709305672422, 8, 0.29624
1709305672573, 5, 0
1709305672573, 6, 0.0809
1709305672573, 7, 0
1709305672573, 8, 0.29469
1709305672724, 5, 0
1709305672724, 6, 0.08061
1709305672724, 7, 0
1709305672724, 8, 0.29312
1709305672875, 5, 0
1709305672875, 6, 0.08032
1709305672875, 7, 0
1709305672876, 8, 0.29152
1709305673026, 5, 0
1709305673026, 6, 0.08001
1709305673026, 7, 0
1709305673027, 8, 0.28991
1709305673177, 5, 0
1709305673177, 6, 0.0797
1709305673177, 7, 0
1709305673177, 8, 0.28828
1709305673328, 5, 0
1709305673328, 6, 0.07939
1709305673328, 7, 0
1709305673328, 8, 0.28664
1709305673479, 5, 0
1709305673479, 6, 0.07906
1709305673479, 7, 0
1709305673479, 8, 0.28497
1709305673629, 5, 0
1709305673630, 6, 0.07873
1709305673630, 7, 0
1709305673630, 8, 0.28328
1709305673780, 5, 0
1709305673781, 6, 0.0784
1709305673781, 7, 0
1709305673781, 8, 0.28157
1709305673931, 5, 0
1709305673932, 6, 0.07806
1709305673932, 7, 0
1709305673932, 8, 0.27985
1709305674082, 5, 0
1709305674083, 6, 0.07771
1709305674083, 7, 0
1709305674083, 8, 0.27811
1709305674234, 5, 0
1709305674234, 6, 0.07735
1709305674234, 7, 0
1709305674234, 8, 0.27635
1709305674385, 5, 0
1709305674385, 6, 0.07699
1709305674385, 7, 0
1709305674385, 8, 0.27457
1709305674536, 5, 0
1709305674536, 6, 0.07663
1709305674536, 7, 0
1709305674536, 8, 0.27278
1709305674687, 5, 0
1709305674687, 6, 0.07625
1709305674687, 7, 0
1709305674687, 8, 0.27097
1709305674838, 5, 0
1709305674838, 6, 0.07587
1709305674838, 7, 0
1709305674838, 8, 0.26914
1709305674989, 5, 0
1709305674989, 6, 0.07549
1709305674989, 7, 0
1709305674990, 8, 0.2673
1709305675140, 5, 0
1709305675140, 6, 0.0751
1709305675140, 7, 0
1709305675141, 8, 0.26544
1709305675291, 5, 0
1709305675291, 6, 0.0747
1709305675292, 7, 0
1709305675292, 8, 0.26357
1709305675442, 5, 0
1709305675443, 6, 0.0743
1709305675443, 7, 0
1709305675443, 8, 0.26168
1709305675593, 5, 0
1709305675593, 6, 0.07389
1709305675594, 7, 0
1709305675594, 8, 0.25977
1709305675744, 5, 0
1709305675744, 6, 0.07347
1709305675745, 7, 0
1709305675745, 8, 0.25786
1709305675895, 5, 0
1709305675895, 6, 0.07305
1709305675896, 7, 0
1709305675896, 8, 0.25592
1709305676046, 5, 0
1709305676046, 6, 0.07262
1709305676047, 7, 0
1709305676047, 8, 0.25398
1709305676197, 5, 0
1709305676198, 6, 0.07219
1709305676198, 7, 0
1709305676198, 8, 0.25202
1709305676348, 5, 0
1709305676349, 6, 0.07175
1709305676350, 7, 0
1709305676350, 8, 0.25005
1709305676500, 5, 0
1709305676501, 6, 0.07131
1709305676501, 7, 0
1709305676501, 8, 0.24806
1709305676652, 5, 0
1709305676652, 6, 0.07086
1709305676652, 7, 0
1709305676652, 8, 0.24607
1709305676803, 5, 0
1709305676803, 6, 0.07041
1709305676803, 7, 0
1709305676803, 8, 0.24406
1709305676954, 5, 0
1709305676954, 6, 0.06995
1709305676954, 7, 0
1709305676954, 8, 0.24204
1709305677104, 5, 0
1709305677104, 6, 0.06949
1709305677105, 7, 0
1709305677105, 8, 0.24001
1709305677255, 5, 0
1709305677255, 6, 0.06902
1709305677256, 7, 0
1709305677256, 8, 0.23797
1709305677406, 5, 0
1709305677406, 6, 0.06854
1709305677407, 7, 0
1709305677407, 8, 0.23592
1709305677557, 5, 0
1709305677557, 6, 0.06806
1709305677558, 7, 0
1709305677558, 8, 0.23386
1709305677708, 5, 0
1709305677709, 6, 0.06758
1709305677709, 7, 0
1709305677709, 8, 0.23179
1709305677859, 5, 0
1709305677860, 6, 0.06709
1709305677860, 7, 0
1709305677860, 8, 0.22971
1709305678010, 5, 0
1709305678011, 6, 0.0666
1709305678011, 7, 0
1709305678011, 8, 0.22762
1709305678161, 5, 0
1709305678162, 6, 0.0661
1709305678162, 7, 0
1709305678162, 8, 0.22552
1709305678312, 5, 0
1709305678312, 6, 0.0656
1709305678313, 7, 0
1709305678313, 8, 0.22342
1709305678463, 5, 0
1709305678463, 6, 0.06509
1709305678464, 7, 0
1709305678464, 8, 0.22131
1709305678614, 5, 0
1709305678614, 6, 0.06458
1709305678615, 7, 0
1709305678615, 8, 0.21919
1709305678765, 5, 0
1709305678766, 6, 0.06407
1709305678766, 7, 0
1709305678766, 8, 0.21706
1709305678916, 5, 0
1709305678917, 6, 0.06355
1709305678917, 7, 0
1709305678917, 8, 0.21493
1709305679067, 5, 0
1709305679068, 6, 0.06302
1709305679068, 7, 0
1709305679068, 8, 0.21279
1709305679218, 5, 0
1709305679219, 6, 0.0625
1709305679219, 7, 0
1709305679219, 8, 0.21065
1709305679369, 5, 0
1709305679370, 6, 0.06196
1709305679370, 7, 0
1709305679370, 8, 0.2085
1709305679520, 5, 0
1709305679521, 6, 0.06143
1709305679521, 7, 0
1709305679521, 8, 0.20635
1709305679671, 5, 0
1709305679672, 6, 0.06089
1709305679672, 7, 0
1709305679672, 8, 0.20419
1709305679822, 5, 0
1709305679823, 6, 0.06035
1709305679823, 7, 0
1709305679823, 8, 0.20203
1709305679973, 5, 0
1709305679974, 6, 0.0598
1709305679974, 7, 0
1709305679974, 8, 0.19986
1709305680124, 5, 0
1709305680124, 6, 0.05926
1709305680125, 7, 0
1709305680125, 8, 0.1977
1709305680275, 5, 0
1709305680276, 6, 0.05871
1709305680276, 7, 0
1709305680276, 8, 0.19553
1709305680426, 5, 0
1709305680427, 6, 0.05815
1709305680427, 7, 0
1709305680427, 8, 0.19335
1709305680577, 5, 0
1709305680578, 6, 0.05759
1709305680578, 7, 0
1709305680578, 8, 0.19118
1709305680729, 5, 0
1709305680729, 6, 0.05703
1709305680729, 7, 0
1709305680729, 8, 0.189
1709305680880, 5, 0
1709305680880, 6, 0.05647
1709305680880, 7, 0
1709305680880, 8, 0.18683
1709305681031, 5, 0
1709305681031, 6, 0.0559
1709305681031, 7, 0
1709305681031, 8, 0.18465
1709305681182, 5, 0
1709305681182, 6, 0.05534
1709305681182, 7, 0
1709305681182, 8, 0.18247
1709305681333, 5, 0
1709305681333, 6, 0.05477
1709305681333, 7, 0
1709305681333, 8, 0.1803
1709305681484, 5, 0
1709305681484, 6, 0.05419
1709305681484, 7, 0
1709305681484, 8, 0.17812
1709305681635, 5, 0
1709305681635, 6, 0.05362
1709305681635, 7, 0
1709305681635, 8, 0.17594
1709305681785, 5, 0
1709305681786, 6, 0.05304
1709305681786, 7, 0
1709305681786, 8, 0.17377
1709305681937, 5, 0
1709305681937, 6, 0.05246
1709305681937, 7, 0
1709305681937, 8, 0.17159
1709305682088, 5, 0
1709305682088, 6, 0.05188
1709305682088, 7, 0
1709305682088, 8, 0.16942
1709305682239, 5, 0
1709305682239, 6, 0.0513
1709305682239, 7, 0
1709305682239, 8, 0.16726
1709305682390, 5, 0
1709305682390, 6, 0.05072
1709305682390, 7, 0
1709305682390, 8, 0.16509
1709305682541, 5, 0
1709305682541, 6, 0.05013
1709305682541, 7, 0
1709305682541, 8, 0.16293
1709305682692, 5, 0
1709305682692, 6, 0.04955
1709305682692, 7, 0
1709305682692, 8, 0.16077
1709305682843, 5, 0
1709305682843, 6, 0.04896
1709305682843, 7, 0
1709305682843, 8, 0.15861
1709305682993, 5, 0
1709305682994, 6, 0.04837
1709305682994, 7, 0
1709305682994, 8, 0.15646
1709305683144, 5, 0
1709305683145, 6, 0.04778
1709305683145, 7, 0
1709305683145, 8, 0.15432
1709305683295, 5, 0
1709305683296, 6, 0.04719
1709305683296, 7, 0
1709305683296, 8, 0.15218
1709305683447, 5, 0
1709305683447, 6, 0.0466
1709305683447, 7, 0
1709305683447, 8, 0.15004
1709305683598, 5, 0
1709305683598, 6, 0.04601
1709305683598, 7, 0
1709305683598, 8, 0.14791
1709305683749, 5, 0
1709305683749, 6, 0.04542
1709305683749, 7, 0
1709305683750, 8, 0.14579
1709305683900, 5, 0
1709305683900, 6, 0.04483
1709305683900, 7, 0
1709305683901, 8, 0.14367
1709305684051, 5, 0
1709305684051, 6, 0.04424
1709305684051, 7, 0
1709305684052, 8, 0.14157
1709305684202, 5, 0
1709305684202, 6, 0.04365
1709305684202, 7, 0
1709305684202, 8, 0.13946
1709305684353, 5, 0
1709305684353, 6, 0.04306
1709305684353, 7, 0
1709305684353, 8, 0.13737
1709305684504, 5, 0
1709305684504, 6, 0.04246
1709305684504, 7, 0
1709305684505, 8, 0.13528
1709305684655, 5, 0
1709305684655, 6, 0.04187
1709305684656, 7, 0
1709305684656, 8, 0.1332
1709305684807, 5, 0
1709305684807, 6, 0.04128
1709305684808, 7, 0
1709305684808, 8, 0.13113
1709305684958, 5, 0
1709305684959, 6, 0.04069
1709305684959, 7, 0
1709305684959, 8, 0.12907
1709305685109, 5, 0
1709305685110, 6, 0.0401
1709305685110, 7, 0
1709305685110, 8, 0.12702
1709305685261, 5, 0
1709305685261, 6, 0.03952
1709305685261, 7, 0
1709305685261, 8, 0.12498
1709305685411, 5, 0
1709305685412, 6, 0.03893
1709305685412, 7, 0
1709305685412, 8, 0.12295
1709305685562, 5, 0
1709305685562, 6, 0.03834
1709305685563, 7, 0
1709305685563, 8, 0.12093
1709305685713, 5, 0
1709305685713, 6, 0.03776
1709305685714, 7, 0
1709305685714, 8, 0.11892
1709305685864, 5, 0
1709305685864, 6, 0.03717
1709305685865, 7, 0
1709305685865, 8, 0.11691
1709305686015, 5, 0
1709305686016, 6, 0.03659
1709305686016, 7, 0
1709305686016, 8, 0.11493
1709305686167, 5, 0
1709305686167, 6, 0.03601
1709305686167, 7, 0
1709305686167, 8, 0.11295
1709305686318, 5, 0
1709305686318, 6, 0.03543
1709305686318, 7, 0
1709305686318, 8, 0.11098
1709305686469, 5, 0
1709305686469, 6, 0.03485
1709305686469, 7, 0
1709305686469, 8, 0.10903
1709305686620, 5, 0
1709305686620, 6, 0.03428
1709305686620, 7, 0
1709305686621, 8, 0.10709
1709305686771, 5, 0
1709305686771, 6, 0.03371
1709305686771, 7, 0
1709305686772, 8, 0.10516
1709305686922, 5, 0
1709305686922, 6, 0.03314
1709305686922, 7, 0
1709305686923, 8, 0.10324
1709305687073, 5, 0
1709305687073, 6, 0.03257
1709305687073, 7, 0
1709305687074, 8, 0.10134
1709305687224, 5, 0
1709305687224, 6, 0.032
1709305687225, 7, 0
1709305687225, 8, 0.09945
1709305687375, 5, 0
1709305687376, 6, 0.03144
1709305687376, 7, 0
1709305687376, 8, 0.09758
1709305687526, 5, 0
1709305687527, 6, 0.03088
1709305687527, 7, 0
1709305687527, 8, 0.09572
1709305687677, 5, 0
1709305687678, 6, 0.03032
1709305687678, 7, 0
1709305687678, 8, 0.09387
1709305687828, 5, 0
1709305687828, 6, 0.02976
1709305687829, 7, 0
1709305687829, 8, 0.09204
1709305687979, 5, 0
1709305687979, 6, 0.02921
1709305687979, 7, 0
1709305687980, 8, 0.09022
1709305688130, 5, 0
1709305688130, 6, 0.02866
1709305688130, 7, 0
1709305688131, 8, 0.08841
1709305688281, 5, 0
1709305688281, 6, 0.02812
1709305688281, 7, 0
1709305688282, 8, 0.08663
1709305688432, 5, 0
1709305688432, 6, 0.02758
1709305688432, 7, 0
1709305688432, 8, 0.08486
1709305688583, 5, 0
1709305688583, 6, 0.02704
1709305688583, 7, 0
1709305688584, 8, 0.0831
1709305688734, 5, 0
1709305688734, 6, 0.0265
1709305688734, 7, 0
1709305688735, 8, 0.08136
1709305688885, 5, 0
1709305688885, 6, 0.02597
1709305688886, 7, 0
1709305688886, 8, 0.07963
1709305689036, 5, 0
1709305689036, 6, 0.02544
1709305689036, 7, 0
1709305689037, 8, 0.07793
1709305689187, 5, 0
1709305689187, 6, 0.02492
1709305689187, 7, 0
1709305689188, 8, 0.07623
1709305689338, 5, 0
1709305689338, 6, 0.0244
1709305689338, 7, 0
1709305689339, 8, 0.07456
1709305689489, 5, 0
1709305689489, 6, 0.02388
1709305689489, 7, 0
1709305689490, 8, 0.0729
1709305689640, 5, 0
1709305689640, 6, 0.02337
1709305689641, 7, 0
1709305689641, 8, 0.07126
1709305689791, 5, 0
1709305689791, 6, 0.02286
1709305689792, 7, 0
1709305689792, 8, 0.06964
1709305689942, 5, 0
1709305689943, 6, 0.02236
1709305689943, 7, 0
1709305689943, 8, 0.06803
1709305690094, 5, 0
1709305690094, 6, 0.02186
1709305690094, 7, 0
1709305690094, 8, 0.06644
1709305690244, 5, 0
1709305690245, 6, 0.02136
1709305690245, 7, 0
1709305690245, 8, 0.06487
1709305690395, 5, 0
1709305690396, 6, 0.02087
1709305690396, 7, 0
1709305690396, 8, 0.06332
1709305690546, 5, 0
1709305690547, 6, 0.02039
1709305690547, 7, 0
1709305690547, 8, 0.06179
1709305690698, 5, 0
1709305690698, 6, 0.01991
1709305690698, 7, 0
1709305690698, 8, 0.06027
1709305690849, 5, 0
1709305690849, 6, 0.01943
1709305690849, 7, 0
1709305690849, 8, 0.05877
1709305691000, 5, 0
1709305691000, 6, 0.01896
1709305691000, 7, 0
1709305691000, 8, 0.0573
1709305691151, 5, 0
1709305691152, 6, 0.0185
1709305691152, 7, 0
1709305691152, 8, 0.05584
1709305691302, 5, 0
1709305691303, 6, 0.01804
1709305691303, 7, 0
1709305691303, 8, 0.0544
1709305691453, 5, 0
1709305691453, 6, 0.01758
1709305691453, 7, 0
1709305691454, 8, 0.05297
1709305691604, 5, 0
1709305691604, 6, 0.01713
1709305691604, 7, 0
1709305691605, 8, 0.05157
1709305691755, 5, 0
1709305691755, 6, 0.01669
1709305691755, 7, 0
1709305691756, 8, 0.05019
1709305691906, 5, 0
1709305691906, 6, 0.01625
1709305691906, 7, 0
1709305691907, 8, 0.04882
1709305692057, 5, 0
1709305692057, 6, 0.01582
1709305692057, 7, 0
1709305692058, 8, 0.04748
1709305692208, 5, 0
1709305692208, 6, 0.01539
1709305692209, 7, 0
1709305692209, 8, 0.04615
1709305692361, 5, 0
1709305692361, 6, 0.01496
1709305692361, 7, 0
1709305692362, 8, 0.04485
1709305692512, 5, 0
1709305692512, 6, 0.01455
1709305692512, 7, 0
1709305692512, 8, 0.04356
1709305692663, 5, 0
1709305692663, 6, 0.01414
1709305692663, 7, 0
1709305692664, 8, 0.04229
1709305692814, 5, 0
1709305692814, 6, 0.01373
1709305692814, 7, 0
1709305692814, 8, 0.04105
1709305692965, 5, 0
1709305692965, 6, 0.01333
1709305692965, 7, 0
1709305692966, 8, 0.03982
1709305693116, 5, 0
1709305693116, 6, 0.01294
1709305693117, 7, 0
1709305693117, 8, 0.03861
1709305693267, 5, 0
1709305693268, 6, 0.01255
1709305693268, 7, 0
1709305693268, 8, 0.03743
1709305693418, 5, 0
1709305693419, 6, 0.01217
1709305693419, 7, 0
1709305693419, 8, 0.03626
1709305693570, 5, 0
1709305693570, 6, 0.01179
1709305693570, 7, 0
1709305693570, 8, 0.03512
1709305693721, 5, 0
1709305693721, 6, 0.01142
1709305693721, 7, 0
1709305693722, 8, 0.03399
1709305693872, 5, 0
1709305693872, 6, 0.01106
1709305693872, 7, 0
1709305693873, 8, 0.03288
1709305694023, 5, 0
1709305694023, 6, 0.0107
1709305694024, 7, 0
1709305694025, 8, 0.0318
1709305694175, 5, 0
1709305694175, 6, 0.01035
1709305694175, 7, 0
1709305694176, 8, 0.03073
1709305694326, 5, 0
1709305694326, 6, 0.01
1709305694326, 7, 0
1709305694327, 8, 0.02969
1709305694477, 5, 0
1709305694477, 6, 0.00966
1709305694477, 7, 0
1709305694477, 8, 0.02866
1709305694628, 5, 0
1709305694628, 6, 0.00933
1709305694628, 7, 0
1709305694628, 8, 0.02766
1709305694779, 5, 0
1709305694779, 6, 0.00901
1709305694779, 7, 0
1709305694779, 8, 0.02667
1709305694930, 5, 0
1709305694930, 6, 0.00868
1709305694930, 7, 0
1709305694930, 8, 0.02571
1709305695081, 5, 0
1709305695081, 6, 0.00837
1709305695081, 7, 0
1709305695081, 8, 0.02476
1709305695232, 5, 0
1709305695233, 6, 0.00806
1709305695233, 7, 0
1709305695233, 8, 0.02384
1709305695384, 5, 0
1709305695384, 6, 0.00776
1709305695384, 7, 0
1709305695384, 8, 0.02293
1709305695535, 5, 0
1709305695535, 6, 0.00747
1709305695535, 7, 0
1709305695535, 8, 0.02205
1709305695686, 5, 0
1709305695686, 6, 0.00718
1709305695686, 7, 0
1709305695687, 8, 0.02119
1709305695837, 5, 0
1709305695837, 6, 0.0069
1709305695837, 7, 0
1709305695837, 8, 0.02034
1709305695988, 5, 0
1709305695988, 6, 0.00662
1709305695988, 7, 0
1709305695988, 8, 0.01952
1709305696139, 5, 0
1709305696139, 6, 0.00635
1709305696139, 7, 0
1709305696139, 8, 0.01871
1709305696290, 5, 0
1709305696290, 6, 0.00609
1709305696290, 7, 0
1709305696290, 8, 0.01793
1709305696440, 5, 0
1709305696441, 6, 0.00583
1709305696441, 7, 0
1709305696441, 8, 0.01717
1709305696592, 5, 0
1709305696592, 6, 0.00558
1709305696592, 7, 0
1709305696592, 8, 0.01642
1709305696743, 5, 0
1709305696743, 6, 0.00534
1709305696743, 7, 0
1709305696743, 8, 0.01569
1709305696894, 5, 0
1709305696894, 6, 0.0051
1709305696894, 7, 0
1709305696894, 8, 0.01499
1709305697045, 5, 0
1709305697045, 6, 0.00487
1709305697045, 7, 0
1709305697045, 8, 0.0143
1709305697196, 5, 0
1709305697196, 6, 0.00464
1709305697196, 7, 0
1709305697197, 8, 0.01363
1709305697347, 5, 0
1709305697347, 6, 0.00442
1709305697347, 7, 0
1709305697347, 8, 0.01298
1709305697498, 5, 0
1709305697498, 6, 0.00421
1709305697498, 7, 0
1709305697498, 8, 0.01235
1709305697648, 5, 0
1709305697649, 6, 0.004
1709305697649, 7, 0
1709305697649, 8, 0.01174
1709305697799, 5, 0
1709305697800, 6, 0.0038
1709305697800, 7, 0
1709305697800, 8, 0.01115
1709305697951, 5, 0
1709305697951, 6, 0.00361
1709305697951, 7, 0
1709305697951, 8, 0.01058
1709305698102, 5, 0
1709305698102, 6, 0.00342
1709305698102, 7, 0
1709305698102, 8, 0.01002
1709305698253, 5, 0
1709305698253, 6, 0.00324
1709305698253, 7, 0
1709305698253, 8, 0.00948
1709305698404, 5, 0
1709305698404, 6, 0.00306
1709305698404, 7, 0
1709305698404, 8, 0.00896
1709305698554, 5, 0
1709305698555, 6, 0.00289
1709305698555, 7, 0
1709305698555, 8, 0.00846
1709305698705, 5, 0
1709305698706, 6, 0.00273
1709305698707, 7, 0
1709305698708, 8, 0.00798
1709305698858, 5, 0
1709305698858, 6, 0.00257
1709305698859, 7, 0
1709305698859, 8, 0.00751
1709305699009, 5, 0
1709305699009, 6, 0.00241
1709305699010, 7, 0
1709305699010, 8, 0.00706
1709305699160, 5, 0
1709305699161, 6, 0.00227
1709305699161, 7, 0
1709305699161, 8, 0.00663
1709305699312, 5, 0
1709305699312, 6, 0.00212
1709305699312, 7, 0
1709305699312, 8, 0.00621
1709305699463, 5, 0
1709305699463, 6, 0.00199
1709305699463, 7, 0
1709305699463, 8, 0.00581
1709305699614, 5, 0
1709305699614, 6, 0.00186
1709305699614, 7, 0
1709305699614, 8, 0.00543
1709305699765, 5, 0
1709305699765, 6, 0.00173
1709305699765, 7, 0
1709305699765, 8, 0.00506
1709305699916, 5, 0
1709305699916, 6, 0.00161
1709305699916, 7, 0
1709305699916, 8, 0.00471
1709305700066, 5, 0
1709305700067, 6, 0.0015
1709305700067, 7, 0
1709305700067, 8, 0.00438
1709305700218, 5, 0
1709305700218, 6, 0.00139
1709305700218, 7, 0
1709305700218, 8, 0.00406
1709305700369, 5, 0
1709305700369, 6, 0.00129
1709305700369, 7, 0
1709305700369, 8, 0.00375
1709305700520, 5, 0
1709305700520, 6, 0.00119
1709305700520, 7, 0
1709305700520, 8, 0.00346
1709305700671, 5, 0
1709305700671, 6, 0.00109
1709305700671, 7, 0
1709305700672, 8, 0.00319
1709305700822, 5, 0
1709305700822, 6, 0.001
1709305700822, 7, 0
1709305700823, 8, 0.00292
1709305700973, 5, 0
1709305700973, 6, 0.00092
1709305700973, 7, 0
1709305700974, 8, 0.00268
1709305701124, 5, 0
1709305701124, 6, 0.00084
1709305701124, 7, 0
1709305701124, 8, 0.00244
1709305701275, 5, 0
1709305701275, 6, 0.00076
1709305701275, 7, 0
1709305701275, 8, 0.00222
1709305701426, 5, 0
1709305701426, 6, 0.00069
1709305701426, 7, 0
1709305701426, 8, 0.00202
1709305701577, 5, 0
1709305701577, 6, 0.00063
1709305701577, 7, 0
1709305701578, 8, 0.00182
1709305701728, 5, 0
1709305701728, 6, 0.00056
1709305701729, 7, 0
1709305701729, 8, 0.00164
1709305701879, 5, 0
1709305701879, 6, 0.0005
1709305701880, 7, 0
1709305701880, 8, 0.00147
1709305702030, 5, 0
1709305702031, 6, 0.00045
1709305702031, 7, 0
1709305702031, 8, 0.00131
1709305702181, 5, 0
1709305702182, 6, 0.0004
1709305702182, 7, 0
1709305702182, 8, 0.00117
1709305702332, 5, 0
1709305702333, 6, 0.00035
1709305702333, 7, 0
1709305702333, 8, 0.00103
1709305702483, 5, 0
1709305702484, 6, 0.00031
1709305702484, 7, 0
1709305702484, 8, 0.00091
1709305702635, 5, 0
1709305702635, 6, 0.00027
1709305702635, 7, 0
1709305702635, 8, 0.00079
1709305702786, 5, 0
1709305702786, 6, 0.00024
1709305702786, 7, 0
1709305702786, 8, 0.00069
1709305702937, 5, 0
1709305702937, 6, 0.0002
1709305702938, 7, 0
1709305702940, 8, 0.00059
1709305703090, 5, 0
1709305703090, 6, 0.00017
1709305703090, 7, 0
1709305703090, 8, 0.0005
1709305703241, 5, 0
1709305703241, 6, 0.00015
1709305703241, 7, 0
1709305703241, 8, 0.00043
1709305703392, 5, 0
1709305703392, 6, 0.00012
1709305703392, 7, 0
1709305703392, 8, 0.00036
1709305703543, 5, 0
1709305703543, 6, 0.0001
1709305703544, 7, 0
1709305703545, 8, 0.00029
1709305703696, 5, 0
1709305703696, 6, 8e-05
1709305703696, 7, 0
1709305703696, 8, 0.00024
1709305703847, 5, 0
1709305703847, 6, 7e-05
1709305703847, 7, 0
1709305703847, 8, 0.00019
1709305703998, 5, 0
1709305703998, 6, 5e-05
1709305703998, 7, 0
1709305703998, 8, 0.00015
1709305704149, 5, 0
1709305704149, 6, 4e-05
1709305704149, 7, 0
1709305704149, 8, 0.00012
1709305704300, 5, 0
1709305704300, 6, 3e-05
1709305704300, 7, 0
1709305704301, 8, 9e-05
1709305704451, 5, 0
1709305704451, 6, 2e-05
1709305704451, 7, 0
1709305704452, 8, 7e-05
1709305704602, 5, 0
1709305704602, 6, 2e-05
1709305704602, 7, 0
1709305704602, 8, 5e-05
1709305704753, 5, 0
1709305704753, 6, 1e-05
1709305704754, 7, 0
1709305704754, 8, 3e-05
1709305704904, 5, 0
1709305704904, 6, 1e-05
1709305704905, 7, 0
1709305704905, 8, 2e-05
1709305705055, 5, 0
1709305705056, 6, 0
1709305705056, 7, 0
1709305705056, 8, 1e-05
1709305705207, 5, 0
1709305705207, 6, 0
1709305705207, 7, 0
1709305705207, 8, 1e-05
1709305705357, 5, 0
1709305705358, 6, 0
1709305705358, 7, 0
1709305705358, 8, 0
1709305705509, 5, 0
1709305705509, 6, 0
1709305705509, 7, 0
1709305705509, 8, 0
1709305705660, 5, 0
1709305705660, 6, 0
1709305705660, 7, 0
1709305705660, 8, 0
1709305705811, 5, 0
1709305705811, 6, 0
1709305705811, 7, 0
1709305705811, 8, 0
