1730966909626,1e-05,0,1e-05,0,1e-05,0,1e-05,0
1730966909636,1e-05,0,1e-05,0,1e-05,0,1e-05,0
1730966909646,1e-05,0,1e-05,0,1e-05,0,1e-05,0
1730966909656,1e-05,0,1e-05,0,1e-05,0,1e-05,0
1730966909666,1e-05,0,1e-05,0,1e-05,0,1e-05,0
1730966909676,1e-05,0,1e-05,0,1e-05,0,1e-05,0
1730966909686,1e-05,0,1e-05,0,1e-05,0,1e-05,0
1730966909696,1e-05,0,1e-05,0,1e-05,0,1e-05,0
1730966909706,1e-05,0,1e-05,0,1e-05,0,1e-05,0
1730966909716,1e-05,0,1e-05,0,1e-05,0,1e-05,0
1730966909726,1e-05,0,1e-05,0,1e-05,0,1e-05,0
1730966909736,1e-05,0,1e-05,0,1e-05,0,1e-05,0
1730966909746,1e-05,0,1e-05,0,1e-05,0,1e-05,0
1730966909756,1e-05,0,1e-05,0,1e-05,0,1e-05,0
1730966909766,1e-05,0,1e-05,0,1e-05,0,1e-05,0
1730966909776,1e-05,0,1e-05,0,1e-05,0,1e-05,0
1730966909786,1e-05,0,1e-05,0,1e-05,0,1e-05,0
1730966909796,-1e-05,0,-1e-05,0,-1e-05,0,-1e-05,0
1730966909806,-1e-05,0,-1e-05,0,-1e-05,0,-1e-05,0
1730966909816,-1e-05,0,-1e-05,0,-1e-05,0,-1e-05,0
1730966909826,-1e-05,0,-1e-05,0,-1e-05,0,-1e-05,0
1730966909836,-1e-05,0,-1e-05,0,-1e-05,0,-1e-05,0
1730966909846,-3e-05,0,-3e-05,0,-3e-05,0,-3e-05,0
1730966909856,-3e-05,0,-3e-05,0,-3e-05,0,-3e-05,0
1730966909866,-3e-05,0,-3e-05,0,-3e-05,0,-3e-05,0
1730966909876,-5e-05,0,-5e-05,0,-5e-05,0,-5e-05,0
1730966909886,-5e-05,0,-5e-05,0,-5e-05,0,-5e-05,0
1730966909896,-5e-05,0,-5e-05,0,-5e-05,0,-5e-05,0
1730966909906,-7e-05,0,-7e-05,0,-7e-05,0,-7e-05,0
1730966909916,-7e-05,0,-7e-05,0,-7e-05,0,-7e-05,0
1730966909926,-9e-05,0,-9e-05,0,-9e-05,0,-9e-05,0
1730966909936,-9e-05,0,-9e-05,0,-9e-05,0,-9e-05,0
1730966909946,-0.00012,0,-0.00012,0,-0.00012,0,-0.00012,0
1730966909956,-0.00012,0,-0.00012,0,-0.00012,0,-0.00012,0
1730966909966,-0.00014,0,-0.00014,0,-0.00014,0,-0.00014,0
1730966909976,-0.00014,0,-0.00014,0,-0.00014,0,-0.00014,0
1730966909986,-0.00017,0,-0.00017,0,-0.00017,0,-0.00017,0
1730966909996,-0.00017,0,-0.00017,0,-0.00017,0,-0.00017,0
1730966910006,-0.0002,0,-0.0002,0,-0.0002,0,-0.0002,0
1730966910016,-0.0002,0,-0.0002,0,-0.0002,0,-0.0002,0
1730966910026,-0.00024,0,-0.00024,0,-0.00024,0,-0.00024,0
1730966910036,-0.00026,0,-0.00026,0,-0.00026,0,-0.00026,0
1730966910046,-0.00028,0,-0.00028,0,-0.00028,0,-0.00028,0
1730966910056,-0.0003,0,-0.0003,0,-0.0003,0,-0.0003,0
1730966910066,-0.00032,0,-0.00032,0,-0.00032,0,-0.00032,0
1730966910076,-0.00034,0,-0.00034,0,-0.00034,0,-0.00034,0
1730966910086,-0.00036,0,-0.00036,0,-0.00036,0,-0.00036,0
1730966910096,-0.00039,0,-0.00039,0,-0.00039,0,-0.00039,0
1730966910106,-0.00041,0,-0.00041,0,-0.00041,0,-0.00041,0
1730966910116,-0.00044,0,-0.00044,0,-0.00044,0,-0.00044,0
1730966910126,-0.00047,0,-0.00047,0,-0.00047,0,-0.00047,0
1730966910136,-0.0005,0,-0.0005,0,-0.0005,0,-0.0005,0
1730966910146,-0.00053,0,-0.00053,0,-0.00053,0,-0.00053,0
1730966910156,-0.00056,0,-0.00056,0,-0.00056,0,-0.00056,0
1730966910166,-0.00059,0,-0.00059,0,-0.00059,0,-0.00059,0
1730966910176,-0.00062,0,-0.00062,0,-0.00062,0,-0.00062,0
1730966910186,-0.00066,0,-0.00066,0,-0.00066,0,-0.00066,0
1730966910196,-0.00069,0,-0.00069,0,-0.00069,0,-0.00069,0
1730966910206,-0.00073,0,-0.00073,0,-0.00073,0,-0.00073,0
1730966910216,-0.00077,0,-0.00077,0,-0.00077,0,-0.00077,0
1730966910226,-0.00081,0,-0.00081,0,-0.00081,0,-0.00081,0
1730966910236,-0.00085,0,-0.00085,0,-0.00085,0,-0.00085,0
1730966910246,-0.00089,0,-0.00089,0,-0.00089,0,-0.00089,0
1730966910256,-0.00093,0,-0.00093,0,-0.00093,0,-0.00093,0
1730966910266,-0.00098,0,-0.00098,0,-0.00098,0,-0.00098,0
1730966910276,-0.00102,0,-0.00102,0,-0.00102,0,-0.00102,0
1730966910286,-0.00107,0,-0.00107,0,-0.00107,0,-0.00107,0
1730966910296,-0.00112,0,-0.00112,0,-0.00112,0,-0.00112,0
1730966910306,-0.00117,0,-0.00117,0,-0.00117,0,-0.00117,0
1730966910316,-0.00122,0,-0.00122,0,-0.00122,0,-0.00122,0
1730966910326,-0.00127,0,-0.00127,0,-0.00127,0,-0.00127,0
1730966910336,-0.00132,0,-0.00132,0,-0.00132,0,-0.00132,0
1730966910346,-0.00138,0,-0.00138,0,-0.00138,0,-0.00138,0
1730966910356,-0.00143,0,-0.00143,0,-0.00143,0,-0.00143,0
1730966910366,-0.00149,0,-0.00149,0,-0.00149,0,-0.00149,0
1730966910376,-0.00155,0,-0.00155,0,-0.00155,0,-0.00155,0
1730966910386,-0.00161,0,-0.00161,0,-0.00161,0,-0.00161,0
1730966910396,-0.00167,0,-0.00167,0,-0.00167,0,-0.00167,0
1730966910406,-0.00174,0,-0.00174,0,-0.00174,0,-0.00174,0
1730966910416,-0.0018,0,-0.0018,0,-0.0018,0,-0.0018,0
1730966910426,-0.00187,0,-0.00187,0,-0.00187,0,-0.00187,0
1730966910436,-0.00194,0,-0.00194,0,-0.00194,0,-0.00194,0
1730966910446,-0.00201,0,-0.00201,0,-0.00201,0,-0.00201,0
1730966910456,-0.00208,0,-0.00208,0,-0.00208,0,-0.00208,0
1730966910466,-0.00215,0,-0.00215,0,-0.00215,0,-0.00215,0
1730966910476,-0.00223,0,-0.00223,0,-0.00223,0,-0.00223,0
1730966910486,-0.0023,0,-0.0023,0,-0.0023,0,-0.0023,0
1730966910496,-0.00238,0,-0.00238,0,-0.00238,0,-0.00238,0
1730966910506,-0.00246,0,-0.00246,0,-0.00246,0,-0.00246,0
1730966910516,-0.00254,0,-0.00254,0,-0.00254,0,-0.00254,0
1730966910526,-0.00263,0,-0.00263,0,-0.00263,0,-0.00263,0
1730966910536,-0.00271,0,-0.00271,0,-0.00271,0,-0.00271,0
1730966910546,-0.0028,0,-0.0028,0,-0.0028,0,-0.0028,0
1730966910556,-0.00288,0,-0.00288,0,-0.00288,0,-0.00288,0
1730966910566,-0.00297,0,-0.00297,0,-0.00297,0,-0.00297,0
1730966910576,-0.00306,0,-0.00306,0,-0.00306,0,-0.00306,0
1730966910586,-0.00316,0,-0.00316,0,-0.00316,0,-0.00316,0
1730966910596,-0.00325,0,-0.00325,0,-0.00325,0,-0.00325,0
1730966910606,-0.00335,0,-0.00335,0,-0.00335,0,-0.00335,0
1730966910616,-0.00345,0,-0.00345,0,-0.00345,0,-0.00345,0
1730966910626,-0.00355,0,-0.00355,0,-0.00355,0,-0.00355,0
1730966910636,-0.00365,0,-0.00365,0,-0.00365,0,-0.00365,0
1730966910646,-0.00375,0,-0.00375,0,-0.00375,0,-0.00375,0
1730966910656,-0.00386,0,-0.00386,0,-0.00386,0,-0.00386,0
1730966910666,-0.00396,0,-0.00396,0,-0.00396,0,-0.00396,0
1730966910676,-0.00407,0,-0.00407,0,-0.00407,0,-0.00407,0
1730966910686,-0.00418,0,-0.00418,0,-0.00418,0,-0.00418,0
1730966910696,-0.0043,0,-0.0043,0,-0.0043,0,-0.0043,0
1730966910706,-0.00441,0,-0.00441,0,-0.00441,0,-0.00441,0
1730966910716,-0.00453,0,-0.00453,0,-0.00453,0,-0.00453,0
1730966910726,-0.00465,0,-0.00465,0,-0.00465,0,-0.00465,0
1730966910736,-0.00477,0,-0.00477,0,-0.00477,0,-0.00477,0
1730966910746,-0.00489,0,-0.00489,0,-0.00489,0,-0.00489,0
1730966910756,-0.00501,0,-0.00501,0,-0.00501,0,-0.00501,0
1730966910766,-0.00514,0,-0.00514,0,-0.00514,0,-0.00514,0
1730966910776,-0.00527,0,-0.00527,0,-0.00527,0,-0.00527,0
1730966910786,-0.0054,0,-0.0054,0,-0.0054,0,-0.0054,0
1730966910796,-0.00553,0,-0.00553,0,-0.00553,0,-0.00553,0
1730966910806,-0.00566,0,-0.00566,0,-0.00566,0,-0.00566,0
1730966910816,-0.0058,0,-0.0058,0,-0.0058,0,-0.0058,0
1730966910826,-0.00593,0,-0.00593,0,-0.00593,0,-0.00593,0
1730966910836,-0.00607,0,-0.00607,0,-0.00607,0,-0.00607,0
1730966910846,-0.00621,0,-0.00621,0,-0.00621,0,-0.00621,0
1730966910856,-0.00636,0,-0.00636,0,-0.00636,0,-0.00636,0
1730966910866,-0.0065,0,-0.0065,0,-0.0065,0,-0.0065,0
1730966910876,-0.00665,0,-0.00665,0,-0.00665,0,-0.00665,0
1730966910886,-0.0068,0,-0.0068,0,-0.0068,0,-0.0068,0
1730966910896,-0.00695,0,-0.00695,0,-0.00695,0,-0.00695,0
1730966910906,-0.00711,0,-0.00711,0,-0.00711,0,-0.00711,0
1730966910916,-0.00726,0,-0.00726,0,-0.00726,0,-0.00726,0
1730966910926,-0.00742,0,-0.00742,0,-0.00742,0,-0.00742,0
1730966910936,-0.00758,0,-0.00758,0,-0.00758,0,-0.00758,0
1730966910946,-0.00774,0,-0.00774,0,-0.00774,0,-0.00774,0
1730966910956,-0.0079,0,-0.0079,0,-0.0079,0,-0.0079,0
1730966910966,-0.00807,0,-0.00807,0,-0.00807,0,-0.00807,0
1730966910976,-0.00824,0,-0.00824,0,-0.00824,0,-0.00824,0
1730966910986,-0.00841,0,-0.00841,0,-0.00841,0,-0.00841,0
1730966910996,-0.00858,0,-0.00858,0,-0.00858,0,-0.00858,0
1730966911006,-0.00875,0,-0.00875,0,-0.00875,0,-0.00875,0
1730966911016,-0.00893,0,-0.00893,0,-0.00893,0,-0.00893,0
1730966911026,-0.00911,0,-0.00911,0,-0.00911,0,-0.00911,0
1730966911036,-0.00929,0,-0.00929,0,-0.00929,0,-0.00929,0
1730966911046,-0.00947,0,-0.00947,0,-0.00947,0,-0.00947,0
1730966911056,-0.00965,0,-0.00965,0,-0.00965,0,-0.00965,0
1730966911066,-0.00984,0,-0.00984,0,-0.00984,0,-0.00984,0
1730966911076,-0.01003,0,-0.01003,0,-0.01003,0,-0.01003,0
1730966911086,-0.01022,0,-0.01022,0,-0.01022,0,-0.01022,0
1730966911096,-0.01041,0,-0.01041,0,-0.01041,0,-0.01041,0
1730966911106,-0.01061,0,-0.01061,0,-0.01061,0,-0.01061,0
1730966911116,-0.01081,0,-0.01081,0,-0.01081,0,-0.01081,0
1730966911126,-0.01101,0,-0.01101,0,-0.01101,0,-0.01101,0
1730966911136,-0.01121,0,-0.01121,0,-0.01121,0,-0.01121,0
1730966911146,-0.01141,0,-0.01141,0,-0.01141,0,-0.01141,0
1730966911156,-0.01162,0,-0.01162,0,-0.01162,0,-0.01162,0
1730966911166,-0.01183,0,-0.01183,0,-0.01183,0,-0.01183,0
1730966911176,-0.01204,0,-0.01204,0,-0.01204,0,-0.01204,0
1730966911186,-0.01225,0,-0.01225,0,-0.01225,0,-0.01225,0
1730966911196,-0.01246,0,-0.01247,0,-0.01247,0,-0.01246,0
1730966911206,-0.01268,0,-0.01268,0,-0.01268,0,-0.01268,0
1730966911216,-0.0129,0,-0.0129,0,-0.0129,0,-0.0129,0
1730966911226,-0.01312,0,-0.01312,0,-0.01312,0,-0.01312,0
1730966911236,-0.01335,0,-0.01335,0,-0.01335,0,-0.01335,0
1730966911246,-0.01357,0,-0.01357,0,-0.01357,0,-0.01357,0
1730966911256,-0.0138,0,-0.0138,0,-0.0138,0,-0.0138,0
1730966911266,-0.01403,0,-0.01403,0,-0.01403,0,-0.01403,0
1730966911276,-0.01426,0,-0.01426,0,-0.01426,0,-0.01426,0
1730966911286,-0.0145,0,-0.0145,0,-0.0145,0,-0.0145,0
1730966911296,-0.01473,0,-0.01473,0,-0.01473,0,-0.01473,0
1730966911306,-0.01497,0,-0.01497,0,-0.01497,0,-0.01497,0
1730966911316,-0.01521,0,-0.01521,0,-0.01521,0,-0.01521,0
1730966911326,-0.01546,0,-0.01546,0,-0.01546,0,-0.01546,0
1730966911336,-0.0157,0,-0.0157,0,-0.0157,0,-0.0157,0
1730966911346,-0.01595,0,-0.01595,0,-0.01595,0,-0.01595,0
1730966911356,-0.0162,0,-0.0162,0,-0.0162,0,-0.0162,0
1730966911366,-0.01645,0,-0.01645,0,-0.01645,0,-0.01645,0
1730966911376,-0.01671,0,-0.01671,0,-0.01671,0,-0.01671,0
1730966911386,-0.01696,0,-0.01696,0,-0.01696,0,-0.01696,0
1730966911396,-0.01722,0,-0.01722,0,-0.01722,0,-0.01722,0
1730966911406,-0.01748,0,-0.01748,0,-0.01748,0,-0.01748,0
1730966911416,-0.01775,0,-0.01775,0,-0.01775,0,-0.01775,0
1730966911426,-0.01801,0,-0.01801,0,-0.01801,0,-0.01801,0
1730966911436,-0.01828,0,-0.01828,0,-0.01828,0,-0.01828,0
1730966911446,-0.01855,0,-0.01855,0,-0.01855,0,-0.01855,0
1730966911456,-0.01882,0,-0.01882,0,-0.01882,0,-0.01882,0
1730966911466,-0.0191,0,-0.0191,0,-0.0191,0,-0.0191,0
1730966911476,-0.01937,0,-0.01937,0,-0.01937,0,-0.01937,0
1730966911486,-0.01965,0,-0.01965,0,-0.01965,0,-0.01965,0
1730966911496,-0.01993,0,-0.01993,0,-0.01993,0,-0.01993,0
1730966911506,-0.02022,0,-0.02022,0,-0.02022,0,-0.02022,0
1730966911516,-0.0205,0,-0.0205,0,-0.0205,0,-0.0205,0
1730966911526,-0.02079,-1e-05,-0.02079,0,-0.02079,0,-0.02079,-1e-05
1730966911536,-0.02108,-1e-05,-0.02108,-1e-05,-0.02108,-1e-05,-0.02108,-1e-05
1730966911546,-0.02137,-1e-05,-0.02137,-1e-05,-0.02137,-1e-05,-0.02137,-1e-05
1730966911556,-0.02167,-1e-05,-0.02167,-1e-05,-0.02167,-1e-05,-0.02167,-1e-05
1730966911566,-0.02197,-1e-05,-0.02197,-1e-05,-0.02197,-1e-05,-0.02197,-1e-05
1730966911576,-0.02226,-1e-05,-0.02226,-1e-05,-0.02226,-1e-05,-0.02226,-1e-05
1730966911586,-0.02257,-1e-05,-0.02257,-1e-05,-0.02257,-1e-05,-0.02257,-1e-05
1730966911596,-0.02287,-1e-05,-0.02287,-1e-05,-0.02287,-1e-05,-0.02287,-1e-05
1730966911606,-0.02317,-1e-05,-0.02317,-1e-05,-0.02317,-1e-05,-0.02317,-1e-05
1730966911616,-0.02348,-1e-05,-0.02348,-1e-05,-0.02348,-1e-05,-0.02348,-1e-05
1730966911626,-0.02379,-1e-05,-0.02379,-1e-05,-0.02379,-1e-05,-0.02379,-1e-05
1730966911636,-0.0241,-1e-05,-0.0241,-1e-05,-0.0241,-1e-05,-0.0241,-1e-05
1730966911646,-0.02442,-1e-05,-0.02442,-1e-05,-0.02442,-1e-05,-0.02442,-1e-05
1730966911656,-0.02474,-1e-05,-0.02474,-1e-05,-0.02474,-1e-05,-0.02474,-1e-05
1730966911666,-0.02505,-1e-05,-0.02505,-1e-05,-0.02505,-1e-05,-0.02505,-1e-05
1730966911676,-0.02538,-1e-05,-0.02538,-1e-05,-0.02538,-1e-05,-0.02538,-1e-05
1730966911686,-0.0257,-1e-05,-0.0257,-1e-05,-0.0257,-1e-05,-0.0257,-1e-05
1730966911696,-0.02602,-1e-05,-0.02602,-1e-05,-0.02602,-1e-05,-0.02602,-1e-05
1730966911706,-0.02635,-1e-05,-0.02635,-1e-05,-0.02635,-1e-05,-0.02635,-1e-05
1730966911716,-0.02668,-1e-05,-0.02668,-1e-05,-0.02668,-1e-05,-0.02668,-1e-05
1730966911726,-0.02701,-1e-05,-0.02701,-1e-05,-0.02701,-1e-05,-0.02701,-1e-05
1730966911736,-0.02735,-1e-05,-0.02735,-1e-05,-0.02735,-1e-05,-0.02735,-1e-05
1730966911746,-0.02769,-1e-05,-0.02769,-1e-05,-0.02769,-1e-05,-0.02769,-1e-05
1730966911756,-0.02802,-1e-05,-0.02802,-1e-05,-0.02802,-1e-05,-0.02802,-1e-05
1730966911766,-0.02836,-1e-05,-0.02836,-1e-05,-0.02836,-1e-05,-0.02836,-1e-05
1730966911776,-0.02871,-1e-05,-0.02871,-1e-05,-0.02871,-1e-05,-0.02871,-1e-05
1730966911786,-0.02905,-1e-05,-0.02905,-1e-05,-0.02905,-1e-05,-0.02905,-1e-05
1730966911796,-0.0294,-1e-05,-0.0294,-1e-05,-0.0294,-1e-05,-0.0294,-1e-05
1730966911806,-0.02975,-1e-05,-0.02975,-1e-05,-0.02975,-1e-05,-0.02975,-1e-05
1730966911816,-0.0301,-1e-05,-0.0301,-1e-05,-0.0301,-1e-05,-0.0301,-1e-05
1730966911826,-0.03046,-1e-05,-0.03046,-1e-05,-0.03046,-1e-05,-0.03046,-1e-05
1730966911836,-0.03081,-1e-05,-0.03081,-1e-05,-0.03081,-1e-05,-0.03081,-1e-05
1730966911846,-0.03117,-1e-05,-0.03117,-1e-05,-0.03117,-1e-05,-0.03117,-1e-05
1730966911856,-0.03153,-1e-05,-0.03153,-1e-05,-0.03153,-1e-05,-0.03153,-1e-05
1730966911866,-0.03189,-1e-05,-0.03189,-1e-05,-0.03189,-1e-05,-0.03189,-1e-05
1730966911876,-0.03226,-1e-05,-0.03226,-1e-05,-0.03226,-1e-05,-0.03226,-1e-05
1730966911886,-0.03262,-1e-05,-0.03262,-1e-05,-0.03262,-1e-05,-0.03262,-1e-05
1730966911896,-0.03299,-1e-05,-0.03299,-1e-05,-0.03299,-1e-05,-0.03299,-1e-05
1730966911906,-0.03336,-1e-05,-0.03336,-1e-05,-0.03336,-1e-05,-0.03336,-1e-05
1730966911916,-0.03374,-1e-05,-0.03374,-1e-05,-0.03374,-1e-05,-0.03374,-1e-05
1730966911926,-0.03411,-1e-05,-0.03411,-1e-05,-0.03411,-1e-05,-0.03411,-1e-05
1730966911936,-0.03449,-1e-05,-0.03449,-1e-05,-0.03449,-1e-05,-0.03449,-1e-05
1730966911946,-0.03487,-1e-05,-0.03487,-1e-05,-0.03487,-1e-05,-0.03487,-1e-05
1730966911956,-0.03525,-1e-05,-0.03525,-1e-05,-0.03525,-1e-05,-0.03525,-1e-05
1730966911966,-0.03563,-1e-05,-0.03563,-1e-05,-0.03563,-1e-05,-0.03563,-1e-05
1730966911976,-0.03602,-1e-05,-0.03602,-1e-05,-0.03602,-1e-05,-0.03602,-1e-05
1730966911986,-0.03641,-1e-05,-0.03641,-1e-05,-0.03641,-1e-05,-0.03641,-1e-05
1730966911996,-0.0368,-1e-05,-0.0368,-1e-05,-0.0368,-1e-05,-0.0368,-1e-05
1730966912006,-0.03719,-1e-05,-0.03719,-1e-05,-0.03719,-1e-05,-0.03719,-1e-05
1730966912016,-0.03758,-1e-05,-0.03758,-1e-05,-0.03758,-1e-05,-0.03758,-1e-05
1730966912026,-0.03798,-1e-05,-0.03798,-1e-05,-0.03798,-1e-05,-0.03798,-1e-05
1730966912036,-0.03838,-1e-05,-0.03838,-1e-05,-0.03838,-1e-05,-0.03838,-1e-05
1730966912046,-0.03878,-1e-05,-0.03878,-1e-05,-0.03878,-1e-05,-0.03878,-1e-05
1730966912056,-0.03918,-1e-05,-0.03918,-1e-05,-0.03918,-1e-05,-0.03918,-1e-05
1730966912066,-0.03958,-1e-05,-0.03958,-1e-05,-0.03958,-1e-05,-0.03958,-1e-05
1730966912076,-0.03999,-1e-05,-0.03999,-1e-05,-0.03999,-1e-05,-0.03999,-1e-05
1730966912086,-0.0404,-1e-05,-0.0404,-1e-05,-0.0404,-1e-05,-0.0404,-1e-05
1730966912096,-0.04081,-1e-05,-0.04081,-1e-05,-0.04081,-1e-05,-0.04081,-1e-05
1730966912106,-0.04122,-1e-05,-0.04122,-1e-05,-0.04122,-1e-05,-0.04122,-1e-05
1730966912116,-0.04163,-1e-05,-0.04163,-1e-05,-0.04163,-1e-05,-0.04163,-1e-05
1730966912126,-0.04205,-1e-05,-0.04205,-1e-05,-0.04205,-1e-05,-0.04205,-1e-05
1730966912136,-0.04247,-1e-05,-0.04247,-1e-05,-0.04247,-1e-05,-0.04247,-1e-05
1730966912146,-0.04289,-1e-05,-0.04289,-1e-05,-0.04289,-1e-05,-0.04289,-1e-05
1730966912156,-0.04331,-1e-05,-0.04331,-1e-05,-0.04331,-1e-05,-0.04331,-1e-05
1730966912166,-0.04373,-1e-05,-0.04373,-1e-05,-0.04373,-1e-05,-0.04373,-1e-05
1730966912176,-0.04416,-1e-05,-0.04416,-1e-05,-0.04416,-1e-05,-0.04416,-1e-05
1730966912186,-0.04459,-1e-05,-0.04459,-1e-05,-0.04459,-1e-05,-0.04459,-1e-05
1730966912196,-0.04502,-1e-05,-0.04502,-1e-05,-0.04502,-1e-05,-0.04502,-1e-05
1730966912206,-0.04545,-1e-05,-0.04545,-1e-05,-0.04545,-1e-05,-0.04545,-1e-05
1730966912216,-0.04588,-1e-05,-0.04588,-1e-05,-0.04588,-1e-05,-0.04588,-1e-05
1730966912226,-0.04632,-1e-05,-0.04632,-1e-05,-0.04632,-1e-05,-0.04632,-1e-05
1730966912236,-0.04675,-1e-05,-0.04675,-1e-05,-0.04675,-1e-05,-0.04675,-1e-05
1730966912246,-0.04719,-1e-05,-0.04719,-1e-05,-0.04719,-1e-05,-0.04719,-1e-05
1730966912256,-0.04764,-1e-05,-0.04764,-1e-05,-0.04764,-1e-05,-0.04764,-1e-05
1730966912266,-0.04808,-1e-05,-0.04808,-1e-05,-0.04808,-1e-05,-0.04808,-1e-05
1730966912276,-0.04852,-1e-05,-0.04852,-1e-05,-0.04852,-1e-05,-0.04852,-1e-05
1730966912286,-0.04897,-1e-05,-0.04897,-1e-05,-0.04897,-1e-05,-0.04897,-1e-05
1730966912296,-0.04942,-1e-05,-0.04942,-1e-05,-0.04942,-1e-05,-0.04942,-1e-05
1730966912306,-0.04987,-1e-05,-0.04987,-1e-05,-0.04987,-1e-05,-0.04987,-1e-05
1730966912316,-0.05032,-1e-05,-0.05032,-1e-05,-0.05032,-1e-05,-0.05032,-1e-05
1730966912326,-0.05078,-1e-05,-0.05078,-1e-05,-0.05078,-1e-05,-0.05078,-1e-05
1730966912336,-0.05123,-1e-05,-0.05123,-1e-05,-0.05123,-1e-05,-0.05123,-1e-05
1730966912346,-0.05169,-1e-05,-0.05169,-1e-05,-0.05169,-1e-05,-0.05169,-1e-05
1730966912356,-0.05215,-1e-05,-0.05215,-1e-05,-0.05215,-1e-05,-0.05215,-1e-05
1730966912366,-0.05261,-1e-05,-0.05261,-1e-05,-0.05261,-1e-05,-0.05261,-1e-05
1730966912376,-0.05308,-1e-05,-0.05308,-1e-05,-0.05308,-1e-05,-0.05308,-1e-05
1730966912386,-0.05354,-1e-05,-0.05354,-1e-05,-0.05354,-1e-05,-0.05354,-1e-05
1730966912396,-0.05401,-1e-05,-0.05401,-1e-05,-0.05401,-1e-05,-0.05401,-1e-05
1730966912406,-0.05448,-1e-05,-0.05448,-1e-05,-0.05448,-1e-05,-0.05448,-1e-05
1730966912416,-0.05495,-1e-05,-0.05495,-1e-05,-0.05495,-1e-05,-0.05495,-1e-05
1730966912426,-0.05542,-1e-05,-0.05542,-1e-05,-0.05542,-1e-05,-0.05542,-1e-05
1730966912436,-0.05589,-1e-05,-0.05589,-1e-05,-0.05589,-1e-05,-0.05589,-1e-05
1730966912446,-0.05637,-1e-05,-0.05637,-1e-05,-0.05637,-1e-05,-0.05637,-1e-05
1730966912456,-0.05684,-1e-05,-0.05684,-1e-05,-0.05684,-1e-05,-0.05684,-1e-05
1730966912466,-0.05732,-1e-05,-0.05732,-1e-05,-0.05732,-1e-05,-0.05732,-1e-05
1730966912476,-0.0578,-1e-05,-0.0578,-1e-05,-0.0578,-1e-05,-0.0578,-1e-05
1730966912486,-0.05829,-1e-05,-0.05829,-1e-05,-0.05829,-1e-05,-0.05829,-1e-05
1730966912496,-0.05877,-1e-05,-0.05877,-1e-05,-0.05877,-1e-05,-0.05877,-1e-05
1730966912506,-0.05926,-1e-05,-0.05926,-1e-05,-0.05926,-1e-05,-0.05926,-1e-05
1730966912516,-0.05974,-1e-05,-0.05974,-1e-05,-0.05974,-1e-05,-0.05974,-1e-05
1730966912526,-0.06023,-1e-05,-0.06023,-1e-05,-0.06023,-1e-05,-0.06023,-1e-05
1730966912536,-0.06072,-1e-05,-0.06072,-1e-05,-0.06072,-1e-05,-0.06072,-1e-05
1730966912546,-0.06121,-1e-05,-0.06121,-1e-05,-0.06121,-1e-05,-0.06121,-1e-05
1730966912556,-0.06171,-1e-05,-0.06171,-1e-05,-0.06171,-1e-05,-0.06171,-1e-05
1730966912566,-0.0622,-1e-05,-0.0622,-1e-05,-0.0622,-1e-05,-0.0622,-1e-05
1730966912576,-0.0627,-1e-05,-0.0627,-1e-05,-0.0627,-1e-05,-0.0627,-1e-05
1730966912586,-0.0632,-1e-05,-0.0632,-1e-05,-0.0632,-1e-05,-0.0632,-1e-05
1730966912596,-0.0637,-1e-05,-0.0637,-1e-05,-0.0637,-1e-05,-0.0637,-1e-05
1730966912606,-0.0642,-1e-05,-0.0642,-1e-05,-0.0642,-1e-05,-0.0642,-1e-05
1730966912616,-0.0647,-1e-05,-0.0647,-1e-05,-0.0647,-1e-05,-0.0647,-1e-05
1730966912626,-0.06521,-2e-05,-0.06521,-1e-05,-0.06521,-1e-05,-0.06521,-2e-05
1730966912636,-0.06571,-2e-05,-0.06571,-2e-05,-0.06571,-2e-05,-0.06571,-2e-05
1730966912646,-0.06622,-2e-05,-0.06622,-2e-05,-0.06622,-2e-05,-0.06622,-2e-05
1730966912656,-0.06673,-2e-05,-0.06673,-2e-05,-0.06673,-2e-05,-0.06673,-2e-05
1730966912666,-0.06724,-2e-05,-0.06724,-2e-05,-0.06724,-2e-05,-0.06724,-2e-05
1730966912676,-0.06775,-2e-05,-0.06775,-2e-05,-0.06775,-2e-05,-0.06775,-2e-05
1730966912686,-0.06827,-2e-05,-0.06827,-2e-05,-0.06827,-2e-05,-0.06827,-2e-05
1730966912696,-0.06878,-2e-05,-0.06878,-2e-05,-0.06878,-2e-05,-0.06878,-2e-05
1730966912706,-0.0693,-2e-05,-0.0693,-2e-05,-0.0693,-2e-05,-0.0693,-2e-05
1730966912716,-0.06982,-2e-05,-0.06982,-2e-05,-0.06982,-2e-05,-0.06982,-2e-05
1730966912726,-0.07034,-2e-05,-0.07034,-2e-05,-0.07034,-2e-05,-0.07034,-2e-05
1730966912736,-0.07086,-2e-05,-0.07086,-2e-05,-0.07086,-2e-05,-0.07086,-2e-05
1730966912746,-0.07138,-2e-05,-0.07138,-2e-05,-0.07138,-2e-05,-0.07138,-2e-05
1730966912756,-0.0719,-2e-05,-0.0719,-2e-05,-0.0719,-2e-05,-0.0719,-2e-05
1730966912766,-0.07243,-2e-05,-0.07243,-2e-05,-0.07243,-2e-05,-0.07243,-2e-05
1730966912776,-0.07295,-2e-05,-0.07295,-2e-05,-0.07295,-2e-05,-0.07295,-2e-05
1730966912786,-0.07348,-2e-05,-0.07348,-2e-05,-0.07348,-2e-05,-0.07348,-2e-05
1730966912796,-0.07401,-2e-05,-0.07401,-2e-05,-0.07401,-2e-05,-0.07401,-2e-05
1730966912806,-0.07454,-2e-05,-0.07454,-2e-05,-0.07454,-2e-05,-0.07454,-2e-05
1730966912816,-0.07507,-2e-05,-0.07507,-2e-05,-0.07507,-2e-05,-0.07507,-2e-05
1730966912826,-0.0756,-2e-05,-0.0756,-2e-05,-0.0756,-2e-05,-0.0756,-2e-05
1730966912836,-0.07614,-2e-05,-0.07614,-2e-05,-0.07614,-2e-05,-0.07614,-2e-05
1730966912846,-0.07667,-2e-05,-0.07667,-2e-05,-0.07667,-2e-05,-0.07667,-2e-05
1730966912856,-0.07721,-2e-05,-0.07721,-2e-05,-0.07721,-2e-05,-0.07721,-2e-05
1730966912866,-0.07774,-2e-05,-0.07774,-2e-05,-0.07774,-2e-05,-0.07774,-2e-05
1730966912876,-0.07828,-2e-05,-0.07828,-2e-05,-0.07828,-2e-05,-0.07828,-2e-05
1730966912886,-0.07882,-2e-05,-0.07882,-2e-05,-0.07882,-2e-05,-0.07882,-2e-05
1730966912896,-0.07936,-2e-05,-0.07936,-2e-05,-0.07936,-2e-05,-0.07936,-2e-05
1730966912906,-0.07991,-2e-05,-0.07991,-2e-05,-0.07991,-2e-05,-0.07991,-2e-05
1730966912916,-0.08045,-2e-05,-0.08045,-2e-05,-0.08045,-2e-05,-0.08045,-2e-05
1730966912926,-0.081,-2e-05,-0.081,-2e-05,-0.081,-2e-05,-0.081,-2e-05
1730966912936,-0.08154,-2e-05,-0.08154,-2e-05,-0.08154,-2e-05,-0.08154,-2e-05
1730966912946,-0.08209,-2e-05,-0.08209,-2e-05,-0.08209,-2e-05,-0.08209,-2e-05
1730966912956,-0.08264,-2e-05,-0.08264,-2e-05,-0.08264,-2e-05,-0.08264,-2e-05
1730966912966,-0.08319,-2e-05,-0.08319,-2e-05,-0.08319,-2e-05,-0.08319,-2e-05
1730966912976,-0.08374,-2e-05,-0.08374,-2e-05,-0.08374,-2e-05,-0.08374,-2e-05
1730966912986,-0.08429,-2e-05,-0.08429,-2e-05,-0.08429,-2e-05,-0.08429,-2e-05
1730966912996,-0.08484,-2e-05,-0.08484,-2e-05,-0.08484,-2e-05,-0.08484,-2e-05
1730966913006,-0.08539,-2e-05,-0.08539,-2e-05,-0.08539,-2e-05,-0.08539,-2e-05
1730966913016,-0.08595,-2e-05,-0.08595,-2e-05,-0.08595,-2e-05,-0.08595,-2e-05
1730966913026,-0.0865,-2e-05,-0.0865,-2e-05,-0.0865,-2e-05,-0.0865,-2e-05
1730966913036,-0.08706,-2e-05,-0.08706,-2e-05,-0.08706,-2e-05,-0.08706,-2e-05
1730966913046,-0.08762,-2e-05,-0.08762,-2e-05,-0.08762,-2e-05,-0.08762,-2e-05
1730966913056,-0.08818,-2e-05,-0.08818,-2e-05,-0.08818,-2e-05,-0.08818,-2e-05
1730966913066,-0.08874,-2e-05,-0.08874,-2e-05,-0.08874,-2e-05,-0.08874,-2e-05
1730966913076,-0.0893,-2e-05,-0.0893,-2e-05,-0.0893,-2e-05,-0.0893,-2e-05
1730966913086,-0.08986,-2e-05,-0.08986,-2e-05,-0.08986,-2e-05,-0.08986,-2e-05
1730966913096,-0.09042,-2e-05,-0.09042,-2e-05,-0.09042,-2e-05,-0.09042,-2e-05
1730966913106,-0.09098,-2e-05,-0.09098,-2e-05,-0.09098,-2e-05,-0.09098,-2e-05
1730966913116,-0.09155,-2e-05,-0.09155,-2e-05,-0.09155,-2e-05,-0.09155,-2e-05
1730966913126,-0.09211,-2e-05,-0.09211,-2e-05,-0.09211,-2e-05,-0.09211,-2e-05
1730966913136,-0.09268,-2e-05,-0.09268,-2e-05,-0.09268,-2e-05,-0.09268,-2e-05
1730966913146,-0.09324,-2e-05,-0.09324,-2e-05,-0.09324,-2e-05,-0.09324,-2e-05
1730966913156,-0.09381,-2e-05,-0.09381,-2e-05,-0.09381,-2e-05,-0.09381,-2e-05
1730966913166,-0.09438,-2e-05,-0.09438,-2e-05,-0.09438,-2e-05,-0.09438,-2e-05
1730966913176,-0.09495,-2e-05,-0.09495,-2e-05,-0.09495,-2e-05,-0.09495,-2e-05
1730966913186,-0.09552,-2e-05,-0.09552,-2e-05,-0.09552,-2e-05,-0.09552,-2e-05
1730966913196,-0.09609,-2e-05,-0.09609,-2e-05,-0.09609,-2e-05,-0.09609,-2e-05
1730966913206,-0.09666,-2e-05,-0.09666,-2e-05,-0.09666,-2e-05,-0.09666,-2e-05
1730966913216,-0.09723,-2e-05,-0.09723,-2e-05,-0.09723,-2e-05,-0.09723,-2e-05
1730966913226,-0.09781,-2e-05,-0.09781,-2e-05,-0.09781,-2e-05,-0.09781,-2e-05
1730966913236,-0.09838,-2e-05,-0.09838,-2e-05,-0.09838,-2e-05,-0.09838,-2e-05
1730966913246,-0.09896,-2e-05,-0.09896,-2e-05,-0.09896,-2e-05,-0.09896,-2e-05
1730966913256,-0.09953,-2e-05,-0.09953,-2e-05,-0.09953,-2e-05,-0.09953,-2e-05
1730966913266,-0.10011,-2e-05,-0.10011,-2e-05,-0.10011,-2e-05,-0.10011,-2e-05
1730966913276,-0.10068,-2e-05,-0.10068,-2e-05,-0.10068,-2e-05,-0.10068,-2e-05
1730966913286,-0.10126,-2e-05,-0.10126,-2e-05,-0.10126,-2e-05,-0.10126,-2e-05
1730966913296,-0.10184,-2e-05,-0.10184,-2e-05,-0.10184,-2e-05,-0.10184,-2e-05
1730966913306,-0.10242,-2e-05,-0.10242,-2e-05,-0.10242,-2e-05,-0.10242,-2e-05
1730966913316,-0.103,-2e-05,-0.103,-2e-05,-0.103,-2e-05,-0.103,-2e-05
1730966913326,-0.10358,-2e-05,-0.10358,-2e-05,-0.10358,-2e-05,-0.10358,-2e-05
1730966913336,-0.10416,-2e-05,-0.10416,-2e-05,-0.10416,-2e-05,-0.10416,-2e-05
1730966913346,-0.10474,-2e-05,-0.10474,-2e-05,-0.10474,-2e-05,-0.10474,-2e-05
1730966913356,-0.10532,-2e-05,-0.10532,-2e-05,-0.10532,-2e-05,-0.10532,-2e-05
1730966913366,-0.1059,-2e-05,-0.1059,-2e-05,-0.1059,-2e-05,-0.1059,-2e-05
1730966913376,-0.10648,-2e-05,-0.10648,-2e-05,-0.10648,-2e-05,-0.10648,-2e-05
1730966913386,-0.10707,-2e-05,-0.10707,-2e-05,-0.10707,-2e-05,-0.10707,-2e-05
1730966913396,-0.10765,-2e-05,-0.10765,-2e-05,-0.10765,-2e-05,-0.10765,-2e-05
1730966913406,-0.10823,-2e-05,-0.10823,-2e-05,-0.10823,-2e-05,-0.10823,-2e-05
1730966913416,-0.10882,-2e-05,-0.10882,-2e-05,-0.10882,-2e-05,-0.10882,-2e-05
1730966913426,-0.1094,-2e-05,-0.1094,-2e-05,-0.1094,-2e-05,-0.1094,-2e-05
1730966913436,-0.10999,-3e-05,-0.10999,-2e-05,-0.10999,-2e-05,-0.10999,-3e-05
1730966913446,-0.11057,-3e-05,-0.11057,-2e-05,-0.11057,-2e-05,-0.11057,-3e-05
1730966913456,-0.11116,-3e-05,-0.11116,-3e-05,-0.11116,-3e-05,-0.11116,-3e-05
1730966913466,-0.11175,-3e-05,-0.11175,-3e-05,-0.11175,-3e-05,-0.11175,-3e-05
1730966913476,-0.11233,-3e-05,-0.11233,-3e-05,-0.11233,-3e-05,-0.11233,-3e-05
1730966913486,-0.11292,-3e-05,-0.11292,-3e-05,-0.11292,-3e-05,-0.11292,-3e-05
1730966913496,-0.11351,-3e-05,-0.11351,-3e-05,-0.11351,-3e-05,-0.11351,-3e-05
1730966913506,-0.1141,-3e-05,-0.1141,-3e-05,-0.1141,-3e-05,-0.1141,-3e-05
1730966913516,-0.11468,-3e-05,-0.11468,-3e-05,-0.11468,-3e-05,-0.11468,-3e-05
1730966913526,-0.11527,-3e-05,-0.11527,-3e-05,-0.11527,-3e-05,-0.11527,-3e-05
1730966913536,-0.11586,-3e-05,-0.11586,-3e-05,-0.11586,-3e-05,-0.11586,-3e-05
1730966913546,-0.11645,-3e-05,-0.11645,-3e-05,-0.11645,-3e-05,-0.11645,-3e-05
1730966913556,-0.11704,-3e-05,-0.11704,-3e-05,-0.11704,-3e-05,-0.11704,-3e-05
1730966913566,-0.11763,-3e-05,-0.11763,-3e-05,-0.11763,-3e-05,-0.11763,-3e-05
1730966913576,-0.11822,-3e-05,-0.11822,-3e-05,-0.11822,-3e-05,-0.11822,-3e-05
1730966913586,-0.11881,-3e-05,-0.11881,-3e-05,-0.11881,-3e-05,-0.11881,-3e-05
1730966913596,-0.1194,-3e-05,-0.1194,-3e-05,-0.1194,-3e-05,-0.1194,-3e-05
1730966913606,-0.11999,-3e-05,-0.11999,-3e-05,-0.11999,-3e-05,-0.11999,-3e-05
1730966913616,-0.12058,-3e-05,-0.12058,-3e-05,-0.12058,-3e-05,-0.12058,-3e-05
1730966913626,-0.12117,-3e-05,-0.12117,-3e-05,-0.12117,-3e-05,-0.12117,-3e-05
1730966913636,-0.12176,-3e-05,-0.12176,-3e-05,-0.12176,-3e-05,-0.12176,-3e-05
1730966913646,-0.12235,-3e-05,-0.12235,-3e-05,-0.12235,-3e-05,-0.12235,-3e-05
1730966913656,-0.12294,-3e-05,-0.12294,-3e-05,-0.12294,-3e-05,-0.12294,-3e-05
1730966913666,-0.12353,-3e-05,-0.12353,-3e-05,-0.12353,-3e-05,-0.12353,-3e-05
1730966913676,-0.12412,-3e-05,-0.12412,-3e-05,-0.12412,-3e-05,-0.12412,-3e-05
1730966913686,-0.12472,-3e-05,-0.12472,-3e-05,-0.12472,-3e-05,-0.12472,-3e-05
1730966913696,-0.12531,-3e-05,-0.12531,-3e-05,-0.12531,-3e-05,-0.12531,-3e-05
1730966913706,-0.1259,-3e-05,-0.1259,-3e-05,-0.1259,-3e-05,-0.1259,-3e-05
1730966913716,-0.12649,-3e-05,-0.12649,-3e-05,-0.12649,-3e-05,-0.12649,-3e-05
1730966913726,-0.12708,-3e-05,-0.12708,-3e-05,-0.12708,-3e-05,-0.12708,-3e-05
1730966913736,-0.12767,-3e-05,-0.12767,-3e-05,-0.12767,-3e-05,-0.12767,-3e-05
1730966913746,-0.12826,-3e-05,-0.12826,-3e-05,-0.12826,-3e-05,-0.12826,-3e-05
1730966913756,-0.12885,-3e-05,-0.12885,-3e-05,-0.12885,-3e-05,-0.12885,-3e-05
1730966913766,-0.12945,-3e-05,-0.12945,-3e-05,-0.12945,-3e-05,-0.12945,-3e-05
1730966913776,-0.13004,-3e-05,-0.13004,-3e-05,-0.13004,-3e-05,-0.13004,-3e-05
1730966913786,-0.13063,-3e-05,-0.13063,-3e-05,-0.13063,-3e-05,-0.13063,-3e-05
1730966913796,-0.13122,-3e-05,-0.13122,-3e-05,-0.13122,-3e-05,-0.13122,-3e-05
1730966913806,-0.13181,-3e-05,-0.13181,-3e-05,-0.13181,-3e-05,-0.13181,-3e-05
1730966913816,-0.1324,-3e-05,-0.1324,-3e-05,-0.1324,-3e-05,-0.1324,-3e-05
1730966913826,-0.13299,-3e-05,-0.13299,-3e-05,-0.13299,-3e-05,-0.13299,-3e-05
1730966913836,-0.13358,-3e-05,-0.13358,-3e-05,-0.13358,-3e-05,-0.13358,-3e-05
1730966913846,-0.13417,-3e-05,-0.13417,-3e-05,-0.13417,-3e-05,-0.13417,-3e-05
1730966913856,-0.13476,-3e-05,-0.13476,-3e-05,-0.13476,-3e-05,-0.13476,-3e-05
1730966913866,-0.13535,-3e-05,-0.13535,-3e-05,-0.13535,-3e-05,-0.13535,-3e-05
1730966913876,-0.13594,-3e-05,-0.13594,-3e-05,-0.13594,-3e-05,-0.13594,-3e-05
1730966913886,-0.13653,-3e-05,-0.13653,-3e-05,-0.13653,-3e-05,-0.13653,-3e-05
1730966913896,-0.13712,-3e-05,-0.13712,-3e-05,-0.13712,-3e-05,-0.13712,-3e-05
1730966913906,-0.13771,-3e-05,-0.13771,-3e-05,-0.13771,-3e-05,-0.13771,-3e-05
1730966913916,-0.13829,-3e-05,-0.1383,-3e-05,-0.1383,-3e-05,-0.13829,-3e-05
1730966913926,-0.13888,-3e-05,-0.13888,-3e-05,-0.13888,-3e-05,-0.13888,-3e-05
1730966913936,-0.13947,-3e-05,-0.13947,-3e-05,-0.13947,-3e-05,-0.13947,-3e-05
1730966913946,-0.14006,-3e-05,-0.14006,-3e-05,-0.14006,-3e-05,-0.14006,-3e-05
1730966913956,-0.14065,-3e-05,-0.14065,-3e-05,-0.14065,-3e-05,-0.14065,-3e-05
1730966913966,-0.14123,-3e-05,-0.14123,-3e-05,-0.14123,-3e-05,-0.14123,-3e-05
1730966913976,-0.14182,-3e-05,-0.14182,-3e-05,-0.14182,-3e-05,-0.14182,-3e-05
1730966913986,-0.1424,-3e-05,-0.1424,-3e-05,-0.1424,-3e-05,-0.1424,-3e-05
1730966913996,-0.14299,-3e-05,-0.14299,-3e-05,-0.14299,-3e-05,-0.14299,-3e-05
1730966914006,-0.14358,-3e-05,-0.14358,-3e-05,-0.14358,-3e-05,-0.14358,-3e-05
1730966914016,-0.14416,-3e-05,-0.14416,-3e-05,-0.14416,-3e-05,-0.14416,-3e-05
1730966914026,-0.14474,-3e-05,-0.14474,-3e-05,-0.14474,-3e-05,-0.14474,-3e-05
1730966914036,-0.14533,-3e-05,-0.14533,-3e-05,-0.14533,-3e-05,-0.14533,-3e-05
1730966914046,-0.14591,-3e-05,-0.14591,-3e-05,-0.14591,-3e-05,-0.14591,-3e-05
1730966914056,-0.14649,-3e-05,-0.14649,-3e-05,-0.14649,-3e-05,-0.14649,-3e-05
1730966914066,-0.14708,-4e-05,-0.14708,-3e-05,-0.14708,-3e-05,-0.14708,-4e-05
1730966914076,-0.14766,-4e-05,-0.14766,-4e-05,-0.14766,-4e-05,-0.14766,-4e-05
1730966914086,-0.14824,-4e-05,-0.14824,-4e-05,-0.14824,-4e-05,-0.14824,-4e-05
1730966914096,-0.14882,-4e-05,-0.14882,-4e-05,-0.14882,-4e-05,-0.14882,-4e-05
1730966914106,-0.1494,-4e-05,-0.1494,-4e-05,-0.1494,-4e-05,-0.1494,-4e-05
1730966914116,-0.14998,-4e-05,-0.14998,-4e-05,-0.14998,-4e-05,-0.14998,-4e-05
1730966914126,-0.15056,-4e-05,-0.15056,-4e-05,-0.15056,-4e-05,-0.15056,-4e-05
1730966914136,-0.15114,-4e-05,-0.15114,-4e-05,-0.15114,-4e-05,-0.15114,-4e-05
1730966914146,-0.15172,-4e-05,-0.15172,-4e-05,-0.15172,-4e-05,-0.15172,-4e-05
1730966914156,-0.15229,-4e-05,-0.15229,-4e-05,-0.15229,-4e-05,-0.15229,-4e-05
1730966914166,-0.15287,-4e-05,-0.15287,-4e-05,-0.15287,-4e-05,-0.15287,-4e-05
1730966914176,-0.15345,-4e-05,-0.15345,-4e-05,-0.15345,-4e-05,-0.15345,-4e-05
1730966914186,-0.15402,-4e-05,-0.15402,-4e-05,-0.15402,-4e-05,-0.15402,-4e-05
1730966914196,-0.1546,-4e-05,-0.1546,-4e-05,-0.1546,-4e-05,-0.1546,-4e-05
1730966914206,-0.15517,-4e-05,-0.15517,-4e-05,-0.15517,-4e-05,-0.15517,-4e-05
1730966914216,-0.15574,-4e-05,-0.15574,-4e-05,-0.15574,-4e-05,-0.15574,-4e-05
1730966914226,-0.15631,-4e-05,-0.15631,-4e-05,-0.15631,-4e-05,-0.15631,-4e-05
1730966914236,-0.15689,-4e-05,-0.15689,-4e-05,-0.15689,-4e-05,-0.15689,-4e-05
1730966914246,-0.15746,-4e-05,-0.15746,-4e-05,-0.15746,-4e-05,-0.15746,-4e-05
1730966914256,-0.15803,-4e-05,-0.15803,-4e-05,-0.15803,-4e-05,-0.15803,-4e-05
1730966914266,-0.1586,-4e-05,-0.1586,-4e-05,-0.1586,-4e-05,-0.1586,-4e-05
1730966914276,-0.15917,-4e-05,-0.15917,-4e-05,-0.15917,-4e-05,-0.15917,-4e-05
1730966914286,-0.15973,-4e-05,-0.15973,-4e-05,-0.15973,-4e-05,-0.15973,-4e-05
1730966914296,-0.1603,-4e-05,-0.1603,-4e-05,-0.1603,-4e-05,-0.1603,-4e-05
1730966914306,-0.16087,-4e-05,-0.16087,-4e-05,-0.16087,-4e-05,-0.16087,-4e-05
1730966914316,-0.16143,-4e-05,-0.16143,-4e-05,-0.16143,-4e-05,-0.16143,-4e-05
1730966914326,-0.162,-4e-05,-0.162,-4e-05,-0.162,-4e-05,-0.162,-4e-05
1730966914336,-0.16256,-4e-05,-0.16256,-4e-05,-0.16256,-4e-05,-0.16256,-4e-05
1730966914346,-0.16312,-4e-05,-0.16312,-4e-05,-0.16312,-4e-05,-0.16312,-4e-05
1730966914356,-0.16368,-4e-05,-0.16368,-4e-05,-0.16368,-4e-05,-0.16368,-4e-05
1730966914366,-0.16424,-4e-05,-0.16424,-4e-05,-0.16424,-4e-05,-0.16424,-4e-05
1730966914376,-0.1648,-4e-05,-0.1648,-4e-05,-0.1648,-4e-05,-0.1648,-4e-05
1730966914386,-0.16536,-4e-05,-0.16536,-4e-05,-0.16536,-4e-05,-0.16536,-4e-05
1730966914396,-0.16592,-4e-05,-0.16592,-4e-05,-0.16592,-4e-05,-0.16592,-4e-05
1730966914406,-0.16648,-4e-05,-0.16648,-4e-05,-0.16648,-4e-05,-0.16648,-4e-05
1730966914416,-0.16703,-4e-05,-0.16703,-4e-05,-0.16703,-4e-05,-0.16703,-4e-05
1730966914426,-0.16759,-4e-05,-0.16759,-4e-05,-0.16759,-4e-05,-0.16759,-4e-05
1730966914436,-0.16814,-4e-05,-0.16814,-4e-05,-0.16814,-4e-05,-0.16814,-4e-05
1730966914446,-0.1687,-4e-05,-0.1687,-4e-05,-0.1687,-4e-05,-0.1687,-4e-05
1730966914456,-0.16925,-4e-05,-0.16925,-4e-05,-0.16925,-4e-05,-0.16925,-4e-05
1730966914466,-0.1698,-4e-05,-0.1698,-4e-05,-0.1698,-4e-05,-0.1698,-4e-05
1730966914476,-0.17035,-4e-05,-0.17035,-4e-05,-0.17035,-4e-05,-0.17035,-4e-05
1730966914486,-0.1709,-4e-05,-0.1709,-4e-05,-0.1709,-4e-05,-0.1709,-4e-05
1730966914496,-0.17145,-4e-05,-0.17145,-4e-05,-0.17145,-4e-05,-0.17145,-4e-05
1730966914506,-0.17199,-4e-05,-0.17199,-4e-05,-0.17199,-4e-05,-0.17199,-4e-05
1730966914516,-0.17254,-4e-05,-0.17254,-4e-05,-0.17254,-4e-05,-0.17254,-4e-05
1730966914526,-0.17308,-4e-05,-0.17308,-4e-05,-0.17308,-4e-05,-0.17308,-4e-05
1730966914536,-0.17363,-4e-05,-0.17363,-4e-05,-0.17363,-4e-05,-0.17363,-4e-05
1730966914546,-0.17417,-4e-05,-0.17417,-4e-05,-0.17417,-4e-05,-0.17417,-4e-05
1730966914556,-0.17471,-4e-05,-0.17471,-4e-05,-0.17471,-4e-05,-0.17471,-4e-05
1730966914566,-0.17525,-4e-05,-0.17525,-4e-05,-0.17525,-4e-05,-0.17525,-4e-05
1730966914576,-0.17579,-4e-05,-0.17579,-4e-05,-0.17579,-4e-05,-0.17579,-4e-05
1730966914586,-0.17633,-4e-05,-0.17633,-4e-05,-0.17633,-4e-05,-0.17633,-4e-05
1730966914596,-0.17686,-4e-05,-0.17686,-4e-05,-0.17686,-4e-05,-0.17686,-4e-05
1730966914606,-0.1774,-4e-05,-0.1774,-4e-05,-0.1774,-4e-05,-0.1774,-4e-05
1730966914616,-0.17793,-4e-05,-0.17793,-4e-05,-0.17793,-4e-05,-0.17793,-4e-05
1730966914626,-0.17846,-4e-05,-0.17847,-4e-05,-0.17847,-4e-05,-0.17846,-4e-05
1730966914636,-0.179,-4e-05,-0.179,-4e-05,-0.179,-4e-05,-0.179,-4e-05
1730966914646,-0.17953,-4e-05,-0.17953,-4e-05,-0.17953,-4e-05,-0.17953,-4e-05
1730966914656,-0.18006,-4e-05,-0.18006,-4e-05,-0.18006,-4e-05,-0.18006,-4e-05
1730966914666,-0.18058,-5e-05,-0.18058,-4e-05,-0.18058,-4e-05,-0.18058,-5e-05
1730966914676,-0.18111,-5e-05,-0.18111,-4e-05,-0.18111,-4e-05,-0.18111,-5e-05
1730966914686,-0.18164,-5e-05,-0.18164,-4e-05,-0.18164,-4e-05,-0.18164,-5e-05
1730966914696,-0.18216,-5e-05,-0.18216,-5e-05,-0.18216,-5e-05,-0.18216,-5e-05
1730966914706,-0.18268,-5e-05,-0.18268,-5e-05,-0.18268,-5e-05,-0.18268,-5e-05
1730966914716,-0.1832,-5e-05,-0.1832,-5e-05,-0.1832,-5e-05,-0.1832,-5e-05
1730966914726,-0.18372,-5e-05,-0.18372,-5e-05,-0.18372,-5e-05,-0.18372,-5e-05
1730966914736,-0.18424,-5e-05,-0.18424,-5e-05,-0.18424,-5e-05,-0.18424,-5e-05
1730966914746,-0.18476,-5e-05,-0.18476,-5e-05,-0.18476,-5e-05,-0.18476,-5e-05
1730966914756,-0.18528,-5e-05,-0.18528,-5e-05,-0.18528,-5e-05,-0.18528,-5e-05
1730966914766,-0.18579,-5e-05,-0.18579,-5e-05,-0.18579,-5e-05,-0.18579,-5e-05
1730966914776,-0.1863,-5e-05,-0.1863,-5e-05,-0.1863,-5e-05,-0.1863,-5e-05
1730966914786,-0.18681,-5e-05,-0.18681,-5e-05,-0.18681,-5e-05,-0.18681,-5e-05
1730966914796,-0.18733,-5e-05,-0.18733,-5e-05,-0.18733,-5e-05,-0.18733,-5e-05
1730966914806,-0.18783,-5e-05,-0.18783,-5e-05,-0.18783,-5e-05,-0.18783,-5e-05
1730966914816,-0.18834,-5e-05,-0.18834,-5e-05,-0.18834,-5e-05,-0.18834,-5e-05
1730966914826,-0.18885,-5e-05,-0.18885,-5e-05,-0.18885,-5e-05,-0.18885,-5e-05
1730966914836,-0.18935,-5e-05,-0.18935,-5e-05,-0.18935,-5e-05,-0.18935,-5e-05
1730966914846,-0.18986,-5e-05,-0.18986,-5e-05,-0.18986,-5e-05,-0.18986,-5e-05
1730966914856,-0.19036,-5e-05,-0.19036,-5e-05,-0.19036,-5e-05,-0.19036,-5e-05
1730966914866,-0.19086,-5e-05,-0.19086,-5e-05,-0.19086,-5e-05,-0.19086,-5e-05
1730966914876,-0.19136,-5e-05,-0.19136,-5e-05,-0.19136,-5e-05,-0.19136,-5e-05
1730966914886,-0.19185,-5e-05,-0.19185,-5e-05,-0.19185,-5e-05,-0.19185,-5e-05
1730966914896,-0.19235,-5e-05,-0.19235,-5e-05,-0.19235,-5e-05,-0.19235,-5e-05
1730966914906,-0.19284,-5e-05,-0.19284,-5e-05,-0.19284,-5e-05,-0.19284,-5e-05
1730966914916,-0.19334,-5e-05,-0.19334,-5e-05,-0.19334,-5e-05,-0.19334,-5e-05
1730966914926,-0.19383,-5e-05,-0.19383,-5e-05,-0.19383,-5e-05,-0.19383,-5e-05
1730966914936,-0.19432,-5e-05,-0.19432,-5e-05,-0.19432,-5e-05,-0.19432,-5e-05
1730966914946,-0.19481,-5e-05,-0.19481,-5e-05,-0.19481,-5e-05,-0.19481,-5e-05
1730966914956,-0.19529,-5e-05,-0.19529,-5e-05,-0.19529,-5e-05,-0.19529,-5e-05
1730966914966,-0.19578,-5e-05,-0.19578,-5e-05,-0.19578,-5e-05,-0.19578,-5e-05
1730966914976,-0.19626,-5e-05,-0.19626,-5e-05,-0.19626,-5e-05,-0.19626,-5e-05
1730966914986,-0.19674,-5e-05,-0.19674,-5e-05,-0.19674,-5e-05,-0.19674,-5e-05
1730966914996,-0.19722,-5e-05,-0.19722,-5e-05,-0.19722,-5e-05,-0.19722,-5e-05
1730966915006,-0.1977,-5e-05,-0.1977,-5e-05,-0.1977,-5e-05,-0.1977,-5e-05
1730966915016,-0.19818,-5e-05,-0.19818,-5e-05,-0.19818,-5e-05,-0.19818,-5e-05
1730966915026,-0.19866,-5e-05,-0.19866,-5e-05,-0.19866,-5e-05,-0.19866,-5e-05
1730966915036,-0.19913,-5e-05,-0.19913,-5e-05,-0.19913,-5e-05,-0.19913,-5e-05
1730966915046,-0.1996,-5e-05,-0.1996,-5e-05,-0.1996,-5e-05,-0.1996,-5e-05
1730966915056,-0.20007,-5e-05,-0.20007,-5e-05,-0.20007,-5e-05,-0.20007,-5e-05
1730966915066,-0.20054,-5e-05,-0.20054,-5e-05,-0.20054,-5e-05,-0.20054,-5e-05
1730966915076,-0.20101,-5e-05,-0.20101,-5e-05,-0.20101,-5e-05,-0.20101,-5e-05
1730966915086,-0.20148,-5e-05,-0.20148,-5e-05,-0.20148,-5e-05,-0.20148,-5e-05
1730966915096,-0.20194,-5e-05,-0.20194,-5e-05,-0.20194,-5e-05,-0.20194,-5e-05
1730966915106,-0.2024,-5e-05,-0.2024,-5e-05,-0.2024,-5e-05,-0.2024,-5e-05
1730966915116,-0.20287,-5e-05,-0.20287,-5e-05,-0.20287,-5e-05,-0.20287,-5e-05
1730966915126,-0.20332,-5e-05,-0.20332,-5e-05,-0.20332,-5e-05,-0.20332,-5e-05
1730966915136,-0.20378,-5e-05,-0.20378,-5e-05,-0.20378,-5e-05,-0.20378,-5e-05
1730966915146,-0.20424,-5e-05,-0.20424,-5e-05,-0.20424,-5e-05,-0.20424,-5e-05
1730966915156,-0.20469,-5e-05,-0.20469,-5e-05,-0.20469,-5e-05,-0.20469,-5e-05
1730966915166,-0.20515,-5e-05,-0.20515,-5e-05,-0.20515,-5e-05,-0.20515,-5e-05
1730966915176,-0.2056,-5e-05,-0.2056,-5e-05,-0.2056,-5e-05,-0.2056,-5e-05
1730966915186,-0.20605,-5e-05,-0.20605,-5e-05,-0.20605,-5e-05,-0.20605,-5e-05
1730966915196,-0.20649,-5e-05,-0.20649,-5e-05,-0.20649,-5e-05,-0.20649,-5e-05
1730966915206,-0.20694,-5e-05,-0.20694,-5e-05,-0.20694,-5e-05,-0.20694,-5e-05
1730966915216,-0.20738,-5e-05,-0.20738,-5e-05,-0.20738,-5e-05,-0.20738,-5e-05
1730966915226,-0.20782,-5e-05,-0.20783,-5e-05,-0.20783,-5e-05,-0.20782,-5e-05
1730966915236,-0.20827,-5e-05,-0.20827,-5e-05,-0.20827,-5e-05,-0.20827,-5e-05
1730966915246,-0.2087,-5e-05,-0.2087,-5e-05,-0.2087,-5e-05,-0.2087,-5e-05
1730966915256,-0.20914,-5e-05,-0.20914,-5e-05,-0.20914,-5e-05,-0.20914,-5e-05
1730966915266,-0.20958,-5e-05,-0.20958,-5e-05,-0.20958,-5e-05,-0.20958,-5e-05
1730966915276,-0.21001,-5e-05,-0.21001,-5e-05,-0.21001,-5e-05,-0.21001,-5e-05
1730966915286,-0.21044,-6e-05,-0.21044,-5e-05,-0.21044,-5e-05,-0.21044,-6e-05
1730966915296,-0.21087,-6e-05,-0.21087,-5e-05,-0.21087,-5e-05,-0.21087,-6e-05
1730966915306,-0.2113,-6e-05,-0.2113,-5e-05,-0.2113,-5e-05,-0.2113,-6e-05
1730966915316,-0.21173,-6e-05,-0.21173,-6e-05,-0.21173,-6e-05,-0.21173,-6e-05
1730966915326,-0.21215,-6e-05,-0.21215,-6e-05,-0.21215,-6e-05,-0.21215,-6e-05
1730966915336,-0.21257,-6e-05,-0.21258,-6e-05,-0.21258,-6e-05,-0.21257,-6e-05
1730966915346,-0.213,-6e-05,-0.213,-6e-05,-0.213,-6e-05,-0.213,-6e-05
1730966915356,-0.21342,-6e-05,-0.21342,-6e-05,-0.21342,-6e-05,-0.21342,-6e-05
1730966915366,-0.21383,-6e-05,-0.21383,-6e-05,-0.21383,-6e-05,-0.21383,-6e-05
1730966915376,-0.21425,-6e-05,-0.21425,-6e-05,-0.21425,-6e-05,-0.21425,-6e-05
1730966915386,-0.21466,-6e-05,-0.21466,-6e-05,-0.21466,-6e-05,-0.21466,-6e-05
1730966915396,-0.21508,-6e-05,-0.21508,-6e-05,-0.21508,-6e-05,-0.21508,-6e-05
1730966915406,-0.21549,-6e-05,-0.21549,-6e-05,-0.21549,-6e-05,-0.21549,-6e-05
1730966915416,-0.21589,-6e-05,-0.21589,-6e-05,-0.21589,-6e-05,-0.21589,-6e-05
1730966915426,-0.2163,-6e-05,-0.2163,-6e-05,-0.2163,-6e-05,-0.2163,-6e-05
1730966915436,-0.21671,-6e-05,-0.21671,-6e-05,-0.21671,-6e-05,-0.21671,-6e-05
1730966915446,-0.21711,-6e-05,-0.21711,-6e-05,-0.21711,-6e-05,-0.21711,-6e-05
1730966915456,-0.21751,-6e-05,-0.21751,-6e-05,-0.21751,-6e-05,-0.21751,-6e-05
1730966915466,-0.21791,-6e-05,-0.21791,-6e-05,-0.21791,-6e-05,-0.21791,-6e-05
1730966915476,-0.21831,-6e-05,-0.21831,-6e-05,-0.21831,-6e-05,-0.21831,-6e-05
1730966915486,-0.2187,-6e-05,-0.2187,-6e-05,-0.2187,-6e-05,-0.2187,-6e-05
1730966915496,-0.2191,-6e-05,-0.2191,-6e-05,-0.2191,-6e-05,-0.2191,-6e-05
1730966915506,-0.21949,-6e-05,-0.21949,-6e-05,-0.21949,-6e-05,-0.21949,-6e-05
1730966915516,-0.21988,-6e-05,-0.21988,-6e-05,-0.21988,-6e-05,-0.21988,-6e-05
1730966915526,-0.22027,-6e-05,-0.22027,-6e-05,-0.22027,-6e-05,-0.22027,-6e-05
1730966915536,-0.22065,-6e-05,-0.22065,-6e-05,-0.22065,-6e-05,-0.22065,-6e-05
1730966915546,-0.22104,-6e-05,-0.22104,-6e-05,-0.22104,-6e-05,-0.22104,-6e-05
1730966915556,-0.22142,-6e-05,-0.22142,-6e-05,-0.22142,-6e-05,-0.22142,-6e-05
1730966915566,-0.2218,-6e-05,-0.2218,-6e-05,-0.2218,-6e-05,-0.2218,-6e-05
1730966915576,-0.22218,-6e-05,-0.22218,-6e-05,-0.22218,-6e-05,-0.22218,-6e-05
1730966915586,-0.22256,-6e-05,-0.22256,-6e-05,-0.22256,-6e-05,-0.22256,-6e-05
1730966915596,-0.22294,-6e-05,-0.22294,-6e-05,-0.22294,-6e-05,-0.22294,-6e-05
1730966915606,-0.22331,-6e-05,-0.22331,-6e-05,-0.22331,-6e-05,-0.22331,-6e-05
1730966915616,-0.22368,-6e-05,-0.22368,-6e-05,-0.22368,-6e-05,-0.22368,-6e-05
1730966915626,-0.22405,-6e-05,-0.22405,-6e-05,-0.22405,-6e-05,-0.22405,-6e-05
1730966915636,-0.22442,-6e-05,-0.22442,-6e-05,-0.22442,-6e-05,-0.22442,-6e-05
1730966915646,-0.22478,-6e-05,-0.22478,-6e-05,-0.22478,-6e-05,-0.22478,-6e-05
1730966915656,-0.22515,-6e-05,-0.22515,-6e-05,-0.22515,-6e-05,-0.22515,-6e-05
1730966915666,-0.22551,-6e-05,-0.22551,-6e-05,-0.22551,-6e-05,-0.22551,-6e-05
1730966915676,-0.22587,-6e-05,-0.22587,-6e-05,-0.22587,-6e-05,-0.22587,-6e-05
1730966915686,-0.22623,-6e-05,-0.22623,-6e-05,-0.22623,-6e-05,-0.22623,-6e-05
1730966915696,-0.22659,-6e-05,-0.22659,-6e-05,-0.22659,-6e-05,-0.22659,-6e-05
1730966915706,-0.22694,-6e-05,-0.22694,-6e-05,-0.22694,-6e-05,-0.22694,-6e-05
1730966915716,-0.2273,-6e-05,-0.2273,-6e-05,-0.2273,-6e-05,-0.2273,-6e-05
1730966915726,-0.22765,-6e-05,-0.22765,-6e-05,-0.22765,-6e-05,-0.22765,-6e-05
1730966915736,-0.228,-6e-05,-0.228,-6e-05,-0.228,-6e-05,-0.228,-6e-05
1730966915746,-0.22834,-6e-05,-0.22834,-6e-05,-0.22834,-6e-05,-0.22834,-6e-05
1730966915756,-0.22869,-6e-05,-0.22869,-6e-05,-0.22869,-6e-05,-0.22869,-6e-05
1730966915766,-0.22903,-6e-05,-0.22903,-6e-05,-0.22903,-6e-05,-0.22903,-6e-05
1730966915776,-0.22937,-6e-05,-0.22937,-6e-05,-0.22937,-6e-05,-0.22937,-6e-05
1730966915786,-0.22971,-6e-05,-0.22971,-6e-05,-0.22971,-6e-05,-0.22971,-6e-05
1730966915796,-0.23005,-6e-05,-0.23005,-6e-05,-0.23005,-6e-05,-0.23005,-6e-05
1730966915806,-0.23039,-6e-05,-0.23039,-6e-05,-0.23039,-6e-05,-0.23039,-6e-05
1730966915816,-0.23072,-6e-05,-0.23072,-6e-05,-0.23072,-6e-05,-0.23072,-6e-05
1730966915826,-0.23105,-6e-05,-0.23106,-6e-05,-0.23106,-6e-05,-0.23105,-6e-05
1730966915836,-0.23139,-6e-05,-0.23139,-6e-05,-0.23139,-6e-05,-0.23139,-6e-05
1730966915846,-0.23171,-6e-05,-0.23171,-6e-05,-0.23171,-6e-05,-0.23171,-6e-05
1730966915856,-0.23204,-6e-05,-0.23204,-6e-05,-0.23204,-6e-05,-0.23204,-6e-05
1730966915866,-0.23237,-6e-05,-0.23237,-6e-05,-0.23237,-6e-05,-0.23237,-6e-05
1730966915876,-0.23269,-6e-05,-0.23269,-6e-05,-0.23269,-6e-05,-0.23269,-6e-05
1730966915886,-0.23301,-6e-05,-0.23301,-6e-05,-0.23301,-6e-05,-0.23301,-6e-05
1730966915896,-0.23333,-6e-05,-0.23333,-6e-05,-0.23333,-6e-05,-0.23333,-6e-05
1730966915906,-0.23365,-6e-05,-0.23365,-6e-05,-0.23365,-6e-05,-0.23365,-6e-05
1730966915916,-0.23396,-6e-05,-0.23396,-6e-05,-0.23396,-6e-05,-0.23396,-6e-05
1730966915926,-0.23428,-6e-05,-0.23428,-6e-05,-0.23428,-6e-05,-0.23428,-6e-05
1730966915936,-0.23459,-6e-05,-0.23459,-6e-05,-0.23459,-6e-05,-0.23459,-6e-05
1730966915946,-0.2349,-6e-05,-0.2349,-6e-05,-0.2349,-6e-05,-0.2349,-6e-05
1730966915956,-0.23521,-6e-05,-0.23521,-6e-05,-0.23521,-6e-05,-0.23521,-6e-05
1730966915966,-0.23551,-6e-05,-0.23551,-6e-05,-0.23551,-6e-05,-0.23551,-6e-05
1730966915976,-0.23582,-6e-05,-0.23582,-6e-05,-0.23582,-6e-05,-0.23582,-6e-05
1730966915986,-0.23612,-6e-05,-0.23612,-6e-05,-0.23612,-6e-05,-0.23612,-6e-05
1730966915996,-0.23642,-7e-05,-0.23642,-6e-05,-0.23642,-6e-05,-0.23642,-7e-05
1730966916006,-0.23672,-7e-05,-0.23672,-6e-05,-0.23672,-6e-05,-0.23672,-7e-05
1730966916016,-0.23702,-7e-05,-0.23702,-6e-05,-0.23702,-6e-05,-0.23702,-7e-05
1730966916026,-0.23731,-7e-05,-0.23731,-7e-05,-0.23731,-7e-05,-0.23731,-7e-05
1730966916036,-0.23761,-7e-05,-0.23761,-7e-05,-0.23761,-7e-05,-0.23761,-7e-05
1730966916046,-0.2379,-7e-05,-0.2379,-7e-05,-0.2379,-7e-05,-0.2379,-7e-05
1730966916056,-0.23819,-7e-05,-0.23819,-7e-05,-0.23819,-7e-05,-0.23819,-7e-05
1730966916066,-0.23848,-7e-05,-0.23848,-7e-05,-0.23848,-7e-05,-0.23848,-7e-05
1730966916076,-0.23876,-7e-05,-0.23876,-7e-05,-0.23876,-7e-05,-0.23876,-7e-05
1730966916086,-0.23905,-7e-05,-0.23905,-7e-05,-0.23905,-7e-05,-0.23905,-7e-05
1730966916096,-0.23933,-7e-05,-0.23933,-7e-05,-0.23933,-7e-05,-0.23933,-7e-05
1730966916106,-0.23961,-7e-05,-0.23961,-7e-05,-0.23961,-7e-05,-0.23961,-7e-05
1730966916116,-0.23989,-7e-05,-0.23989,-7e-05,-0.23989,-7e-05,-0.23989,-7e-05
1730966916126,-0.24017,-7e-05,-0.24017,-7e-05,-0.24017,-7e-05,-0.24017,-7e-05
1730966916136,-0.24044,-7e-05,-0.24044,-7e-05,-0.24044,-7e-05,-0.24044,-7e-05
1730966916146,-0.24071,-7e-05,-0.24071,-7e-05,-0.24071,-7e-05,-0.24071,-7e-05
1730966916156,-0.24099,-7e-05,-0.24099,-7e-05,-0.24099,-7e-05,-0.24099,-7e-05
1730966916166,-0.24126,-7e-05,-0.24126,-7e-05,-0.24126,-7e-05,-0.24126,-7e-05
1730966916176,-0.24152,-7e-05,-0.24152,-7e-05,-0.24152,-7e-05,-0.24152,-7e-05
1730966916186,-0.24179,-7e-05,-0.24179,-7e-05,-0.24179,-7e-05,-0.24179,-7e-05
1730966916196,-0.24206,-7e-05,-0.24206,-7e-05,-0.24206,-7e-05,-0.24206,-7e-05
1730966916206,-0.24232,-7e-05,-0.24232,-7e-05,-0.24232,-7e-05,-0.24232,-7e-05
1730966916216,-0.24258,-7e-05,-0.24258,-7e-05,-0.24258,-7e-05,-0.24258,-7e-05
1730966916226,-0.24284,-7e-05,-0.24284,-7e-05,-0.24284,-7e-05,-0.24284,-7e-05
1730966916236,-0.2431,-7e-05,-0.2431,-7e-05,-0.2431,-7e-05,-0.2431,-7e-05
1730966916246,-0.24335,-7e-05,-0.24335,-7e-05,-0.24335,-7e-05,-0.24335,-7e-05
1730966916256,-0.24361,-7e-05,-0.24361,-7e-05,-0.24361,-7e-05,-0.24361,-7e-05
1730966916266,-0.24386,-7e-05,-0.24386,-7e-05,-0.24386,-7e-05,-0.24386,-7e-05
1730966916276,-0.24411,-7e-05,-0.24411,-7e-05,-0.24411,-7e-05,-0.24411,-7e-05
1730966916286,-0.24436,-7e-05,-0.24436,-7e-05,-0.24436,-7e-05,-0.24436,-7e-05
1730966916296,-0.2446,-7e-05,-0.2446,-7e-05,-0.2446,-7e-05,-0.2446,-7e-05
1730966916306,-0.24485,-7e-05,-0.24485,-7e-05,-0.24485,-7e-05,-0.24485,-7e-05
1730966916316,-0.24509,-7e-05,-0.24509,-7e-05,-0.24509,-7e-05,-0.24509,-7e-05
1730966916326,-0.24533,-7e-05,-0.24533,-7e-05,-0.24533,-7e-05,-0.24533,-7e-05
1730966916336,-0.24557,-7e-05,-0.24557,-7e-05,-0.24557,-7e-05,-0.24557,-7e-05
1730966916346,-0.24581,-7e-05,-0.24581,-7e-05,-0.24581,-7e-05,-0.24581,-7e-05
1730966916356,-0.24605,-7e-05,-0.24605,-7e-05,-0.24605,-7e-05,-0.24605,-7e-05
1730966916366,-0.24628,-7e-05,-0.24628,-7e-05,-0.24628,-7e-05,-0.24628,-7e-05
1730966916376,-0.24652,-7e-05,-0.24652,-7e-05,-0.24652,-7e-05,-0.24652,-7e-05
1730966916386,-0.24675,-7e-05,-0.24675,-7e-05,-0.24675,-7e-05,-0.24675,-7e-05
1730966916396,-0.24698,-7e-05,-0.24698,-7e-05,-0.24698,-7e-05,-0.24698,-7e-05
1730966916406,-0.24721,-7e-05,-0.24721,-7e-05,-0.24721,-7e-05,-0.24721,-7e-05
1730966916416,-0.24743,-7e-05,-0.24743,-7e-05,-0.24743,-7e-05,-0.24743,-7e-05
1730966916426,-0.24766,-7e-05,-0.24766,-7e-05,-0.24766,-7e-05,-0.24766,-7e-05
1730966916436,-0.24788,-7e-05,-0.24788,-7e-05,-0.24788,-7e-05,-0.24788,-7e-05
1730966916446,-0.2481,-7e-05,-0.2481,-7e-05,-0.2481,-7e-05,-0.2481,-7e-05
1730966916456,-0.24832,-7e-05,-0.24832,-7e-05,-0.24832,-7e-05,-0.24832,-7e-05
1730966916466,-0.24854,-7e-05,-0.24854,-7e-05,-0.24854,-7e-05,-0.24854,-7e-05
1730966916476,-0.24876,-7e-05,-0.24876,-7e-05,-0.24876,-7e-05,-0.24876,-7e-05
1730966916486,-0.24897,-7e-05,-0.24897,-7e-05,-0.24897,-7e-05,-0.24897,-7e-05
1730966916496,-0.24918,-7e-05,-0.24918,-7e-05,-0.24918,-7e-05,-0.24918,-7e-05
1730966916506,-0.2494,-7e-05,-0.2494,-7e-05,-0.2494,-7e-05,-0.2494,-7e-05
1730966916516,-0.24961,-7e-05,-0.24961,-7e-05,-0.24961,-7e-05,-0.24961,-7e-05
1730966916526,-0.24981,-7e-05,-0.24981,-7e-05,-0.24981,-7e-05,-0.24981,-7e-05
1730966916536,-0.25002,-7e-05,-0.25002,-7e-05,-0.25002,-7e-05,-0.25002,-7e-05
1730966916546,-0.25023,-7e-05,-0.25023,-7e-05,-0.25023,-7e-05,-0.25023,-7e-05
1730966916556,-0.25043,-7e-05,-0.25043,-7e-05,-0.25043,-7e-05,-0.25043,-7e-05
1730966916566,-0.25063,-7e-05,-0.25063,-7e-05,-0.25063,-7e-05,-0.25063,-7e-05
1730966916576,-0.25083,-7e-05,-0.25083,-7e-05,-0.25083,-7e-05,-0.25083,-7e-05
1730966916586,-0.25103,-7e-05,-0.25103,-7e-05,-0.25103,-7e-05,-0.25103,-7e-05
1730966916596,-0.25123,-7e-05,-0.25123,-7e-05,-0.25123,-7e-05,-0.25123,-7e-05
1730966916606,-0.25142,-7e-05,-0.25142,-7e-05,-0.25142,-7e-05,-0.25142,-7e-05
1730966916616,-0.25162,-7e-05,-0.25162,-7e-05,-0.25162,-7e-05,-0.25162,-7e-05
1730966916626,-0.25181,-7e-05,-0.25181,-7e-05,-0.25181,-7e-05,-0.25181,-7e-05
1730966916636,-0.252,-7e-05,-0.252,-7e-05,-0.252,-7e-05,-0.252,-7e-05
1730966916646,-0.25219,-7e-05,-0.25219,-7e-05,-0.25219,-7e-05,-0.25219,-7e-05
1730966916656,-0.25238,-7e-05,-0.25238,-7e-05,-0.25238,-7e-05,-0.25238,-7e-05
1730966916666,-0.25256,-7e-05,-0.25256,-7e-05,-0.25256,-7e-05,-0.25256,-7e-05
1730966916676,-0.25275,-7e-05,-0.25275,-7e-05,-0.25275,-7e-05,-0.25275,-7e-05
1730966916686,-0.25293,-7e-05,-0.25293,-7e-05,-0.25293,-7e-05,-0.25293,-7e-05
1730966916696,-0.25311,-7e-05,-0.25311,-7e-05,-0.25311,-7e-05,-0.25311,-7e-05
1730966916706,-0.25329,-7e-05,-0.25329,-7e-05,-0.25329,-7e-05,-0.25329,-7e-05
1730966916716,-0.25347,-7e-05,-0.25347,-7e-05,-0.25347,-7e-05,-0.25347,-7e-05
1730966916726,-0.25365,-7e-05,-0.25365,-7e-05,-0.25365,-7e-05,-0.25365,-7e-05
1730966916736,-0.25383,-7e-05,-0.25383,-7e-05,-0.25383,-7e-05,-0.25383,-7e-05
1730966916746,-0.254,-7e-05,-0.254,-7e-05,-0.254,-7e-05,-0.254,-7e-05
1730966916756,-0.25417,-7e-05,-0.25417,-7e-05,-0.25417,-7e-05,-0.25417,-7e-05
1730966916766,-0.25434,-7e-05,-0.25434,-7e-05,-0.25434,-7e-05,-0.25434,-7e-05
1730966916776,-0.25451,-7e-05,-0.25451,-7e-05,-0.25451,-7e-05,-0.25451,-7e-05
1730966916786,-0.25468,-7e-05,-0.25468,-7e-05,-0.25468,-7e-05,-0.25468,-7e-05
1730966916796,-0.25485,-7e-05,-0.25485,-7e-05,-0.25485,-7e-05,-0.25485,-7e-05
1730966916806,-0.25501,-7e-05,-0.25501,-7e-05,-0.25501,-7e-05,-0.25501,-7e-05
1730966916816,-0.25518,-7e-05,-0.25518,-7e-05,-0.25518,-7e-05,-0.25518,-7e-05
1730966916826,-0.25534,-7e-05,-0.25534,-7e-05,-0.25534,-7e-05,-0.25534,-7e-05
1730966916836,-0.2555,-7e-05,-0.2555,-7e-05,-0.2555,-7e-05,-0.2555,-7e-05
1730966916846,-0.25566,-7e-05,-0.25566,-7e-05,-0.25566,-7e-05,-0.25566,-7e-05
1730966916856,-0.25582,-7e-05,-0.25582,-7e-05,-0.25582,-7e-05,-0.25582,-7e-05
1730966916866,-0.25598,-7e-05,-0.25598,-7e-05,-0.25598,-7e-05,-0.25598,-7e-05
1730966916876,-0.25613,-7e-05,-0.25613,-7e-05,-0.25613,-7e-05,-0.25613,-7e-05
1730966916886,-0.25629,-7e-05,-0.25629,-7e-05,-0.25629,-7e-05,-0.25629,-7e-05
1730966916896,-0.25644,-7e-05,-0.25644,-7e-05,-0.25644,-7e-05,-0.25644,-7e-05
1730966916906,-0.25659,-7e-05,-0.25659,-7e-05,-0.25659,-7e-05,-0.25659,-7e-05
1730966916916,-0.25674,-7e-05,-0.25674,-7e-05,-0.25674,-7e-05,-0.25674,-7e-05
1730966916926,-0.25689,-7e-05,-0.25689,-7e-05,-0.25689,-7e-05,-0.25689,-7e-05
1730966916936,-0.25704,-7e-05,-0.25704,-7e-05,-0.25704,-7e-05,-0.25704,-7e-05
1730966916946,-0.25719,-7e-05,-0.25719,-7e-05,-0.25719,-7e-05,-0.25719,-7e-05
1730966916956,-0.25733,-7e-05,-0.25733,-7e-05,-0.25733,-7e-05,-0.25733,-7e-05
1730966916966,-0.25747,-7e-05,-0.25747,-7e-05,-0.25747,-7e-05,-0.25747,-7e-05
1730966916976,-0.25762,-7e-05,-0.25762,-7e-05,-0.25762,-7e-05,-0.25762,-7e-05
1730966916986,-0.25776,-7e-05,-0.25776,-7e-05,-0.25776,-7e-05,-0.25776,-7e-05
1730966916996,-0.2579,-7e-05,-0.2579,-7e-05,-0.2579,-7e-05,-0.2579,-7e-05
1730966917006,-0.25804,-7e-05,-0.25804,-7e-05,-0.25804,-7e-05,-0.25804,-7e-05
1730966917016,-0.25817,-7e-05,-0.25817,-7e-05,-0.25817,-7e-05,-0.25817,-7e-05
1730966917026,-0.25831,-7e-05,-0.25831,-7e-05,-0.25831,-7e-05,-0.25831,-7e-05
1730966917036,-0.25844,-8e-05,-0.25844,-7e-05,-0.25844,-7e-05,-0.25844,-8e-05
1730966917046,-0.25858,-8e-05,-0.25858,-7e-05,-0.25858,-7e-05,-0.25858,-8e-05
1730966917056,-0.25871,-8e-05,-0.25871,-7e-05,-0.25871,-7e-05,-0.25871,-8e-05
1730966917066,-0.25884,-8e-05,-0.25884,-7e-05,-0.25884,-7e-05,-0.25884,-8e-05
1730966917076,-0.25897,-8e-05,-0.25897,-7e-05,-0.25897,-7e-05,-0.25897,-8e-05
1730966917086,-0.2591,-8e-05,-0.2591,-7e-05,-0.2591,-7e-05,-0.2591,-8e-05
1730966917096,-0.25922,-8e-05,-0.25922,-8e-05,-0.25922,-8e-05,-0.25922,-8e-05
1730966917106,-0.25935,-8e-05,-0.25935,-8e-05,-0.25935,-8e-05,-0.25935,-8e-05
1730966917116,-0.25947,-8e-05,-0.25948,-8e-05,-0.25948,-8e-05,-0.25947,-8e-05
1730966917126,-0.2596,-8e-05,-0.2596,-8e-05,-0.2596,-8e-05,-0.2596,-8e-05
1730966917136,-0.25972,-8e-05,-0.25972,-8e-05,-0.25972,-8e-05,-0.25972,-8e-05
1730966917146,-0.25984,-8e-05,-0.25984,-8e-05,-0.25984,-8e-05,-0.25984,-8e-05
1730966917156,-0.25996,-8e-05,-0.25996,-8e-05,-0.25996,-8e-05,-0.25996,-8e-05
1730966917166,-0.26008,-8e-05,-0.26008,-8e-05,-0.26008,-8e-05,-0.26008,-8e-05
1730966917176,-0.2602,-8e-05,-0.2602,-8e-05,-0.2602,-8e-05,-0.2602,-8e-05
1730966917186,-0.26031,-8e-05,-0.26031,-8e-05,-0.26031,-8e-05,-0.26031,-8e-05
1730966917196,-0.26043,-8e-05,-0.26043,-8e-05,-0.26043,-8e-05,-0.26043,-8e-05
1730966917206,-0.26054,-8e-05,-0.26054,-8e-05,-0.26054,-8e-05,-0.26054,-8e-05
1730966917216,-0.26066,-8e-05,-0.26066,-8e-05,-0.26066,-8e-05,-0.26066,-8e-05
1730966917226,-0.26077,-8e-05,-0.26077,-8e-05,-0.26077,-8e-05,-0.26077,-8e-05
1730966917236,-0.26088,-8e-05,-0.26088,-8e-05,-0.26088,-8e-05,-0.26088,-8e-05
1730966917246,-0.26099,-8e-05,-0.26099,-8e-05,-0.26099,-8e-05,-0.26099,-8e-05
1730966917256,-0.2611,-8e-05,-0.2611,-8e-05,-0.2611,-8e-05,-0.2611,-8e-05
1730966917266,-0.26121,-8e-05,-0.26121,-8e-05,-0.26121,-8e-05,-0.26121,-8e-05
1730966917276,-0.26131,-8e-05,-0.26131,-8e-05,-0.26131,-8e-05,-0.26131,-8e-05
1730966917286,-0.26142,-8e-05,-0.26142,-8e-05,-0.26142,-8e-05,-0.26142,-8e-05
1730966917296,-0.26152,-8e-05,-0.26152,-8e-05,-0.26152,-8e-05,-0.26152,-8e-05
1730966917306,-0.26162,-8e-05,-0.26162,-8e-05,-0.26162,-8e-05,-0.26162,-8e-05
1730966917316,-0.26173,-8e-05,-0.26173,-8e-05,-0.26173,-8e-05,-0.26173,-8e-05
1730966917326,-0.26183,-8e-05,-0.26183,-8e-05,-0.26183,-8e-05,-0.26183,-8e-05
1730966917336,-0.26193,-8e-05,-0.26193,-8e-05,-0.26193,-8e-05,-0.26193,-8e-05
1730966917346,-0.26203,-8e-05,-0.26203,-8e-05,-0.26203,-8e-05,-0.26203,-8e-05
1730966917356,-0.26212,-8e-05,-0.26212,-8e-05,-0.26212,-8e-05,-0.26212,-8e-05
1730966917366,-0.26222,-8e-05,-0.26222,-8e-05,-0.26222,-8e-05,-0.26222,-8e-05
1730966917376,-0.26232,-8e-05,-0.26232,-8e-05,-0.26232,-8e-05,-0.26232,-8e-05
1730966917386,-0.26241,-8e-05,-0.26241,-8e-05,-0.26241,-8e-05,-0.26241,-8e-05
1730966917396,-0.26251,-8e-05,-0.26251,-8e-05,-0.26251,-8e-05,-0.26251,-8e-05
1730966917406,-0.2626,-8e-05,-0.2626,-8e-05,-0.2626,-8e-05,-0.2626,-8e-05
1730966917416,-0.26269,-8e-05,-0.26269,-8e-05,-0.26269,-8e-05,-0.26269,-8e-05
1730966917426,-0.26278,-8e-05,-0.26278,-8e-05,-0.26278,-8e-05,-0.26278,-8e-05
1730966917436,-0.26287,-8e-05,-0.26287,-8e-05,-0.26287,-8e-05,-0.26287,-8e-05
1730966917446,-0.26296,-8e-05,-0.26296,-8e-05,-0.26296,-8e-05,-0.26296,-8e-05
1730966917456,-0.26305,-8e-05,-0.26305,-8e-05,-0.26305,-8e-05,-0.26305,-8e-05
1730966917466,-0.26314,-8e-05,-0.26314,-8e-05,-0.26314,-8e-05,-0.26314,-8e-05
1730966917476,-0.26322,-8e-05,-0.26322,-8e-05,-0.26322,-8e-05,-0.26322,-8e-05
1730966917486,-0.26331,-8e-05,-0.26331,-8e-05,-0.26331,-8e-05,-0.26331,-8e-05
1730966917496,-0.26339,-8e-05,-0.26339,-8e-05,-0.26339,-8e-05,-0.26339,-8e-05
1730966917506,-0.26347,-8e-05,-0.26347,-8e-05,-0.26347,-8e-05,-0.26347,-8e-05
1730966917516,-0.26356,-8e-05,-0.26356,-8e-05,-0.26356,-8e-05,-0.26356,-8e-05
1730966917526,-0.26364,-8e-05,-0.26364,-8e-05,-0.26364,-8e-05,-0.26364,-8e-05
1730966917536,-0.26372,-8e-05,-0.26372,-8e-05,-0.26372,-8e-05,-0.26372,-8e-05
1730966917546,-0.2638,-8e-05,-0.2638,-8e-05,-0.2638,-8e-05,-0.2638,-8e-05
1730966917556,-0.26388,-8e-05,-0.26388,-8e-05,-0.26388,-8e-05,-0.26388,-8e-05
1730966917566,-0.26396,-8e-05,-0.26396,-8e-05,-0.26396,-8e-05,-0.26396,-8e-05
1730966917576,-0.26403,-8e-05,-0.26403,-8e-05,-0.26403,-8e-05,-0.26403,-8e-05
1730966917586,-0.26411,-8e-05,-0.26411,-8e-05,-0.26411,-8e-05,-0.26411,-8e-05
1730966917596,-0.26418,-8e-05,-0.26418,-8e-05,-0.26418,-8e-05,-0.26418,-8e-05
1730966917606,-0.26426,-8e-05,-0.26426,-8e-05,-0.26426,-8e-05,-0.26426,-8e-05
1730966917616,-0.26433,-8e-05,-0.26433,-8e-05,-0.26433,-8e-05,-0.26433,-8e-05
1730966917626,-0.2644,-8e-05,-0.2644,-8e-05,-0.2644,-8e-05,-0.2644,-8e-05
1730966917636,-0.26448,-8e-05,-0.26448,-8e-05,-0.26448,-8e-05,-0.26448,-8e-05
1730966917646,-0.26455,-8e-05,-0.26455,-8e-05,-0.26455,-8e-05,-0.26455,-8e-05
1730966917656,-0.26462,-8e-05,-0.26462,-8e-05,-0.26462,-8e-05,-0.26462,-8e-05
1730966917666,-0.26469,-8e-05,-0.26469,-8e-05,-0.26469,-8e-05,-0.26469,-8e-05
1730966917676,-0.26476,-8e-05,-0.26476,-8e-05,-0.26476,-8e-05,-0.26476,-8e-05
1730966917686,-0.26482,-8e-05,-0.26482,-8e-05,-0.26482,-8e-05,-0.26482,-8e-05
1730966917696,-0.26489,-8e-05,-0.26489,-8e-05,-0.26489,-8e-05,-0.26489,-8e-05
1730966917706,-0.26496,-8e-05,-0.26496,-8e-05,-0.26496,-8e-05,-0.26496,-8e-05
1730966917716,-0.26502,-8e-05,-0.26502,-8e-05,-0.26502,-8e-05,-0.26502,-8e-05
1730966917726,-0.26509,-8e-05,-0.26509,-8e-05,-0.26509,-8e-05,-0.26509,-8e-05
1730966917736,-0.26515,-8e-05,-0.26515,-8e-05,-0.26515,-8e-05,-0.26515,-8e-05
1730966917746,-0.26521,-8e-05,-0.26522,-8e-05,-0.26522,-8e-05,-0.26521,-8e-05
1730966917756,-0.26528,-8e-05,-0.26528,-8e-05,-0.26528,-8e-05,-0.26528,-8e-05
1730966917766,-0.26534,-8e-05,-0.26534,-8e-05,-0.26534,-8e-05,-0.26534,-8e-05
1730966917776,-0.2654,-8e-05,-0.2654,-8e-05,-0.2654,-8e-05,-0.2654,-8e-05
1730966917786,-0.26546,-8e-05,-0.26546,-8e-05,-0.26546,-8e-05,-0.26546,-8e-05
1730966917796,-0.26552,-8e-05,-0.26552,-8e-05,-0.26552,-8e-05,-0.26552,-8e-05
1730966917806,-0.26558,-8e-05,-0.26558,-8e-05,-0.26558,-8e-05,-0.26558,-8e-05
1730966917816,-0.26564,-8e-05,-0.26564,-8e-05,-0.26564,-8e-05,-0.26564,-8e-05
1730966917826,-0.26569,-8e-05,-0.26569,-8e-05,-0.26569,-8e-05,-0.26569,-8e-05
1730966917836,-0.26575,-8e-05,-0.26575,-8e-05,-0.26575,-8e-05,-0.26575,-8e-05
1730966917846,-0.26581,-8e-05,-0.26581,-8e-05,-0.26581,-8e-05,-0.26581,-8e-05
1730966917856,-0.26586,-8e-05,-0.26586,-8e-05,-0.26586,-8e-05,-0.26586,-8e-05
1730966917866,-0.26592,-8e-05,-0.26592,-8e-05,-0.26592,-8e-05,-0.26592,-8e-05
1730966917876,-0.26597,-8e-05,-0.26597,-8e-05,-0.26597,-8e-05,-0.26597,-8e-05
1730966917886,-0.26602,-8e-05,-0.26602,-8e-05,-0.26602,-8e-05,-0.26602,-8e-05
1730966917896,-0.26608,-8e-05,-0.26608,-8e-05,-0.26608,-8e-05,-0.26608,-8e-05
1730966917906,-0.26613,-8e-05,-0.26613,-8e-05,-0.26613,-8e-05,-0.26613,-8e-05
1730966917916,-0.26618,-8e-05,-0.26618,-8e-05,-0.26618,-8e-05,-0.26618,-8e-05
1730966917926,-0.26623,-8e-05,-0.26623,-8e-05,-0.26623,-8e-05,-0.26623,-8e-05
1730966917936,-0.26628,-8e-05,-0.26628,-8e-05,-0.26628,-8e-05,-0.26628,-8e-05
1730966917946,-0.26633,-8e-05,-0.26633,-8e-05,-0.26633,-8e-05,-0.26633,-8e-05
1730966917956,-0.26638,-8e-05,-0.26638,-8e-05,-0.26638,-8e-05,-0.26638,-8e-05
1730966917966,-0.26643,-8e-05,-0.26643,-8e-05,-0.26643,-8e-05,-0.26643,-8e-05
1730966917976,-0.26647,-8e-05,-0.26647,-8e-05,-0.26647,-8e-05,-0.26647,-8e-05
1730966917986,-0.26652,-8e-05,-0.26652,-8e-05,-0.26652,-8e-05,-0.26652,-8e-05
1730966917996,-0.26657,-8e-05,-0.26657,-8e-05,-0.26657,-8e-05,-0.26657,-8e-05
1730966918006,-0.26661,-8e-05,-0.26661,-8e-05,-0.26661,-8e-05,-0.26661,-8e-05
1730966918016,-0.26666,-8e-05,-0.26666,-8e-05,-0.26666,-8e-05,-0.26666,-8e-05
1730966918026,-0.2667,-8e-05,-0.2667,-8e-05,-0.2667,-8e-05,-0.2667,-8e-05
1730966918036,-0.26674,-8e-05,-0.26674,-8e-05,-0.26674,-8e-05,-0.26674,-8e-05
1730966918046,-0.26679,-8e-05,-0.26679,-8e-05,-0.26679,-8e-05,-0.26679,-8e-05
1730966918056,-0.26683,-8e-05,-0.26683,-8e-05,-0.26683,-8e-05,-0.26683,-8e-05
1730966918066,-0.26687,-8e-05,-0.26687,-8e-05,-0.26687,-8e-05,-0.26687,-8e-05
1730966918076,-0.26691,-8e-05,-0.26691,-8e-05,-0.26691,-8e-05,-0.26691,-8e-05
1730966918086,-0.26695,-8e-05,-0.26695,-8e-05,-0.26695,-8e-05,-0.26695,-8e-05
1730966918096,-0.26699,-8e-05,-0.26699,-8e-05,-0.26699,-8e-05,-0.26699,-8e-05
1730966918106,-0.26703,-8e-05,-0.26703,-8e-05,-0.26703,-8e-05,-0.26703,-8e-05
1730966918116,-0.26707,-8e-05,-0.26707,-8e-05,-0.26707,-8e-05,-0.26707,-8e-05
1730966918126,-0.26711,-8e-05,-0.26711,-8e-05,-0.26711,-8e-05,-0.26711,-8e-05
1730966918136,-0.26715,-8e-05,-0.26715,-8e-05,-0.26715,-8e-05,-0.26715,-8e-05
1730966918146,-0.26719,-8e-05,-0.26719,-8e-05,-0.26719,-8e-05,-0.26719,-8e-05
1730966918156,-0.26722,-8e-05,-0.26722,-8e-05,-0.26722,-8e-05,-0.26722,-8e-05
1730966918166,-0.26726,-8e-05,-0.26726,-8e-05,-0.26726,-8e-05,-0.26726,-8e-05
1730966918176,-0.2673,-8e-05,-0.2673,-8e-05,-0.2673,-8e-05,-0.2673,-8e-05
1730966918186,-0.26733,-8e-05,-0.26733,-8e-05,-0.26733,-8e-05,-0.26733,-8e-05
1730966918196,-0.26737,-8e-05,-0.26737,-8e-05,-0.26737,-8e-05,-0.26737,-8e-05
1730966918206,-0.2674,-8e-05,-0.2674,-8e-05,-0.2674,-8e-05,-0.2674,-8e-05
1730966918216,-0.26744,-8e-05,-0.26744,-8e-05,-0.26744,-8e-05,-0.26744,-8e-05
1730966918226,-0.26747,-8e-05,-0.26747,-8e-05,-0.26747,-8e-05,-0.26747,-8e-05
1730966918236,-0.2675,-8e-05,-0.2675,-8e-05,-0.2675,-8e-05,-0.2675,-8e-05
1730966918246,-0.26753,-8e-05,-0.26754,-8e-05,-0.26754,-8e-05,-0.26753,-8e-05
1730966918256,-0.26757,-8e-05,-0.26757,-8e-05,-0.26757,-8e-05,-0.26757,-8e-05
1730966918266,-0.2676,-8e-05,-0.2676,-8e-05,-0.2676,-8e-05,-0.2676,-8e-05
1730966918276,-0.26763,-8e-05,-0.26763,-8e-05,-0.26763,-8e-05,-0.26763,-8e-05
1730966918286,-0.26766,-8e-05,-0.26766,-8e-05,-0.26766,-8e-05,-0.26766,-8e-05
1730966918296,-0.26769,-8e-05,-0.26769,-8e-05,-0.26769,-8e-05,-0.26769,-8e-05
1730966918306,-0.26772,-8e-05,-0.26772,-8e-05,-0.26772,-8e-05,-0.26772,-8e-05
1730966918316,-0.26775,-8e-05,-0.26775,-8e-05,-0.26775,-8e-05,-0.26775,-8e-05
1730966918326,-0.26778,-8e-05,-0.26778,-8e-05,-0.26778,-8e-05,-0.26778,-8e-05
1730966918336,-0.26781,-8e-05,-0.26781,-8e-05,-0.26781,-8e-05,-0.26781,-8e-05
1730966918346,-0.26783,-8e-05,-0.26783,-8e-05,-0.26783,-8e-05,-0.26783,-8e-05
1730966918356,-0.26786,-8e-05,-0.26786,-8e-05,-0.26786,-8e-05,-0.26786,-8e-05
1730966918366,-0.26789,-8e-05,-0.26789,-8e-05,-0.26789,-8e-05,-0.26789,-8e-05
1730966918376,-0.26791,-8e-05,-0.26792,-8e-05,-0.26792,-8e-05,-0.26791,-8e-05
1730966918386,-0.26794,-8e-05,-0.26794,-8e-05,-0.26794,-8e-05,-0.26794,-8e-05
1730966918396,-0.26797,-8e-05,-0.26797,-8e-05,-0.26797,-8e-05,-0.26797,-8e-05
1730966918406,-0.26799,-8e-05,-0.26799,-8e-05,-0.26799,-8e-05,-0.26799,-8e-05
1730966918416,-0.26802,-8e-05,-0.26802,-8e-05,-0.26802,-8e-05,-0.26802,-8e-05
1730966918426,-0.26804,-8e-05,-0.26804,-8e-05,-0.26804,-8e-05,-0.26804,-8e-05
1730966918436,-0.26807,-8e-05,-0.26807,-8e-05,-0.26807,-8e-05,-0.26807,-8e-05
1730966918446,-0.26809,-8e-05,-0.26809,-8e-05,-0.26809,-8e-05,-0.26809,-8e-05
1730966918456,-0.26811,-8e-05,-0.26811,-8e-05,-0.26811,-8e-05,-0.26811,-8e-05
1730966918466,-0.26814,-8e-05,-0.26814,-8e-05,-0.26814,-8e-05,-0.26814,-8e-05
1730966918476,-0.26816,-8e-05,-0.26816,-8e-05,-0.26816,-8e-05,-0.26816,-8e-05
1730966918486,-0.26818,-8e-05,-0.26818,-8e-05,-0.26818,-8e-05,-0.26818,-8e-05
1730966918496,-0.2682,-8e-05,-0.2682,-8e-05,-0.2682,-8e-05,-0.2682,-8e-05
1730966918506,-0.26822,-8e-05,-0.26822,-8e-05,-0.26822,-8e-05,-0.26822,-8e-05
1730966918516,-0.26824,-8e-05,-0.26824,-8e-05,-0.26824,-8e-05,-0.26824,-8e-05
1730966918526,-0.26826,-8e-05,-0.26826,-8e-05,-0.26826,-8e-05,-0.26826,-8e-05
1730966918536,-0.26828,-8e-05,-0.26829,-8e-05,-0.26829,-8e-05,-0.26828,-8e-05
1730966918546,-0.2683,-8e-05,-0.2683,-8e-05,-0.2683,-8e-05,-0.2683,-8e-05
1730966918556,-0.26832,-8e-05,-0.26832,-8e-05,-0.26832,-8e-05,-0.26832,-8e-05
1730966918566,-0.26834,-8e-05,-0.26834,-8e-05,-0.26834,-8e-05,-0.26834,-8e-05
1730966918576,-0.26836,-8e-05,-0.26836,-8e-05,-0.26836,-8e-05,-0.26836,-8e-05
1730966918586,-0.26838,-8e-05,-0.26838,-8e-05,-0.26838,-8e-05,-0.26838,-8e-05
1730966918596,-0.2684,-8e-05,-0.2684,-8e-05,-0.2684,-8e-05,-0.2684,-8e-05
1730966918606,-0.26842,-8e-05,-0.26842,-8e-05,-0.26842,-8e-05,-0.26842,-8e-05
1730966918616,-0.26843,-8e-05,-0.26843,-8e-05,-0.26843,-8e-05,-0.26843,-8e-05
1730966918626,-0.26845,-8e-05,-0.26845,-8e-05,-0.26845,-8e-05,-0.26845,-8e-05
1730966918636,-0.26847,-8e-05,-0.26847,-8e-05,-0.26847,-8e-05,-0.26847,-8e-05
1730966918646,-0.26848,-8e-05,-0.26848,-8e-05,-0.26848,-8e-05,-0.26848,-8e-05
1730966918656,-0.2685,-8e-05,-0.2685,-8e-05,-0.2685,-8e-05,-0.2685,-8e-05
1730966918666,-0.26852,-8e-05,-0.26852,-8e-05,-0.26852,-8e-05,-0.26852,-8e-05
1730966918676,-0.26853,-8e-05,-0.26853,-8e-05,-0.26853,-8e-05,-0.26853,-8e-05
1730966918686,-0.26855,-8e-05,-0.26855,-8e-05,-0.26855,-8e-05,-0.26855,-8e-05
1730966918696,-0.26856,-8e-05,-0.26856,-8e-05,-0.26856,-8e-05,-0.26856,-8e-05
1730966918706,-0.26858,-8e-05,-0.26858,-8e-05,-0.26858,-8e-05,-0.26858,-8e-05
1730966918716,-0.26859,-8e-05,-0.26859,-8e-05,-0.26859,-8e-05,-0.26859,-8e-05
1730966918726,-0.2686,-8e-05,-0.2686,-8e-05,-0.2686,-8e-05,-0.2686,-8e-05
1730966918736,-0.26862,-8e-05,-0.26862,-8e-05,-0.26862,-8e-05,-0.26862,-8e-05
1730966918746,-0.26863,-8e-05,-0.26863,-8e-05,-0.26863,-8e-05,-0.26863,-8e-05
1730966918756,-0.26864,-8e-05,-0.26864,-8e-05,-0.26864,-8e-05,-0.26864,-8e-05
1730966918766,-0.26866,-8e-05,-0.26866,-8e-05,-0.26866,-8e-05,-0.26866,-8e-05
1730966918776,-0.26867,-8e-05,-0.26867,-8e-05,-0.26867,-8e-05,-0.26867,-8e-05
1730966918786,-0.26868,-8e-05,-0.26868,-8e-05,-0.26868,-8e-05,-0.26868,-8e-05
1730966918796,-0.26869,-8e-05,-0.26869,-8e-05,-0.26869,-8e-05,-0.26869,-8e-05
1730966918806,-0.26871,-8e-05,-0.26871,-8e-05,-0.26871,-8e-05,-0.26871,-8e-05
1730966918816,-0.26872,-8e-05,-0.26872,-8e-05,-0.26872,-8e-05,-0.26872,-8e-05
1730966918826,-0.26873,-8e-05,-0.26873,-8e-05,-0.26873,-8e-05,-0.26873,-8e-05
1730966918836,-0.26874,-8e-05,-0.26874,-8e-05,-0.26874,-8e-05,-0.26874,-8e-05
1730966918846,-0.26875,-8e-05,-0.26875,-8e-05,-0.26875,-8e-05,-0.26875,-8e-05
1730966918856,-0.26876,-8e-05,-0.26876,-8e-05,-0.26876,-8e-05,-0.26876,-8e-05
1730966918866,-0.26877,-8e-05,-0.26877,-8e-05,-0.26877,-8e-05,-0.26877,-8e-05
1730966918876,-0.26878,-8e-05,-0.26878,-8e-05,-0.26878,-8e-05,-0.26878,-8e-05
1730966918886,-0.26879,-8e-05,-0.26879,-8e-05,-0.26879,-8e-05,-0.26879,-8e-05
1730966918896,-0.2688,-8e-05,-0.2688,-8e-05,-0.2688,-8e-05,-0.2688,-8e-05
1730966918906,-0.26881,-8e-05,-0.26881,-8e-05,-0.26881,-8e-05,-0.26881,-8e-05
1730966918916,-0.26882,-8e-05,-0.26882,-8e-05,-0.26882,-8e-05,-0.26882,-8e-05
1730966918926,-0.26883,-8e-05,-0.26883,-8e-05,-0.26883,-8e-05,-0.26883,-8e-05
1730966918936,-0.26883,-8e-05,-0.26883,-8e-05,-0.26883,-8e-05,-0.26883,-8e-05
1730966918946,-0.26884,-8e-05,-0.26884,-8e-05,-0.26884,-8e-05,-0.26884,-8e-05
1730966918956,-0.26885,-8e-05,-0.26885,-8e-05,-0.26885,-8e-05,-0.26885,-8e-05
1730966918966,-0.26886,-8e-05,-0.26886,-8e-05,-0.26886,-8e-05,-0.26886,-8e-05
1730966918976,-0.26886,-8e-05,-0.26887,-8e-05,-0.26887,-8e-05,-0.26886,-8e-05
1730966918986,-0.26887,-8e-05,-0.26887,-8e-05,-0.26887,-8e-05,-0.26887,-8e-05
1730966918996,-0.26888,-8e-05,-0.26888,-8e-05,-0.26888,-8e-05,-0.26888,-8e-05
1730966919006,-0.26889,-8e-05,-0.26889,-8e-05,-0.26889,-8e-05,-0.26889,-8e-05
1730966919016,-0.26889,-8e-05,-0.26889,-8e-05,-0.26889,-8e-05,-0.26889,-8e-05
1730966919026,-0.2689,-8e-05,-0.2689,-8e-05,-0.2689,-8e-05,-0.2689,-8e-05
1730966919036,-0.26891,-8e-05,-0.26891,-8e-05,-0.26891,-8e-05,-0.26891,-8e-05
1730966919046,-0.26891,-8e-05,-0.26891,-8e-05,-0.26891,-8e-05,-0.26891,-8e-05
1730966919056,-0.26892,-8e-05,-0.26892,-8e-05,-0.26892,-8e-05,-0.26892,-8e-05
1730966919066,-0.26892,-8e-05,-0.26892,-8e-05,-0.26892,-8e-05,-0.26892,-8e-05
1730966919076,-0.26893,-8e-05,-0.26893,-8e-05,-0.26893,-8e-05,-0.26893,-8e-05
1730966919086,-0.26893,-8e-05,-0.26893,-8e-05,-0.26893,-8e-05,-0.26893,-8e-05
1730966919096,-0.26894,-8e-05,-0.26894,-8e-05,-0.26894,-8e-05,-0.26894,-8e-05
1730966919106,-0.26894,-8e-05,-0.26894,-8e-05,-0.26894,-8e-05,-0.26894,-8e-05
1730966919116,-0.26895,-8e-05,-0.26895,-8e-05,-0.26895,-8e-05,-0.26895,-8e-05
1730966919126,-0.26895,-8e-05,-0.26895,-8e-05,-0.26895,-8e-05,-0.26895,-8e-05
1730966919136,-0.26896,-8e-05,-0.26896,-8e-05,-0.26896,-8e-05,-0.26896,-8e-05
1730966919146,-0.26896,-8e-05,-0.26896,-8e-05,-0.26896,-8e-05,-0.26896,-8e-05
1730966919156,-0.26897,-8e-05,-0.26897,-8e-05,-0.26897,-8e-05,-0.26897,-8e-05
1730966919166,-0.26897,-8e-05,-0.26897,-8e-05,-0.26897,-8e-05,-0.26897,-8e-05
1730966919176,-0.26897,-8e-05,-0.26897,-8e-05,-0.26897,-8e-05,-0.26897,-8e-05
1730966919186,-0.26898,-8e-05,-0.26898,-8e-05,-0.26898,-8e-05,-0.26898,-8e-05
1730966919196,-0.26898,-8e-05,-0.26898,-8e-05,-0.26898,-8e-05,-0.26898,-8e-05
1730966919206,-0.26898,-8e-05,-0.26898,-8e-05,-0.26898,-8e-05,-0.26898,-8e-05
1730966919216,-0.26899,-8e-05,-0.26899,-8e-05,-0.26899,-8e-05,-0.26899,-8e-05
1730966919226,-0.26899,-8e-05,-0.26899,-8e-05,-0.26899,-8e-05,-0.26899,-8e-05
1730966919236,-0.26899,-8e-05,-0.26899,-8e-05,-0.26899,-8e-05,-0.26899,-8e-05
1730966919246,-0.26899,-8e-05,-0.26899,-8e-05,-0.26899,-8e-05,-0.26899,-8e-05
1730966919256,-0.269,-8e-05,-0.269,-8e-05,-0.269,-8e-05,-0.269,-8e-05
1730966919266,-0.269,-8e-05,-0.269,-8e-05,-0.269,-8e-05,-0.269,-8e-05
1730966919276,-0.269,-8e-05,-0.269,-8e-05,-0.269,-8e-05,-0.269,-8e-05
1730966919286,-0.269,-8e-05,-0.269,-8e-05,-0.269,-8e-05,-0.269,-8e-05
1730966919296,-0.26901,-8e-05,-0.26901,-8e-05,-0.26901,-8e-05,-0.26901,-8e-05
1730966919306,-0.26901,-8e-05,-0.26901,-8e-05,-0.26901,-8e-05,-0.26901,-8e-05
1730966919316,-0.26901,-8e-05,-0.26901,-8e-05,-0.26901,-8e-05,-0.26901,-8e-05
1730966919326,-0.26901,-8e-05,-0.26901,-8e-05,-0.26901,-8e-05,-0.26901,-8e-05
1730966919336,-0.26901,-8e-05,-0.26901,-8e-05,-0.26901,-8e-05,-0.26901,-8e-05
1730966919346,-0.26901,-8e-05,-0.26902,-8e-05,-0.26902,-8e-05,-0.26901,-8e-05
1730966919356,-0.26902,-8e-05,-0.26902,-8e-05,-0.26902,-8e-05,-0.26902,-8e-05
1730966919366,-0.26902,-8e-05,-0.26902,-8e-05,-0.26902,-8e-05,-0.26902,-8e-05
1730966919376,-0.26902,-8e-05,-0.26902,-8e-05,-0.26902,-8e-05,-0.26902,-8e-05
1730966919386,-0.26902,-8e-05,-0.26902,-8e-05,-0.26902,-8e-05,-0.26902,-8e-05
1730966919396,-0.26902,-8e-05,-0.26902,-8e-05,-0.26902,-8e-05,-0.26902,-8e-05
1730966919406,-0.26902,-8e-05,-0.26902,-8e-05,-0.26902,-8e-05,-0.26902,-8e-05
1730966919416,-0.26902,-8e-05,-0.26902,-8e-05,-0.26902,-8e-05,-0.26902,-8e-05
1730966919426,-0.26902,-8e-05,-0.26902,-8e-05,-0.26902,-8e-05,-0.26902,-8e-05
1730966919436,-0.26902,-8e-05,-0.26902,-8e-05,-0.26902,-8e-05,-0.26902,-8e-05
1730966919446,-0.26902,-8e-05,-0.26903,-8e-05,-0.26903,-8e-05,-0.26902,-8e-05
1730966919456,-0.26903,-8e-05,-0.26903,-8e-05,-0.26903,-8e-05,-0.26903,-8e-05
1730966919466,-0.26903,-8e-05,-0.26903,-8e-05,-0.26903,-8e-05,-0.26903,-8e-05
1730966919476,-0.26903,-8e-05,-0.26903,-8e-05,-0.26903,-8e-05,-0.26903,-8e-05
1730966919486,-0.26903,-8e-05,-0.26903,-8e-05,-0.26903,-8e-05,-0.26903,-8e-05
1730966919496,-0.26903,-8e-05,-0.26903,-8e-05,-0.26903,-8e-05,-0.26903,-8e-05
1730966919506,-0.26903,-8e-05,-0.26903,-8e-05,-0.26903,-8e-05,-0.26903,-8e-05
1730966919516,-0.26903,-8e-05,-0.26903,-8e-05,-0.26903,-8e-05,-0.26903,-8e-05
1730966919526,-0.26903,-8e-05,-0.26903,-8e-05,-0.26903,-8e-05,-0.26903,-8e-05
1730966919536,-0.26903,-8e-05,-0.26903,-8e-05,-0.26903,-8e-05,-0.26903,-8e-05
1730966919546,-0.26903,-8e-05,-0.26903,-8e-05,-0.26903,-8e-05,-0.26903,-8e-05
1730966919556,-0.26903,-8e-05,-0.26903,-8e-05,-0.26903,-8e-05,-0.26903,-8e-05
1730966919566,-0.26903,-8e-05,-0.26903,-8e-05,-0.26903,-8e-05,-0.26903,-8e-05
1730966919576,-0.26903,-8e-05,-0.26903,-8e-05,-0.26903,-8e-05,-0.26903,-8e-05
1730966919586,-0.26903,-8e-05,-0.26903,-8e-05,-0.26903,-8e-05,-0.26903,-8e-05
1730966919596,-0.26903,-8e-05,-0.26903,-8e-05,-0.26903,-8e-05,-0.26903,-8e-05
1730966919606,-0.26903,-8e-05,-0.26903,-8e-05,-0.26903,-8e-05,-0.26903,-8e-05
1730966919616,-0.26903,-8e-05,-0.26903,-8e-05,-0.26903,-8e-05,-0.26903,-8e-05
1730966919626,-0.26903,-8e-05,-0.26903,-8e-05,-0.26903,-8e-05,-0.26903,-8e-05
